,index,resourceId,rating,fromUserId_y,categoryId,ReviewViewCount
0,0,604cf485c4e5fa0b7f7799386,8.501342955326663,5fdf6bbcfe08e8c0191a7805,602cbab678d3fda29f330611,109
1,109,604cf485c4e5fa0b7f7799387,1.5360153714154636,5fdf6bbcfe08e8c0191a7805,602cbafd78d3fda29f330615,102
2,211,604cf485c4e5fa0b7f7799388,1.621811037583551,5fdf6bbcfe08e8c0191a7805,602cbaca78d3fda29f330612,103
3,314,604cf485c4e5fa0b7f7799389,5.493181935589124,5fdf6bbcfe08e8c0191a7805,602cba1878d3fda29f33060a,118
4,432,604cf485c4e5fa0b7f7799390,2.309192096882449,5fdf6bbcfe08e8c0191a7805,602cba5378d3fda29f33060c,107
5,539,604cf485c4e5fa0b7f7799391,7.388070474160088,5fdf6bbcfe08e8c0191a7805,602cbad778d3fda29f330613,123
6,662,604cf485c4e5fa0b7f7799392,4.558945266618387,5fdf6bbcfe08e8c0191a7805,602cba3778d3fda29f33060b,91
7,753,604cf485c4e5fa0b7f7799393,4.649190822417191,5fdf6bbcfe08e8c0191a7805,602cbb1678d3fda29f330616,123
8,876,604cf485c4e5fa0b7f7799394,7.585455301221361,5fdf6bbcfe08e8c0191a7805,602cba3778d3fda29f33060b,123
9,999,604cf485c4e5fa0b7f7799395,1.7166784871615195,5fdf6bbcfe08e8c0191a7805,605dcb9626e482412f150f38,120
10,1119,604cf485c4e5fa0b7f7799396,8.70124382922496,5fdf6bbcfe08e8c0191a7805,602cbafd78d3fda29f330615,110
11,1229,604cf485c4e5fa0b7f7799397,8.797455657257348,5fdf6bbcfe08e8c0191a7805,602cbab678d3fda29f330611,100
12,1329,604cf485c4e5fa0b7f7799398,3.3954983185423178,5fdf6bbcfe08e8c0191a7805,602cb9e778d3fda29f330608,108
13,1437,604cf485c4e5fa0b7f7799399,6.7912133381524775,5fdf6bbcfe08e8c0191a7805,602cbb1678d3fda29f330616,114
14,1551,604cf485c4e5fa0b7f7799400,3.4228778866749083,5fdf6bbcfe08e8c0191a7805,602cbb5778d3fda29f330619,92
15,1643,604cf485c4e5fa0b7f7799401,9.43965559550928,5fdf6bbcfe08e8c0191a7805,602cbae778d3fda29f330614,121
16,1764,604cf485c4e5fa0b7f7799402,6.622833603329653,5fdf6bbcfe08e8c0191a7805,602cbb7278d3fda29f33061a,109
17,1873,604cf485c4e5fa0b7f7799403,5.049632633643747,5fdf6bbcfe08e8c0191a7805,602cb8bf78d3fda29f330607,91
18,1964,604cf485c4e5fa0b7f7799404,7.088083354773684,5fdf6bbcfe08e8c0191a7805,602cba3778d3fda29f33060b,131
19,2095,604cf485c4e5fa0b7f7799405,3.2263423711867976,5fdf6bbcfe08e8c0191a7805,602cbb2c78d3fda29f330617,128
20,2223,604cf485c4e5fa0b7f7799406,9.148346576005526,5fdf6bbcfe08e8c0191a7805,602cba3778d3fda29f33060b,120
21,2343,604cf485c4e5fa0b7f7799407,1.1146068778964997,5fdf6bbcfe08e8c0191a7805,602cbafd78d3fda29f330615,131
22,2474,604cf485c4e5fa0b7f7799408,3.9099497552602704,5fdf6bbcfe08e8c0191a7805,602cba5378d3fda29f33060c,110
23,2584,604cf485c4e5fa0b7f7799409,6.250294582315816,5fdf6bbcfe08e8c0191a7805,602cbad778d3fda29f330613,117
24,2701,604cf485c4e5fa0b7f7799410,2.7195631012659542,5fdf6bbcfe08e8c0191a7805,602cbafd78d3fda29f330615,119
25,2820,604cf485c4e5fa0b7f7799411,4.516262643967219,5fdf6bbcfe08e8c0191a7805,602cc37178d3fda29f33061b,104
26,2924,604cf485c4e5fa0b7f7799412,5.707759420971228,5fdf6bbcfe08e8c0191a7805,602cb70978d3fda29f330606,105
27,3029,604cf485c4e5fa0b7f7799413,8.702628270170166,5fdf6bbcfe08e8c0191a7805,602cb9e778d3fda29f330608,121
28,3150,604cf485c4e5fa0b7f7799414,1.5242502671445788,5fdf6bbcfe08e8c0191a7805,602cba5378d3fda29f33060c,121
29,3271,604cf485c4e5fa0b7f7799415,4.270718942758771,5fdf6bbcfe08e8c0191a7805,6045a067ea9fe1b149832163,118
30,3389,604cf485c4e5fa0b7f7799416,1.3640708789589466,5fdf6bbcfe08e8c0191a7805,602cba7678d3fda29f33060e,110
31,3499,604cf485c4e5fa0b7f7799417,8.10857707722796,5fdf6bbcfe08e8c0191a7805,602cbab678d3fda29f330611,124
32,3623,604cf485c4e5fa0b7f7799418,9.309728503425777,5fdf6bbcfe08e8c0191a7805,602cbb1678d3fda29f330616,97
33,3720,604cf485c4e5fa0b7f7799419,5.603742242795418,5fdf6bbcfe08e8c0191a7805,602cbb4878d3fda29f330618,108
34,3828,604cf485c4e5fa0b7f7799420,1.0152957724861364,5fdf6bbcfe08e8c0191a7805,602cb8bf78d3fda29f330607,110
35,3938,604cf485c4e5fa0b7f7799421,1.1923180973773775,5fdf6bbcfe08e8c0191a7805,602cba3778d3fda29f33060b,118
36,4056,604cf485c4e5fa0b7f7799422,2.9374363702243036,5fdf6bbcfe08e8c0191a7805,602cbaca78d3fda29f330612,122
37,4178,604cf485c4e5fa0b7f7799423,2.9308525419382763,5fdf6bbcfe08e8c0191a7805,602cbae778d3fda29f330614,109
38,4287,604cf485c4e5fa0b7f7799424,2.6053469235012687,5fdf6bbcfe08e8c0191a7805,602cba1878d3fda29f33060a,104
39,4391,604cf485c4e5fa0b7f7799425,4.814030984728276,5fdf6bbcfe08e8c0191a7805,605dcb9626e482412f150f38,96
40,4487,604cf485c4e5fa0b7f7799426,2.676788496762842,5fdf6bbcfe08e8c0191a7805,602cba8f78d3fda29f33060f,100
41,4587,604cf485c4e5fa0b7f7799427,8.861587578022913,5fdf6bbcfe08e8c0191a7805,6045a067ea9fe1b149832163,117
42,4704,604cf485c4e5fa0b7f7799428,9.883436480590747,5fdf6bbcfe08e8c0191a7805,602cbab678d3fda29f330611,111
43,4815,604cf485c4e5fa0b7f7799429,7.866091750577033,5fdf6bbcfe08e8c0191a7805,602cb70978d3fda29f330606,116
44,4931,604cf485c4e5fa0b7f7799430,2.845948656719549,5fdf6bbcfe08e8c0191a7805,602cba3778d3fda29f33060b,121
45,5052,604cf485c4e5fa0b7f7799431,2.406868916066497,5fdf6bbcfe08e8c0191a7805,602cba1878d3fda29f33060a,108
46,5160,604cf485c4e5fa0b7f7799432,9.923433212319244,5fdf6bbcfe08e8c0191a7805,602cba5378d3fda29f33060c,128
47,5288,604cf485c4e5fa0b7f7799433,9.19520205027542,5fdf6bbcfe08e8c0191a7805,6045a067ea9fe1b149832163,98
48,5386,604cf485c4e5fa0b7f7799434,5.714356154300797,5fdf6bbcfe08e8c0191a7805,605dcb9626e482412f150f38,138
49,5524,604cf485c4e5fa0b7f7799435,5.348810685987821,5fdf6bbcfe08e8c0191a7805,602cbaa578d3fda29f330610,94
50,5618,604cf485c4e5fa0b7f7799436,6.1153969330107705,5fdf6bbcfe08e8c0191a7805,602cba7678d3fda29f33060e,99
51,5717,604cf485c4e5fa0b7f7799437,5.617922201595825,5fdf6bbcfe08e8c0191a7805,602cba8f78d3fda29f33060f,101
52,5818,604cf485c4e5fa0b7f7799438,7.556682830950384,5fdf6bbcfe08e8c0191a7805,602cc37178d3fda29f33061b,112
53,5930,604cf485c4e5fa0b7f7799439,5.369192266463793,5fdf6bbcfe08e8c0191a7805,602cba6178d3fda29f33060d,100
54,6030,604cf485c4e5fa0b7f7799440,5.820368736774682,5fdf6bbcfe08e8c0191a7805,602cbaa578d3fda29f330610,107
55,6137,604cf485c4e5fa0b7f7799441,1.741987541036566,5fdf6bbcfe08e8c0191a7805,602cbaca78d3fda29f330612,123
56,6260,604cf485c4e5fa0b7f7799442,3.5561871865464036,5fdf6bbcfe08e8c0191a7805,602cb70978d3fda29f330606,135
57,6395,604cf485c4e5fa0b7f7799443,6.918217944480285,5fdf6bbcfe08e8c0191a7805,602cc37178d3fda29f33061b,109
58,6504,604cf485c4e5fa0b7f7799444,7.3797604070438965,5fdf6bbcfe08e8c0191a7805,602cbab678d3fda29f330611,109
59,6613,604cf485c4e5fa0b7f7799445,7.079250330856413,5fdf6bbcfe08e8c0191a7805,602cbb4878d3fda29f330618,130
60,6743,604cf485c4e5fa0b7f7799446,9.179650969902758,5fdf6bbcfe08e8c0191a7805,602cbaa578d3fda29f330610,96
61,6839,604cf485c4e5fa0b7f7799447,2.187301149242153,5fdf6bbcfe08e8c0191a7805,602cb8bf78d3fda29f330607,108
62,6947,604cf485c4e5fa0b7f7799448,4.504383536060752,5fdf6bbcfe08e8c0191a7805,602cba5378d3fda29f33060c,120
63,7067,604cf485c4e5fa0b7f7799449,6.268533041598389,5fdf6bbcfe08e8c0191a7805,602cbafd78d3fda29f330615,102
64,7169,604cf485c4e5fa0b7f7799450,9.512350676533773,5fdf6bbcfe08e8c0191a7805,602cbb4878d3fda29f330618,123
65,7292,604cf485c4e5fa0b7f7799451,7.107078655839974,5fdf6bbcfe08e8c0191a7805,602cbab678d3fda29f330611,97
66,7389,604cf485c4e5fa0b7f7799452,7.847115666871375,5fdf6bbcfe08e8c0191a7805,6045a067ea9fe1b149832163,125
67,7514,604cf485c4e5fa0b7f7799453,3.005128400643548,5fdf6bbcfe08e8c0191a7805,602cba6178d3fda29f33060d,99
68,7613,604cf485c4e5fa0b7f7799454,7.699102749139109,5fdf6bbcfe08e8c0191a7805,6040f7b1ea9fe1b149832104,110
69,7723,604cf485c4e5fa0b7f7799455,6.758538428189888,5fdf6bbcfe08e8c0191a7805,602cc37178d3fda29f33061b,100
70,7823,604cf485c4e5fa0b7f7799456,8.427790856482456,5fdf6bbcfe08e8c0191a7805,602cba8f78d3fda29f33060f,109
71,7932,604cf485c4e5fa0b7f7799457,9.073014124073296,5fdf6bbcfe08e8c0191a7805,602cb9f578d3fda29f330609,109
72,8041,604cf485c4e5fa0b7f7799458,3.946682111539829,5fdf6bbcfe08e8c0191a7805,602cbb5778d3fda29f330619,112
73,8153,604cf485c4e5fa0b7f7799459,5.599485955462823,5fdf6bbcfe08e8c0191a7805,602cbb1678d3fda29f330616,102
74,8255,604cf485c4e5fa0b7f7799460,6.2562000646698355,5fdf6bbcfe08e8c0191a7805,602cbb1678d3fda29f330616,116
75,8371,604cf485c4e5fa0b7f7799461,6.51971572326023,5fdf6bbcfe08e8c0191a7805,602cbb4878d3fda29f330618,142
76,8513,604cf485c4e5fa0b7f7799462,3.499887881130748,5fdf6bbcfe08e8c0191a7805,602cba5378d3fda29f33060c,90
77,8603,604cf485c4e5fa0b7f7799463,2.6133017138424783,5fdf6bbcfe08e8c0191a7805,602cb9f578d3fda29f330609,112
78,8715,604cf485c4e5fa0b7f7799464,4.053100133829508,5fdf6bbcfe08e8c0191a7805,602cc37178d3fda29f33061b,114
79,8829,604cf485c4e5fa0b7f7799465,1.1456888516460202,5fdf6bbcfe08e8c0191a7805,602cbae778d3fda29f330614,124
80,8953,604cf485c4e5fa0b7f7799466,4.08560431526457,5fdf6bbcfe08e8c0191a7805,6040f7b1ea9fe1b149832104,101
81,9054,604cf485c4e5fa0b7f7799467,4.302721839364462,5fdf6bbcfe08e8c0191a7805,602cbb4878d3fda29f330618,146
82,9200,604cf485c4e5fa0b7f7799468,7.967457558502298,5fdf6bbcfe08e8c0191a7805,602cba6178d3fda29f33060d,106
83,9306,604cf485c4e5fa0b7f7799469,5.303987000598102,5fdf6bbcfe08e8c0191a7805,602cbb2c78d3fda29f330617,108
84,9414,604cf485c4e5fa0b7f7799470,7.512351994494008,5fdf6bbcfe08e8c0191a7805,6045a067ea9fe1b149832163,97
85,9511,604cf485c4e5fa0b7f7799471,6.994019880337287,5fdf6bbcfe08e8c0191a7805,602cbae778d3fda29f330614,106
86,9617,604cf485c4e5fa0b7f7799472,6.018100788751894,5fdf6bbcfe08e8c0191a7805,602cbaa578d3fda29f330610,91
87,9708,604cf485c4e5fa0b7f7799473,3.105526947760391,5fdf6bbcfe08e8c0191a7805,602cbb5778d3fda29f330619,111
88,9819,604cf485c4e5fa0b7f7799474,5.789242976765162,5fdf6bbcfe08e8c0191a7805,6045a067ea9fe1b149832163,106
89,9925,604cf485c4e5fa0b7f7799475,2.0703255611665288,5fdf6bbcfe08e8c0191a7805,602cba6178d3fda29f33060d,111
90,10036,604cf485c4e5fa0b7f7799476,6.373178305150632,5fdf6bbcfe08e8c0191a7805,602cba1878d3fda29f33060a,94
91,10130,604cf485c4e5fa0b7f7799477,9.313818046498248,5fdf6bbcfe08e8c0191a7805,602cba6178d3fda29f33060d,115
92,10245,604cf485c4e5fa0b7f7799478,1.0646331995258391,5fdf6bbcfe08e8c0191a7805,602cbb1678d3fda29f330616,117
93,10362,604cf485c4e5fa0b7f7799479,5.287473360887305,5fdf6bbcfe08e8c0191a7805,605dcb9626e482412f150f38,101
94,10463,604cf485c4e5fa0b7f7799480,2.156664035247479,5fdf6bbcfe08e8c0191a7805,6045a067ea9fe1b149832163,102
95,10565,604cf485c4e5fa0b7f7799481,2.5765665574406693,5fdf6bbcfe08e8c0191a7805,602cbb1678d3fda29f330616,124
96,10689,604cf485c4e5fa0b7f7799482,1.675248185811174,5fdf6bbcfe08e8c0191a7805,602cb9f578d3fda29f330609,116
97,10805,604cf485c4e5fa0b7f7799483,5.956172459224714,5fdf6bbcfe08e8c0191a7805,602cba6178d3fda29f33060d,111
98,10916,604cf485c4e5fa0b7f7799484,6.896164723838488,5fdf6bbcfe08e8c0191a7805,605dcb9626e482412f150f38,113
99,11029,604cf485c4e5fa0b7f7799485,7.626703833444603,5fdf6bbcfe08e8c0191a7805,602cbb5778d3fda29f330619,123
100,11152,604cf485c4e5fa0b7f7799486,7.224358627620613,5fdf6bbcfe08e8c0191a7805,602cb9e778d3fda29f330608,112
101,11264,604cf485c4e5fa0b7f7799487,1.5154684355828099,5fdf6bbcfe08e8c0191a7805,6040f7b1ea9fe1b149832104,104
102,11368,604cf485c4e5fa0b7f7799488,9.413743871178971,5fdf6bbcfe08e8c0191a7805,602cbaca78d3fda29f330612,102
103,11470,604cf485c4e5fa0b7f7799489,9.3051272163201,5fdf6bbcfe08e8c0191a7805,602cba3778d3fda29f33060b,108
104,11578,604cf485c4e5fa0b7f7799490,5.526785629511226,5fdf6bbcfe08e8c0191a7805,602cbb1678d3fda29f330616,96
105,11674,604cf485c4e5fa0b7f7799491,2.248135053450936,5fdf6bbcfe08e8c0191a7805,602cbb4878d3fda29f330618,107
106,11781,604cf485c4e5fa0b7f7799492,4.002154416085395,5fdf6bbcfe08e8c0191a7805,6045a067ea9fe1b149832163,103
107,11884,604cf485c4e5fa0b7f7799493,9.101840755014734,5fdf6bbcfe08e8c0191a7805,602cb9e778d3fda29f330608,102
108,11986,604cf485c4e5fa0b7f7799494,6.868593424188565,5fdf6bbcfe08e8c0191a7805,602cbb5778d3fda29f330619,119
109,12105,604cf485c4e5fa0b7f7799495,8.47764453120297,5fdf6bbcfe08e8c0191a7805,602cbb7278d3fda29f33061a,115
110,12220,604cf485c4e5fa0b7f7799496,4.648981214344412,5fdf6bbcfe08e8c0191a7805,602cbb1678d3fda29f330616,132
111,12352,604cf485c4e5fa0b7f7799497,4.5012431130539925,5fdf6bbcfe08e8c0191a7805,602cbad778d3fda29f330613,99
112,12451,604cf485c4e5fa0b7f7799498,4.425831959301498,5fdf6bbcfe08e8c0191a7805,602cba5378d3fda29f33060c,94
113,12545,604cf485c4e5fa0b7f7799499,4.435998972417367,5fdf6bbcfe08e8c0191a7805,602cbad778d3fda29f330613,116
114,12661,604cf485c4e5fa0b7f7799500,6.201076178834016,5fdf6bbcfe08e8c0191a7805,602cbab678d3fda29f330611,104
115,12765,604cf485c4e5fa0b7f7799501,1.3179939153181606,5fdf6bbcfe08e8c0191a7805,602cb9f578d3fda29f330609,114
116,12879,604cf485c4e5fa0b7f7799502,2.342880742179853,5fdf6bbcfe08e8c0191a7805,602cbafd78d3fda29f330615,139
117,13018,604cf485c4e5fa0b7f7799503,4.239241118417012,5fdf6bbcfe08e8c0191a7805,602cbb1678d3fda29f330616,105
118,13123,604cf485c4e5fa0b7f7799504,7.7913307423453055,5fdf6bbcfe08e8c0191a7805,602cbb7278d3fda29f33061a,96
119,13219,604cf485c4e5fa0b7f7799505,6.3448483500099835,5fdf6bbcfe08e8c0191a7805,6040f7b1ea9fe1b149832104,87
120,13306,604cf485c4e5fa0b7f7799506,4.024559711440723,5fdf6bbcfe08e8c0191a7805,602cbb2c78d3fda29f330617,85
121,13391,604cf485c4e5fa0b7f7799507,8.898568555952124,5fdf6bbcfe08e8c0191a7805,602cbb1678d3fda29f330616,109
122,13500,604cf485c4e5fa0b7f7799508,4.424000503596584,5fdf6bbcfe08e8c0191a7805,602cbb7278d3fda29f33061a,121
123,13621,604cf485c4e5fa0b7f7799509,3.0624887682639184,5fdf6bbcfe08e8c0191a7805,602cb9f578d3fda29f330609,126
124,13747,604cf485c4e5fa0b7f7799510,1.3329962371650446,5fdf6bbcfe08e8c0191a7805,6045a067ea9fe1b149832163,114
125,13861,604cf485c4e5fa0b7f7799511,3.917601725038657,5fdf6bbcfe08e8c0191a7805,605dcb9626e482412f150f38,110
126,13971,604cf485c4e5fa0b7f7799512,5.380168304672619,5fdf6bbcfe08e8c0191a7805,602cbafd78d3fda29f330615,89
127,14060,604cf485c4e5fa0b7f7799513,6.426257780159437,5fdf6bbcfe08e8c0191a7805,602cba1878d3fda29f33060a,116
128,14176,604cf485c4e5fa0b7f7799514,9.741534336269536,5fdf6bbcfe08e8c0191a7805,602cc37178d3fda29f33061b,97
129,14273,604cf485c4e5fa0b7f7799515,5.78836360470997,5fdf6bbcfe08e8c0191a7805,602cbb7278d3fda29f33061a,120
130,14393,604cf485c4e5fa0b7f7799516,1.178355134995626,5fdf6bbcfe08e8c0191a7805,602cbb2c78d3fda29f330617,116
131,14509,604cf485c4e5fa0b7f7799517,5.2770231099656915,5fdf6bbcfe08e8c0191a7805,602cb8bf78d3fda29f330607,111
132,14620,604cf485c4e5fa0b7f7799518,1.4124622277274008,5fdf6bbcfe08e8c0191a7805,602cbb7278d3fda29f33061a,91
133,14711,604cf485c4e5fa0b7f7799519,1.992928389142181,5fdf6bbcfe08e8c0191a7805,602cb9f578d3fda29f330609,106
134,14817,604cf485c4e5fa0b7f7799520,9.305384496227711,5fdf6bbcfe08e8c0191a7805,602cb9e778d3fda29f330608,110
135,14927,604cf485c4e5fa0b7f7799521,9.478663142673755,5fdf6bbcfe08e8c0191a7805,605dcb9626e482412f150f38,123
136,15050,604cf485c4e5fa0b7f7799522,2.4026191970151354,5fdf6bbcfe08e8c0191a7805,602cba3778d3fda29f33060b,121
137,15171,604cf485c4e5fa0b7f7799523,5.839260066419606,5fdf6bbcfe08e8c0191a7805,602cba6178d3fda29f33060d,118
138,15289,604cf485c4e5fa0b7f7799524,1.273270081366706,5fdf6bbcfe08e8c0191a7805,602cc37178d3fda29f33061b,119
139,15408,604cf485c4e5fa0b7f7799525,9.088787022042466,5fdf6bbcfe08e8c0191a7805,602cc37178d3fda29f33061b,113
140,15521,604cf485c4e5fa0b7f7799526,2.949039596306643,5fdf6bbcfe08e8c0191a7805,605dcb9626e482412f150f38,108
141,15629,604cf485c4e5fa0b7f7799527,6.479811309282473,5fdf6bbcfe08e8c0191a7805,602cbb7278d3fda29f33061a,115
142,15744,604cf485c4e5fa0b7f7799528,9.32983583467994,5fdf6bbcfe08e8c0191a7805,602cbae778d3fda29f330614,128
143,15872,604cf485c4e5fa0b7f7799529,1.0292709763788666,5fdf6bbcfe08e8c0191a7805,6045a067ea9fe1b149832163,116
144,15988,604cf485c4e5fa0b7f7799530,9.298562455630655,5fdf6bbcfe08e8c0191a7805,602cb9e778d3fda29f330608,104
145,16092,604cf485c4e5fa0b7f7799531,2.962962130762705,5fdf6bbcfe08e8c0191a7805,602cba6178d3fda29f33060d,102
146,16194,604cf485c4e5fa0b7f7799532,9.702744418038113,5fdf6bbcfe08e8c0191a7805,602cbad778d3fda29f330613,106
147,16300,604cf485c4e5fa0b7f7799533,3.703036334368723,5fdf6bbcfe08e8c0191a7805,602cba5378d3fda29f33060c,120
148,16420,604cf485c4e5fa0b7f7799534,2.7908216425086816,5fdf6bbcfe08e8c0191a7805,602cba7678d3fda29f33060e,124
149,16544,604cf485c4e5fa0b7f7799535,9.417142502158262,5fdf6bbcfe08e8c0191a7805,602cbb5778d3fda29f330619,107
150,16651,604cf485c4e5fa0b7f7799536,2.0968945905548297,5fdf6bbcfe08e8c0191a7805,602cb9e778d3fda29f330608,107
151,16758,604cf485c4e5fa0b7f7799537,9.004205501146421,5fdf6bbcfe08e8c0191a7805,602cbb4878d3fda29f330618,103
152,16861,604cf485c4e5fa0b7f7799538,2.8442047628089635,5fdf6bbcfe08e8c0191a7805,602cb9f578d3fda29f330609,93
153,16954,604cf485c4e5fa0b7f7799539,9.262659684507488,5fdf6bbcfe08e8c0191a7805,602cba3778d3fda29f33060b,102
154,17056,604cf485c4e5fa0b7f7799540,6.625818066384496,5fdf6bbcfe08e8c0191a7805,602cbafd78d3fda29f330615,113
155,17169,604cf485c4e5fa0b7f7799541,8.598738813701113,5fdf6bbcfe08e8c0191a7805,602cba7678d3fda29f33060e,124
156,17293,604cf485c4e5fa0b7f7799542,5.821209299031311,5fdf6bbcfe08e8c0191a7805,602cbb7278d3fda29f33061a,106
157,17399,604cf485c4e5fa0b7f7799543,8.693274066376087,5fdf6bbcfe08e8c0191a7805,602cbb1678d3fda29f330616,112
158,17511,604cf485c4e5fa0b7f7799544,1.3034666276348306,5fdf6bbcfe08e8c0191a7805,602cba1878d3fda29f33060a,109
159,17620,604cf485c4e5fa0b7f7799545,2.465063508501267,5fdf6bbcfe08e8c0191a7805,602cbb2c78d3fda29f330617,114
160,17734,604cf485c4e5fa0b7f7799546,4.656357698251009,5fdf6bbcfe08e8c0191a7805,602cbad778d3fda29f330613,130
161,17864,604cf485c4e5fa0b7f7799547,2.207576010057793,5fdf6bbcfe08e8c0191a7805,602cc37178d3fda29f33061b,116
162,17980,604cf485c4e5fa0b7f7799548,8.375481229505088,5fdf6bbcfe08e8c0191a7805,602cba1878d3fda29f33060a,105
163,18085,604cf485c4e5fa0b7f7799549,9.879830398389943,5fdf6bbcfe08e8c0191a7805,602cbaa578d3fda29f330610,116
164,18201,604cf485c4e5fa0b7f7799550,1.5392379493806843,5fdf6bbcfe08e8c0191a7805,602cba7678d3fda29f33060e,103
165,18304,604cf485c4e5fa0b7f7799551,6.99481266883998,5fdf6bbcfe08e8c0191a7805,602cb8bf78d3fda29f330607,99
166,18403,604cf485c4e5fa0b7f7799552,5.3073234939260745,5fdf6bbcfe08e8c0191a7805,602cbaca78d3fda29f330612,109
167,18512,604cf485c4e5fa0b7f7799553,4.31512980001859,5fdf6bbcfe08e8c0191a7805,602cbaca78d3fda29f330612,109
168,18621,604cf485c4e5fa0b7f7799554,2.8606015696929266,5fdf6bbcfe08e8c0191a7805,6045a067ea9fe1b149832163,131
169,18752,604cf485c4e5fa0b7f7799555,1.5442256892417598,5fdf6bbcfe08e8c0191a7805,602cba7678d3fda29f33060e,133
170,18885,604cf485c4e5fa0b7f7799556,6.081245657964181,5fdf6bbcfe08e8c0191a7805,602cbb7278d3fda29f33061a,114
171,18999,604cf485c4e5fa0b7f7799557,7.303056499247267,5fdf6bbcfe08e8c0191a7805,602cc37178d3fda29f33061b,103
172,19102,604cf485c4e5fa0b7f7799558,5.38166752376353,5fdf6bbcfe08e8c0191a7805,602cbaa578d3fda29f330610,103
173,19205,604cf485c4e5fa0b7f7799559,4.6010720565664665,5fdf6bbcfe08e8c0191a7805,602cba5378d3fda29f33060c,121
174,19326,604cf485c4e5fa0b7f7799560,4.862990338674905,5fdf6bbcfe08e8c0191a7805,602cbb2c78d3fda29f330617,130
175,19456,604cf485c4e5fa0b7f7799561,6.497793750576233,5fdf6bbcfe08e8c0191a7805,602cbb1678d3fda29f330616,116
176,19572,604cf485c4e5fa0b7f7799562,8.994337072703345,5fdf6bbcfe08e8c0191a7805,602cb70978d3fda29f330606,102
177,19674,604cf485c4e5fa0b7f7799563,4.5922909394148546,5fdf6bbcfe08e8c0191a7805,602cb8bf78d3fda29f330607,113
178,19787,604cf485c4e5fa0b7f7799564,5.303732218455816,5fdf6bbcfe08e8c0191a7805,602cc37178d3fda29f33061b,124
179,19911,604cf485c4e5fa0b7f7799565,4.325356192372575,5fdf6bbcfe08e8c0191a7805,602cba8f78d3fda29f33060f,138
180,20049,604cf485c4e5fa0b7f7799566,6.4612091004855285,5fdf6bbcfe08e8c0191a7805,602cbb1678d3fda29f330616,127
181,20176,604cf485c4e5fa0b7f7799567,5.264334327219345,5fdf6bbcfe08e8c0191a7805,602cbafd78d3fda29f330615,117
182,20293,604cf485c4e5fa0b7f7799568,9.429531723239865,5fdf6bbcfe08e8c0191a7805,602cba6178d3fda29f33060d,109
183,20402,604cf485c4e5fa0b7f7799569,8.600454467356384,5fdf6bbcfe08e8c0191a7805,605dcb9626e482412f150f38,120
184,20522,604cf485c4e5fa0b7f7799570,4.6985348054564895,5fdf6bbcfe08e8c0191a7805,6045a067ea9fe1b149832163,102
185,20624,604cf485c4e5fa0b7f7799571,7.937260476398194,5fdf6bbcfe08e8c0191a7805,602cbb2c78d3fda29f330617,111
186,20735,604cf485c4e5fa0b7f7799572,5.9983920468055185,5fdf6bbcfe08e8c0191a7805,602cbad778d3fda29f330613,92
187,20827,604cf485c4e5fa0b7f7799573,5.749758754851318,5fdf6bbcfe08e8c0191a7805,602cbaca78d3fda29f330612,111
188,20938,604cf485c4e5fa0b7f7799574,5.761180032921575,5fdf6bbcfe08e8c0191a7805,602cbb2c78d3fda29f330617,115
189,21053,604cf485c4e5fa0b7f7799575,7.6486136956238076,5fdf6bbcfe08e8c0191a7805,602cba7678d3fda29f33060e,116
190,21169,604cf485c4e5fa0b7f7799576,7.938955584573041,5fdf6bbcfe08e8c0191a7805,6045a067ea9fe1b149832163,113
191,21282,604cf485c4e5fa0b7f7799577,5.405409439245929,5fdf6bbcfe08e8c0191a7805,602cba6178d3fda29f33060d,116
192,21398,604cf485c4e5fa0b7f7799578,7.341587555856892,5fdf6bbcfe08e8c0191a7805,602cb70978d3fda29f330606,96
193,21494,604cf485c4e5fa0b7f7799579,5.066797803620602,5fdf6bbcfe08e8c0191a7805,602cbafd78d3fda29f330615,115
194,21609,604cf485c4e5fa0b7f7799580,1.4968922412825143,5fdf6bbcfe08e8c0191a7805,6040f7b1ea9fe1b149832104,107
195,21716,604cf485c4e5fa0b7f7799581,7.120632364829035,5fdf6bbcfe08e8c0191a7805,602cbab678d3fda29f330611,121
196,21837,604cf485c4e5fa0b7f7799582,3.2811060700312535,5fdf6bbcfe08e8c0191a7805,605dcb9626e482412f150f38,114
197,21951,604cf485c4e5fa0b7f7799583,6.822288722309562,5fdf6bbcfe08e8c0191a7805,602cba3778d3fda29f33060b,114
198,22065,604cf485c4e5fa0b7f7799584,8.218891087978108,5fdf6bbcfe08e8c0191a7805,6040f7b1ea9fe1b149832104,109
199,22174,604cf485c4e5fa0b7f7799585,8.178183372205462,5fdf6bbcfe08e8c0191a7805,602cba3778d3fda29f33060b,123
200,22297,604cf485c4e5fa0b7f7799586,4.8309433618375195,5fdf6bbcfe08e8c0191a7805,602cbab678d3fda29f330611,115
201,22412,604cf485c4e5fa0b7f7799587,8.783161940124767,5fdf6bbcfe08e8c0191a7805,6045a067ea9fe1b149832163,112
202,22524,604cf485c4e5fa0b7f7799588,8.766612961843158,5fdf6bbcfe08e8c0191a7805,602cbad778d3fda29f330613,128
203,22652,604cf485c4e5fa0b7f7799589,1.803873646090588,5fdf6bbcfe08e8c0191a7805,602cbad778d3fda29f330613,112
204,22764,604cf485c4e5fa0b7f7799590,3.464577372305549,5fdf6bbcfe08e8c0191a7805,602cbb4878d3fda29f330618,92
205,22856,604cf485c4e5fa0b7f7799591,7.44123851937159,5fdf6bbcfe08e8c0191a7805,602cbad778d3fda29f330613,122
206,22978,604cf485c4e5fa0b7f7799592,6.859141148958523,5fdf6bbcfe08e8c0191a7805,602cbafd78d3fda29f330615,85
207,23063,604cf485c4e5fa0b7f7799593,6.708808480492939,5fdf6bbcfe08e8c0191a7805,602cbb7278d3fda29f33061a,95
208,23158,604cf485c4e5fa0b7f7799594,7.965301902459132,5fdf6bbcfe08e8c0191a7805,602cbb1678d3fda29f330616,129
209,23287,604cf485c4e5fa0b7f7799595,4.207318978747901,5fdf6bbcfe08e8c0191a7805,605dcb9626e482412f150f38,109
210,23396,604cf485c4e5fa0b7f7799596,1.9718557738405436,5fdf6bbcfe08e8c0191a7805,602cb9f578d3fda29f330609,99
211,23495,604cf485c4e5fa0b7f7799597,1.8381617136884945,5fdf6bbcfe08e8c0191a7805,602cbab678d3fda29f330611,94
212,23589,604cf485c4e5fa0b7f7799598,4.696374925906228,5fdf6bbcfe08e8c0191a7805,6040f7b1ea9fe1b149832104,118
213,23707,604cf485c4e5fa0b7f7799599,8.946945332515739,5fdf6bbcfe08e8c0191a7805,602cbafd78d3fda29f330615,118
214,23825,604cf485c4e5fa0b7f7799600,5.128978575064225,5fdf6bbcfe08e8c0191a7805,6040f7b1ea9fe1b149832104,100
215,23925,604cf485c4e5fa0b7f7799601,5.5637993715693685,5fdf6bbcfe08e8c0191a7805,602cba6178d3fda29f33060d,114
216,24039,604cf485c4e5fa0b7f7799602,4.3089535425384735,5fdf6bbcfe08e8c0191a7805,602cbaca78d3fda29f330612,110
217,24149,604cf485c4e5fa0b7f7799603,4.5807153917728805,5fdf6bbcfe08e8c0191a7805,602cbb1678d3fda29f330616,117
218,24266,604cf485c4e5fa0b7f7799604,2.129285172828138,5fdf6bbcfe08e8c0191a7805,602cba6178d3fda29f33060d,132
219,24398,604cf485c4e5fa0b7f7799605,6.066273768192216,5fdf6bbcfe08e8c0191a7805,605dcb9626e482412f150f38,107
220,24505,604cf485c4e5fa0b7f7799606,6.908871474404702,5fdf6bbcfe08e8c0191a7805,605dcb9626e482412f150f38,119
221,24624,604cf485c4e5fa0b7f7799607,9.854512039391631,5fdf6bbcfe08e8c0191a7805,602cb70978d3fda29f330606,110
222,24734,604cf485c4e5fa0b7f7799608,7.0746677478407385,5fdf6bbcfe08e8c0191a7805,602cbaca78d3fda29f330612,106
223,24840,604cf485c4e5fa0b7f7799609,9.172787820371816,5fdf6bbcfe08e8c0191a7805,602cbad778d3fda29f330613,103
224,24943,604cf485c4e5fa0b7f7799610,3.205042652065327,5fdf6bbcfe08e8c0191a7805,602cbafd78d3fda29f330615,110
225,25053,604cf485c4e5fa0b7f7799611,7.326600306868747,5fdf6bbcfe08e8c0191a7805,6045a067ea9fe1b149832163,119
226,25172,604cf485c4e5fa0b7f7799612,9.6939312029008,5fdf6bbcfe08e8c0191a7805,602cbaca78d3fda29f330612,95
227,25267,604cf485c4e5fa0b7f7799613,8.569467155456211,5fdf6bbcfe08e8c0191a7805,602cba5378d3fda29f33060c,114
228,25381,604cf485c4e5fa0b7f7799614,3.8593600106272463,5fdf6bbcfe08e8c0191a7805,602cc37178d3fda29f33061b,120
229,25501,604cf485c4e5fa0b7f7799615,5.821489161738569,5fdf6bbcfe08e8c0191a7805,602cb8bf78d3fda29f330607,113
230,25614,604cf485c4e5fa0b7f7799616,4.384842183930732,5fdf6bbcfe08e8c0191a7805,602cb70978d3fda29f330606,109
231,25723,604cf485c4e5fa0b7f7799617,8.036115309029814,5fdf6bbcfe08e8c0191a7805,602cba8f78d3fda29f33060f,114
232,25837,604cf485c4e5fa0b7f7799618,5.8871808781874915,5fdf6bbcfe08e8c0191a7805,602cbb4878d3fda29f330618,113
233,25950,604cf485c4e5fa0b7f7799619,6.271679622103296,5fdf6bbcfe08e8c0191a7805,602cbaa578d3fda29f330610,98
234,26048,604cf485c4e5fa0b7f7799620,4.832559423009615,5fdf6bbcfe08e8c0191a7805,602cbb2c78d3fda29f330617,122
235,26170,604cf485c4e5fa0b7f7799621,1.2269050340347427,5fdf6bbcfe08e8c0191a7805,602cba1878d3fda29f33060a,122
236,26292,604cf485c4e5fa0b7f7799622,1.7564952489777843,5fdf6bbcfe08e8c0191a7805,602cbb1678d3fda29f330616,118
237,26410,604cf485c4e5fa0b7f7799623,7.7055535434069355,5fdf6bbcfe08e8c0191a7805,602cbb4878d3fda29f330618,132
238,26542,604cf485c4e5fa0b7f7799624,9.595575524466057,5fdf6bbcfe08e8c0191a7805,602cba7678d3fda29f33060e,111
239,26653,604cf485c4e5fa0b7f7799625,3.204928624799263,5fdf6bbcfe08e8c0191a7805,602cbb1678d3fda29f330616,107
240,26760,604cf485c4e5fa0b7f7799626,2.4363366573124683,5fdf6bbcfe08e8c0191a7805,602cbab678d3fda29f330611,117
241,26877,604cf485c4e5fa0b7f7799627,7.093808669426409,5fdf6bbcfe08e8c0191a7805,602cba5378d3fda29f33060c,126
242,27003,604cf485c4e5fa0b7f7799628,9.646146018968306,5fdf6bbcfe08e8c0191a7805,602cbafd78d3fda29f330615,112
243,27115,604cf485c4e5fa0b7f7799629,8.621784071584834,5fdf6bbcfe08e8c0191a7805,602cbaca78d3fda29f330612,118
244,27233,604cf485c4e5fa0b7f7799630,9.252450692957533,5fdf6bbcfe08e8c0191a7805,6040f7b1ea9fe1b149832104,96
245,27329,604cf485c4e5fa0b7f7799631,9.560411150215128,5fdf6bbcfe08e8c0191a7805,602cc37178d3fda29f33061b,107
246,27436,604cf485c4e5fa0b7f7799632,3.3207713938871537,5fdf6bbcfe08e8c0191a7805,602cb9e778d3fda29f330608,107
247,27543,604cf485c4e5fa0b7f7799633,3.364512931302031,5fdf6bbcfe08e8c0191a7805,602cb9e778d3fda29f330608,118
248,27661,604cf485c4e5fa0b7f7799634,6.9814165332810685,5fdf6bbcfe08e8c0191a7805,602cb9f578d3fda29f330609,110
249,27771,604cf485c4e5fa0b7f7799635,1.389400825041823,5fdf6bbcfe08e8c0191a7805,602cbad778d3fda29f330613,106
250,27877,604cf485c4e5fa0b7f7799636,2.843611646777628,5fdf6bbcfe08e8c0191a7805,602cbae778d3fda29f330614,99
251,27976,604cf485c4e5fa0b7f7799637,7.338011695412859,5fdf6bbcfe08e8c0191a7805,602cb9e778d3fda29f330608,96
252,28072,604cf485c4e5fa0b7f7799638,6.404843444628032,5fdf6bbcfe08e8c0191a7805,602cba3778d3fda29f33060b,99
253,28171,604cf485c4e5fa0b7f7799639,1.9856600118201972,5fdf6bbcfe08e8c0191a7805,602cba3778d3fda29f33060b,125
254,28296,604cf485c4e5fa0b7f7799640,2.4904059677703096,5fdf6bbcfe08e8c0191a7805,602cbb1678d3fda29f330616,103
255,28399,604cf485c4e5fa0b7f7799641,5.942556079244275,5fdf6bbcfe08e8c0191a7805,602cb8bf78d3fda29f330607,94
256,28493,604cf485c4e5fa0b7f7799642,8.67717451285309,5fdf6bbcfe08e8c0191a7805,602cbb4878d3fda29f330618,109
257,28602,604cf485c4e5fa0b7f7799643,7.347514605040875,5fdf6bbcfe08e8c0191a7805,602cba5378d3fda29f33060c,103
258,28705,604cf485c4e5fa0b7f7799644,3.496370650956682,5fdf6bbcfe08e8c0191a7805,602cbae778d3fda29f330614,100
259,28805,604cf485c4e5fa0b7f7799645,7.1073972948457005,5fdf6bbcfe08e8c0191a7805,602cbb5778d3fda29f330619,91
260,28896,604cf485c4e5fa0b7f7799646,9.491286145046265,5fdf6bbcfe08e8c0191a7805,602cbae778d3fda29f330614,101
261,28997,604cf485c4e5fa0b7f7799647,7.135274134879289,5fdf6bbcfe08e8c0191a7805,602cbae778d3fda29f330614,113
262,29110,604cf485c4e5fa0b7f7799648,1.628661180644369,5fdf6bbcfe08e8c0191a7805,602cba8f78d3fda29f33060f,115
263,29225,604cf485c4e5fa0b7f7799649,3.437664139615148,5fdf6bbcfe08e8c0191a7805,602cbafd78d3fda29f330615,103
264,29328,604cf485c4e5fa0b7f7799650,9.616800800667972,5fdf6bbcfe08e8c0191a7805,602cba8f78d3fda29f33060f,109
265,29437,604cf485c4e5fa0b7f7799651,7.1410507442718165,5fdf6bbcfe08e8c0191a7805,602cbae778d3fda29f330614,107
266,29544,604cf485c4e5fa0b7f7799652,2.8601233623172426,5fdf6bbcfe08e8c0191a7805,602cba7678d3fda29f33060e,98
267,29642,604cf485c4e5fa0b7f7799653,5.554623086076521,5fdf6bbcfe08e8c0191a7805,602cb8bf78d3fda29f330607,105
268,29747,604cf485c4e5fa0b7f7799654,6.013485331203142,5fdf6bbcfe08e8c0191a7805,602cbb7278d3fda29f33061a,119
269,29866,604cf485c4e5fa0b7f7799655,1.5088044819294415,5fdf6bbcfe08e8c0191a7805,602cbad778d3fda29f330613,106
270,29972,604cf485c4e5fa0b7f7799656,7.369948899233528,5fdf6bbcfe08e8c0191a7805,602cba8f78d3fda29f33060f,132
271,30104,604cf485c4e5fa0b7f7799657,9.128233689032703,5fdf6bbcfe08e8c0191a7805,6040f7b1ea9fe1b149832104,119
272,30223,604cf485c4e5fa0b7f7799658,6.304635924723894,5fdf6bbcfe08e8c0191a7805,602cba3778d3fda29f33060b,95
273,30318,604cf485c4e5fa0b7f7799659,3.360406418825546,5fdf6bbcfe08e8c0191a7805,602cbb2c78d3fda29f330617,116
274,30434,604cf485c4e5fa0b7f7799660,3.2237609993864784,5fdf6bbcfe08e8c0191a7805,602cb9f578d3fda29f330609,125
275,30559,604cf485c4e5fa0b7f7799661,9.097195569868424,5fdf6bbcfe08e8c0191a7805,602cbad778d3fda29f330613,110
276,30669,604cf485c4e5fa0b7f7799662,5.226015519089556,5fdf6bbcfe08e8c0191a7805,6040f7b1ea9fe1b149832104,104
277,30773,604cf485c4e5fa0b7f7799663,4.34596781535478,5fdf6bbcfe08e8c0191a7805,602cb70978d3fda29f330606,118
278,30891,604cf485c4e5fa0b7f7799664,1.8041561184566568,5fdf6bbcfe08e8c0191a7805,602cb9f578d3fda29f330609,131
279,31022,604cf485c4e5fa0b7f7799665,6.792467212378088,5fdf6bbcfe08e8c0191a7805,605dcb9626e482412f150f38,112
280,31134,604cf485c4e5fa0b7f7799666,8.164388843893498,5fdf6bbcfe08e8c0191a7805,602cba3778d3fda29f33060b,93
281,31227,604cf485c4e5fa0b7f7799667,8.69676788012012,5fdf6bbcfe08e8c0191a7805,602cbb4878d3fda29f330618,118
282,31345,604cf485c4e5fa0b7f7799668,5.872363856952096,5fdf6bbcfe08e8c0191a7805,6045a067ea9fe1b149832163,113
283,31458,604cf485c4e5fa0b7f7799669,3.318137310326494,5fdf6bbcfe08e8c0191a7805,602cbafd78d3fda29f330615,116
284,31574,604cf485c4e5fa0b7f7799670,7.989639691156453,5fdf6bbcfe08e8c0191a7805,602cb9e778d3fda29f330608,131
285,31705,604cf485c4e5fa0b7f7799671,8.631420460070975,5fdf6bbcfe08e8c0191a7805,602cbb5778d3fda29f330619,108
286,31813,604cf485c4e5fa0b7f7799672,6.863796960955659,5fdf6bbcfe08e8c0191a7805,602cbb7278d3fda29f33061a,103
287,31916,604cf485c4e5fa0b7f7799673,7.9993134754485435,5fdf6bbcfe08e8c0191a7805,602cbb5778d3fda29f330619,110
288,32026,604cf485c4e5fa0b7f7799674,4.629580061201306,5fdf6bbcfe08e8c0191a7805,602cbafd78d3fda29f330615,109
289,32135,604cf485c4e5fa0b7f7799675,9.382903114978658,5fdf6bbcfe08e8c0191a7805,602cc37178d3fda29f33061b,110
290,32245,604cf485c4e5fa0b7f7799676,8.292944903262738,5fdf6bbcfe08e8c0191a7805,602cbae778d3fda29f330614,123
291,32368,604cf485c4e5fa0b7f7799677,9.79485749027214,5fdf6bbcfe08e8c0191a7805,602cbb5778d3fda29f330619,111
292,32479,604cf485c4e5fa0b7f7799678,2.602705857363933,5fdf6bbcfe08e8c0191a7805,602cbb5778d3fda29f330619,128
293,32607,604cf485c4e5fa0b7f7799679,1.211917462316407,5fdf6bbcfe08e8c0191a7805,602cba8f78d3fda29f33060f,129
294,32736,604cf485c4e5fa0b7f7799680,1.7998068743956166,5fdf6bbcfe08e8c0191a7805,602cbad778d3fda29f330613,107
295,32843,604cf485c4e5fa0b7f7799681,5.175115632155417,5fdf6bbcfe08e8c0191a7805,602cba6178d3fda29f33060d,127
296,32970,604cf485c4e5fa0b7f7799682,5.888870503559479,5fdf6bbcfe08e8c0191a7805,602cbad778d3fda29f330613,131
297,33101,604cf485c4e5fa0b7f7799683,9.054963000760607,5fdf6bbcfe08e8c0191a7805,602cbad778d3fda29f330613,123
298,33224,604cf485c4e5fa0b7f7799684,5.680846231019593,5fdf6bbcfe08e8c0191a7805,602cbb2c78d3fda29f330617,123
299,33347,604cf485c4e5fa0b7f7799685,4.812845575235174,5fdf6bbcfe08e8c0191a7805,6045a067ea9fe1b149832163,74
300,33421,604cf485c4e5fa0b7f7799686,1.282044553526502,5fdf6bbcfe08e8c0191a7805,602cba7678d3fda29f33060e,133
301,33554,604cf485c4e5fa0b7f7799687,1.3845519776060982,5fdf6bbcfe08e8c0191a7805,6045a067ea9fe1b149832163,132
302,33686,604cf485c4e5fa0b7f7799688,5.854042348071676,5fdf6bbcfe08e8c0191a7805,602cba3778d3fda29f33060b,117
303,33803,604cf485c4e5fa0b7f7799689,6.853289243351124,5fdf6bbcfe08e8c0191a7805,602cbb5778d3fda29f330619,106
304,33909,604cf485c4e5fa0b7f7799690,4.301594061287441,5fdf6bbcfe08e8c0191a7805,602cbafd78d3fda29f330615,136
305,34045,604cf485c4e5fa0b7f7799691,6.16089696293718,5fdf6bbcfe08e8c0191a7805,602cbb4878d3fda29f330618,109
306,34154,604cf485c4e5fa0b7f7799692,1.4294994100849712,5fdf6bbcfe08e8c0191a7805,602cb8bf78d3fda29f330607,123
307,34277,604cf485c4e5fa0b7f7799693,8.7756734168748,5fdf6bbcfe08e8c0191a7805,602cba8f78d3fda29f33060f,117
308,34394,604cf485c4e5fa0b7f7799694,8.214211917163908,5fdf6bbcfe08e8c0191a7805,602cba3778d3fda29f33060b,94
309,34488,604cf485c4e5fa0b7f7799695,7.357351388973368,5fdf6bbcfe08e8c0191a7805,602cbb2c78d3fda29f330617,95
310,34583,604cf485c4e5fa0b7f7799696,5.804722697641509,5fdf6bbcfe08e8c0191a7805,602cbab678d3fda29f330611,82
311,34665,604cf485c4e5fa0b7f7799697,8.938345126135035,5fdf6bbcfe08e8c0191a7805,602cba6178d3fda29f33060d,113
312,34778,604cf485c4e5fa0b7f7799698,9.968151383236252,5fdf6bbcfe08e8c0191a7805,602cbb5778d3fda29f330619,104
313,34882,604cf485c4e5fa0b7f7799699,6.639942717034471,5fdf6bbcfe08e8c0191a7805,602cbaca78d3fda29f330612,94
314,34976,604cf485c4e5fa0b7f7799700,5.924236515971262,5fdf6bbcfe08e8c0191a7805,602cbab678d3fda29f330611,110
315,35086,604cf485c4e5fa0b7f7799701,9.294780815609702,5fdf6bbcfe08e8c0191a7805,602cc37178d3fda29f33061b,123
316,35209,604cf485c4e5fa0b7f7799702,3.8153603901046202,5fdf6bbcfe08e8c0191a7805,602cbb5778d3fda29f330619,100
317,35309,604cf485c4e5fa0b7f7799703,9.957607346583956,5fdf6bbcfe08e8c0191a7805,605dcb9626e482412f150f38,111
318,35420,604cf485c4e5fa0b7f7799704,6.1156029863806065,5fdf6bbcfe08e8c0191a7805,602cba5378d3fda29f33060c,89
319,35509,604cf485c4e5fa0b7f7799705,4.50184624391872,5fdf6bbcfe08e8c0191a7805,602cba6178d3fda29f33060d,113
320,35622,604cf485c4e5fa0b7f7799706,6.849534474386726,5fdf6bbcfe08e8c0191a7805,602cbaa578d3fda29f330610,131
321,35753,604cf485c4e5fa0b7f7799707,5.274573899722551,5fdf6bbcfe08e8c0191a7805,602cbb1678d3fda29f330616,116
322,35869,604cf485c4e5fa0b7f7799708,8.591051238486488,5fdf6bbcfe08e8c0191a7805,605dcb9626e482412f150f38,99
323,35968,604cf485c4e5fa0b7f7799709,5.4553765815518265,5fdf6bbcfe08e8c0191a7805,602cb8bf78d3fda29f330607,88
324,36056,604cf485c4e5fa0b7f7799710,8.293947552494888,5fdf6bbcfe08e8c0191a7805,602cbad778d3fda29f330613,117
325,36173,604cf485c4e5fa0b7f7799711,7.551425486279083,5fdf6bbcfe08e8c0191a7805,602cba5378d3fda29f33060c,102
326,36275,604cf485c4e5fa0b7f7799712,4.363160325043609,5fdf6bbcfe08e8c0191a7805,602cbb4878d3fda29f330618,91
327,36366,604cf485c4e5fa0b7f7799713,4.620943887103854,5fdf6bbcfe08e8c0191a7805,602cb9e778d3fda29f330608,101
328,36467,604cf485c4e5fa0b7f7799714,5.441330250988646,5fdf6bbcfe08e8c0191a7805,602cbafd78d3fda29f330615,119
329,36586,604cf485c4e5fa0b7f7799715,8.424833278123565,5fdf6bbcfe08e8c0191a7805,602cbad778d3fda29f330613,132
330,36718,604cf485c4e5fa0b7f7799716,3.3088859290458625,5fdf6bbcfe08e8c0191a7805,605dcb9626e482412f150f38,118
331,36836,604cf485c4e5fa0b7f7799717,2.953447883365736,5fdf6bbcfe08e8c0191a7805,602cba1878d3fda29f33060a,115
332,36951,604cf485c4e5fa0b7f7799718,5.189886139865385,5fdf6bbcfe08e8c0191a7805,602cba7678d3fda29f33060e,114
333,37065,604cf485c4e5fa0b7f7799719,8.370235454783188,5fdf6bbcfe08e8c0191a7805,602cba1878d3fda29f33060a,116
334,37181,604cf485c4e5fa0b7f7799720,1.1539504213769507,5fdf6bbcfe08e8c0191a7805,602cbb2c78d3fda29f330617,95
335,37276,604cf485c4e5fa0b7f7799721,7.676211580131292,5fdf6bbcfe08e8c0191a7805,602cba3778d3fda29f33060b,103
336,37379,604cf485c4e5fa0b7f7799722,8.83878389218551,5fdf6bbcfe08e8c0191a7805,602cba6178d3fda29f33060d,95
337,37474,604cf485c4e5fa0b7f7799723,5.091984711870303,5fdf6bbcfe08e8c0191a7805,605dcb9626e482412f150f38,104
338,37578,604cf485c4e5fa0b7f7799724,9.320590836544634,5fdf6bbcfe08e8c0191a7805,602cbafd78d3fda29f330615,133
339,37711,604cf485c4e5fa0b7f7799725,5.605481196508568,5fdf6bbcfe08e8c0191a7805,602cbb5778d3fda29f330619,117
340,37828,604cf485c4e5fa0b7f7799726,2.395621822421491,5fdf6bbcfe08e8c0191a7805,602cbab678d3fda29f330611,128
341,37956,604cf485c4e5fa0b7f7799727,5.044519003358552,5fdf6bbcfe08e8c0191a7805,602cba7678d3fda29f33060e,125
342,38081,604cf485c4e5fa0b7f7799728,4.31190042462284,5fdf6bbcfe08e8c0191a7805,602cb9e778d3fda29f330608,98
343,38179,604cf485c4e5fa0b7f7799729,7.366228258123456,5fdf6bbcfe08e8c0191a7805,602cbb5778d3fda29f330619,96
344,38275,604cf485c4e5fa0b7f7799730,8.952211396337166,5fdf6bbcfe08e8c0191a7805,602cbb4878d3fda29f330618,108
345,38383,604cf485c4e5fa0b7f7799731,5.943449068931331,5fdf6bbcfe08e8c0191a7805,602cba8f78d3fda29f33060f,104
346,38487,604cf485c4e5fa0b7f7799732,7.848225599395098,5fdf6bbcfe08e8c0191a7805,602cb9f578d3fda29f330609,96
347,38583,604cf485c4e5fa0b7f7799733,7.486328939661701,5fdf6bbcfe08e8c0191a7805,602cba5378d3fda29f33060c,104
348,38687,604cf485c4e5fa0b7f7799734,2.5363925970648435,5fdf6bbcfe08e8c0191a7805,602cbaca78d3fda29f330612,104
349,38791,604cf485c4e5fa0b7f7799735,6.1585299535739155,5fdf6bbcfe08e8c0191a7805,6045a067ea9fe1b149832163,118
350,38909,604cf485c4e5fa0b7f7799736,8.556383476535089,5fdf6bbcfe08e8c0191a7805,602cbb1678d3fda29f330616,125
351,39034,604cf485c4e5fa0b7f7799737,9.658461422687918,5fdf6bbcfe08e8c0191a7805,602cbb4878d3fda29f330618,104
352,39138,604cf485c4e5fa0b7f7799738,8.343733952886046,5fdf6bbcfe08e8c0191a7805,602cbb1678d3fda29f330616,132
353,39270,604cf485c4e5fa0b7f7799739,7.991838879910051,5fdf6bbcfe08e8c0191a7805,602cbab678d3fda29f330611,98
354,39368,604cf485c4e5fa0b7f7799740,6.423477329172369,5fdf6bbcfe08e8c0191a7805,602cbaa578d3fda29f330610,116
355,39484,604cf485c4e5fa0b7f7799741,9.370596903931055,5fdf6bbcfe08e8c0191a7805,602cbb1678d3fda29f330616,115
356,39599,604cf485c4e5fa0b7f7799742,8.557561515564338,5fdf6bbcfe08e8c0191a7805,602cbae778d3fda29f330614,128
357,39727,604cf485c4e5fa0b7f7799743,5.4909154301367815,5fdf6bbcfe08e8c0191a7805,602cbad778d3fda29f330613,105
358,39832,604cf485c4e5fa0b7f7799744,3.0922553689282606,5fdf6bbcfe08e8c0191a7805,602cba1878d3fda29f33060a,88
359,39920,604cf485c4e5fa0b7f7799745,3.8289029598459248,5fdf6bbcfe08e8c0191a7805,605dcb9626e482412f150f38,101
360,40021,604cf485c4e5fa0b7f7799746,3.7898978218573407,5fdf6bbcfe08e8c0191a7805,602cb9f578d3fda29f330609,101
361,40122,604cf485c4e5fa0b7f7799747,9.731778068819507,5fdf6bbcfe08e8c0191a7805,602cba1878d3fda29f33060a,113
362,40235,604cf485c4e5fa0b7f7799748,7.400635205267672,5fdf6bbcfe08e8c0191a7805,602cbae778d3fda29f330614,110
363,40345,604cf485c4e5fa0b7f7799749,9.994118795368049,5fdf6bbcfe08e8c0191a7805,602cbafd78d3fda29f330615,97
364,40442,604cf485c4e5fa0b7f7799750,2.600369791979695,5fdf6bbcfe08e8c0191a7805,602cb9f578d3fda29f330609,98
365,40540,604cf485c4e5fa0b7f7799751,9.60928948804241,5fdf6bbcfe08e8c0191a7805,602cba1878d3fda29f33060a,102
366,40642,604cf485c4e5fa0b7f7799752,5.174708935913958,5fdf6bbcfe08e8c0191a7805,602cba5378d3fda29f33060c,121
367,40763,604cf485c4e5fa0b7f7799753,4.456610761140958,5fdf6bbcfe08e8c0191a7805,602cba3778d3fda29f33060b,117
368,40880,604cf485c4e5fa0b7f7799754,1.0212517215707742,5fdf6bbcfe08e8c0191a7805,602cbaca78d3fda29f330612,105
369,40985,604cf485c4e5fa0b7f7799755,5.682032133466516,5fdf6bbcfe08e8c0191a7805,602cba8f78d3fda29f33060f,104
370,41089,604cf485c4e5fa0b7f7799756,8.234296463588423,5fdf6bbcfe08e8c0191a7805,602cbad778d3fda29f330613,123
371,41212,604cf485c4e5fa0b7f7799757,8.119905085977038,5fdf6bbcfe08e8c0191a7805,602cba3778d3fda29f33060b,115
372,41327,604cf485c4e5fa0b7f7799758,4.902194497117479,5fdf6bbcfe08e8c0191a7805,602cbafd78d3fda29f330615,111
373,41438,604cf485c4e5fa0b7f7799759,1.0134313257326029,5fdf6bbcfe08e8c0191a7805,602cbb5778d3fda29f330619,95
374,41533,604cf485c4e5fa0b7f7799760,1.899507327097854,5fdf6bbcfe08e8c0191a7805,602cba1878d3fda29f33060a,110
375,41643,604cf485c4e5fa0b7f7799761,3.3009617041846857,5fdf6bbcfe08e8c0191a7805,602cbad778d3fda29f330613,106
376,41749,604cf485c4e5fa0b7f7799762,7.547421105550277,5fdf6bbcfe08e8c0191a7805,602cb9e778d3fda29f330608,100
377,41849,604cf485c4e5fa0b7f7799763,3.9203557194891365,5fdf6bbcfe08e8c0191a7805,602cb9f578d3fda29f330609,110
378,41959,604cf485c4e5fa0b7f7799764,6.347861276286366,5fdf6bbcfe08e8c0191a7805,602cbb4878d3fda29f330618,131
379,42090,604cf485c4e5fa0b7f7799765,5.252358937796978,5fdf6bbcfe08e8c0191a7805,6040f7b1ea9fe1b149832104,108
380,42198,604cf485c4e5fa0b7f7799766,9.154884723364153,5fdf6bbcfe08e8c0191a7805,602cbab678d3fda29f330611,123
381,42321,604cf485c4e5fa0b7f7799767,3.566084191846587,5fdf6bbcfe08e8c0191a7805,602cbad778d3fda29f330613,97
382,42418,604cf485c4e5fa0b7f7799768,2.7447315391402776,5fdf6bbcfe08e8c0191a7805,602cba6178d3fda29f33060d,112
383,42530,604cf485c4e5fa0b7f7799769,2.399465915582697,5fdf6bbcfe08e8c0191a7805,602cba7678d3fda29f33060e,89
384,42619,604cf485c4e5fa0b7f7799770,1.5139634994009379,5fdf6bbcfe08e8c0191a7805,602cba8f78d3fda29f33060f,105
385,42724,604cf485c4e5fa0b7f7799771,1.5757781204065122,5fdf6bbcfe08e8c0191a7805,602cbb4878d3fda29f330618,122
386,42846,604cf485c4e5fa0b7f7799772,3.2047105801232645,5fdf6bbcfe08e8c0191a7805,602cbb7278d3fda29f33061a,130
387,42976,604cf485c4e5fa0b7f7799773,5.779877829638282,5fdf6bbcfe08e8c0191a7805,602cbad778d3fda29f330613,121
388,43097,604cf485c4e5fa0b7f7799774,5.754274920492391,5fdf6bbcfe08e8c0191a7805,6040f7b1ea9fe1b149832104,115
389,43212,604cf485c4e5fa0b7f7799775,3.3265533619420067,5fdf6bbcfe08e8c0191a7805,602cba5378d3fda29f33060c,112
390,43324,604cf485c4e5fa0b7f7799776,6.34475648815789,5fdf6bbcfe08e8c0191a7805,602cbb5778d3fda29f330619,113
391,43437,604cf485c4e5fa0b7f7799777,4.019936383634992,5fdf6bbcfe08e8c0191a7805,602cba5378d3fda29f33060c,124
392,43561,604cf485c4e5fa0b7f7799778,3.619789202408594,5fdf6bbcfe08e8c0191a7805,602cbaa578d3fda29f330610,110
393,43671,604cf485c4e5fa0b7f7799779,9.729220056889913,5fdf6bbcfe08e8c0191a7805,602cba1878d3fda29f33060a,118
394,43789,604cf485c4e5fa0b7f7799780,9.550528216882302,5fdf6bbcfe08e8c0191a7805,602cba7678d3fda29f33060e,104
395,43893,604cf485c4e5fa0b7f7799781,2.3297308752467862,5fdf6bbcfe08e8c0191a7805,602cba3778d3fda29f33060b,107
396,44000,604cf485c4e5fa0b7f7799782,3.5341760279814753,5fdf6bbcfe08e8c0191a7805,6045a067ea9fe1b149832163,121
397,44121,604cf485c4e5fa0b7f7799783,4.554791563107928,5fdf6bbcfe08e8c0191a7805,602cba7678d3fda29f33060e,114
398,44235,604cf485c4e5fa0b7f7799784,6.7640068332013294,5fdf6bbcfe08e8c0191a7805,602cbb1678d3fda29f330616,130
399,44365,604cf485c4e5fa0b7f7799785,8.4490538769597,5fdf6bbcfe08e8c0191a7805,602cbb1678d3fda29f330616,99
400,44464,604cf485c4e5fa0b7f7799786,1.4193755813226887,5fdf6bbcfe08e8c0191a7805,6045a067ea9fe1b149832163,108
401,44572,604cf485c4e5fa0b7f7799787,5.7313324853347885,5fdf6bbcfe08e8c0191a7805,602cbb7278d3fda29f33061a,109
402,44681,604cf485c4e5fa0b7f7799788,5.924282176891826,5fdf6bbcfe08e8c0191a7805,602cbab678d3fda29f330611,126
403,44807,604cf485c4e5fa0b7f7799789,1.0577127642463202,5fdf6bbcfe08e8c0191a7805,602cc37178d3fda29f33061b,111
404,44918,604cf485c4e5fa0b7f7799790,6.124097802841036,5fdf6bbcfe08e8c0191a7805,605dcb9626e482412f150f38,109
405,45027,604cf485c4e5fa0b7f7799791,6.88459923423927,5fdf6bbcfe08e8c0191a7805,602cb70978d3fda29f330606,99
406,45126,604cf485c4e5fa0b7f7799792,7.665371370281762,5fdf6bbcfe08e8c0191a7805,602cba3778d3fda29f33060b,114
407,45240,604cf485c4e5fa0b7f7799793,6.2846884734522295,5fdf6bbcfe08e8c0191a7805,602cba7678d3fda29f33060e,116
408,45356,604cf485c4e5fa0b7f7799794,9.64133981002178,5fdf6bbcfe08e8c0191a7805,602cb70978d3fda29f330606,104
409,45460,604cf485c4e5fa0b7f7799795,9.582333501817384,5fdf6bbcfe08e8c0191a7805,602cb8bf78d3fda29f330607,114
410,45574,604cf485c4e5fa0b7f7799796,1.0336112135714257,5fdf6bbcfe08e8c0191a7805,602cbafd78d3fda29f330615,98
411,45672,604cf485c4e5fa0b7f7799797,8.017715284512887,5fdf6bbcfe08e8c0191a7805,602cbaca78d3fda29f330612,117
412,45789,604cf485c4e5fa0b7f7799798,7.508697136455241,5fdf6bbcfe08e8c0191a7805,602cbae778d3fda29f330614,101
413,45890,604cf485c4e5fa0b7f7799799,4.1618172604795,5fdf6bbcfe08e8c0191a7805,602cba3778d3fda29f33060b,103
414,45993,604cf485c4e5fa0b7f7799800,2.425466297024328,5fdf6bbcfe08e8c0191a7805,602cbaca78d3fda29f330612,123
415,46116,604cf485c4e5fa0b7f7799801,1.3284395000354796,5fdf6bbcfe08e8c0191a7805,602cbae778d3fda29f330614,124
416,46240,604cf485c4e5fa0b7f7799802,2.6139430547865494,5fdf6bbcfe08e8c0191a7805,602cbafd78d3fda29f330615,106
417,46346,604cf485c4e5fa0b7f7799803,4.697107415965544,5fdf6bbcfe08e8c0191a7805,602cbaca78d3fda29f330612,107
418,46453,604cf485c4e5fa0b7f7799804,8.016555107744107,5fdf6bbcfe08e8c0191a7805,602cbae778d3fda29f330614,127
419,46580,604cf485c4e5fa0b7f7799805,2.427676200858499,5fdf6bbcfe08e8c0191a7805,602cba8f78d3fda29f33060f,118
420,46698,604cf485c4e5fa0b7f7799806,3.086676812913018,5fdf6bbcfe08e8c0191a7805,602cbb5778d3fda29f330619,118
421,46816,604cf485c4e5fa0b7f7799807,6.974996269925096,5fdf6bbcfe08e8c0191a7805,602cbb7278d3fda29f33061a,106
422,46922,604cf485c4e5fa0b7f7799808,9.741977491707646,5fdf6bbcfe08e8c0191a7805,602cbb7278d3fda29f33061a,118
423,47040,604cf485c4e5fa0b7f7799809,6.3663901742958915,5fdf6bbcfe08e8c0191a7805,602cbae778d3fda29f330614,109
424,47149,604cf485c4e5fa0b7f7799810,3.847447613405348,5fdf6bbcfe08e8c0191a7805,6040f7b1ea9fe1b149832104,100
425,47249,604cf485c4e5fa0b7f7799811,2.114087479354666,5fdf6bbcfe08e8c0191a7805,602cbb5778d3fda29f330619,104
426,47353,604cf485c4e5fa0b7f7799812,8.557022875073454,5fdf6bbcfe08e8c0191a7805,602cba8f78d3fda29f33060f,111
427,47464,604cf485c4e5fa0b7f7799813,8.916881368483264,5fdf6bbcfe08e8c0191a7805,602cba6178d3fda29f33060d,116
428,47580,604cf485c4e5fa0b7f7799814,4.679568553080614,5fdf6bbcfe08e8c0191a7805,602cb8bf78d3fda29f330607,101
429,47681,604cf485c4e5fa0b7f7799815,1.609726923666039,5fdf6bbcfe08e8c0191a7805,602cb70978d3fda29f330606,118
430,47799,604cf485c4e5fa0b7f7799816,8.895912011305674,5fdf6bbcfe08e8c0191a7805,602cbab678d3fda29f330611,103
431,47902,604cf485c4e5fa0b7f7799817,4.279232105327379,5fdf6bbcfe08e8c0191a7805,602cba7678d3fda29f33060e,127
432,48029,604cf485c4e5fa0b7f7799818,4.441289105732164,5fdf6bbcfe08e8c0191a7805,602cb8bf78d3fda29f330607,127
433,48156,604cf485c4e5fa0b7f7799819,6.9849939159688414,5fdf6bbcfe08e8c0191a7805,602cba3778d3fda29f33060b,106
434,48262,604cf485c4e5fa0b7f7799820,8.696604767707486,5fdf6bbcfe08e8c0191a7805,602cb8bf78d3fda29f330607,101
435,48363,604cf485c4e5fa0b7f7799821,1.853296663059063,5fdf6bbcfe08e8c0191a7805,602cb9f578d3fda29f330609,113
436,48476,604cf485c4e5fa0b7f7799822,6.253121356023153,5fdf6bbcfe08e8c0191a7805,602cba1878d3fda29f33060a,105
437,48581,604cf485c4e5fa0b7f7799823,1.8414124042968174,5fdf6bbcfe08e8c0191a7805,602cbb7278d3fda29f33061a,110
438,48691,604cf485c4e5fa0b7f7799824,7.254454997628289,5fdf6bbcfe08e8c0191a7805,602cbaa578d3fda29f330610,102
439,48793,604cf485c4e5fa0b7f7799825,5.806006904720505,5fdf6bbcfe08e8c0191a7805,602cb8bf78d3fda29f330607,113
440,48906,604cf485c4e5fa0b7f7799826,9.210421758543399,5fdf6bbcfe08e8c0191a7805,602cbb2c78d3fda29f330617,115
441,49021,604cf485c4e5fa0b7f7799827,6.312310598070802,5fdf6bbcfe08e8c0191a7805,602cbb7278d3fda29f33061a,97
442,49118,604cf485c4e5fa0b7f7799828,2.614691401339476,5fdf6bbcfe08e8c0191a7805,602cba1878d3fda29f33060a,102
443,49220,604cf485c4e5fa0b7f7799829,4.080899849233909,5fdf6bbcfe08e8c0191a7805,602cb9e778d3fda29f330608,111
444,49331,604cf485c4e5fa0b7f7799830,2.6456488509511895,5fdf6bbcfe08e8c0191a7805,602cba7678d3fda29f33060e,99
445,49430,604cf485c4e5fa0b7f7799831,5.841098722572778,5fdf6bbcfe08e8c0191a7805,602cb70978d3fda29f330606,121
446,49551,604cf485c4e5fa0b7f7799832,5.594700095367431,5fdf6bbcfe08e8c0191a7805,602cbaca78d3fda29f330612,104
447,49655,604cf485c4e5fa0b7f7799833,2.798064845526436,5fdf6bbcfe08e8c0191a7805,602cb70978d3fda29f330606,115
448,49770,604cf485c4e5fa0b7f7799834,2.552152057396065,5fdf6bbcfe08e8c0191a7805,602cba1878d3fda29f33060a,107
449,49877,604cf485c4e5fa0b7f7799835,6.650872417071036,5fdf6bbcfe08e8c0191a7805,602cbb5778d3fda29f330619,131
450,50008,604cf485c4e5fa0b7f7799836,3.265714257905587,5fdf6bbcfe08e8c0191a7805,602cb9f578d3fda29f330609,109
451,50117,604cf485c4e5fa0b7f7799837,4.125803373760014,5fdf6bbcfe08e8c0191a7805,602cbab678d3fda29f330611,111
452,50228,604cf485c4e5fa0b7f7799838,5.817657669301624,5fdf6bbcfe08e8c0191a7805,605dcb9626e482412f150f38,130
453,50358,604cf485c4e5fa0b7f7799839,4.291109947841689,5fdf6bbcfe08e8c0191a7805,602cbb1678d3fda29f330616,98
454,50456,604cf485c4e5fa0b7f7799840,6.4646911565707015,5fdf6bbcfe08e8c0191a7805,602cbad778d3fda29f330613,111
455,50567,604cf485c4e5fa0b7f7799841,7.423088070029296,5fdf6bbcfe08e8c0191a7805,602cba1878d3fda29f33060a,101
456,50668,604cf485c4e5fa0b7f7799842,3.4937801150283363,5fdf6bbcfe08e8c0191a7805,602cc37178d3fda29f33061b,116
457,50784,604cf485c4e5fa0b7f7799843,4.181055266686713,5fdf6bbcfe08e8c0191a7805,602cb9f578d3fda29f330609,101
458,50885,604cf485c4e5fa0b7f7799844,9.592125256576395,5fdf6bbcfe08e8c0191a7805,602cb8bf78d3fda29f330607,132
459,51017,604cf485c4e5fa0b7f7799845,5.985234544302135,5fdf6bbcfe08e8c0191a7805,602cba3778d3fda29f33060b,106
460,51123,604cf485c4e5fa0b7f7799846,6.124056863038032,5fdf6bbcfe08e8c0191a7805,602cbb1678d3fda29f330616,140
461,51263,604cf485c4e5fa0b7f7799847,5.492612452740843,5fdf6bbcfe08e8c0191a7805,602cbab678d3fda29f330611,109
462,51372,604cf485c4e5fa0b7f7799848,5.21417026516901,5fdf6bbcfe08e8c0191a7805,602cba1878d3fda29f33060a,103
463,51475,604cf485c4e5fa0b7f7799849,2.8148446588940224,5fdf6bbcfe08e8c0191a7805,602cba8f78d3fda29f33060f,91
464,51566,604cf485c4e5fa0b7f7799850,1.1464093959590167,5fdf6bbcfe08e8c0191a7805,602cba1878d3fda29f33060a,97
465,51663,604cf485c4e5fa0b7f7799851,7.8133400474318595,5fdf6bbcfe08e8c0191a7805,602cba5378d3fda29f33060c,139
466,51802,604cf485c4e5fa0b7f7799852,2.6209553991211867,5fdf6bbcfe08e8c0191a7805,6045a067ea9fe1b149832163,113
467,51915,604cf485c4e5fa0b7f7799853,8.987960980830989,5fdf6bbcfe08e8c0191a7805,602cbb4878d3fda29f330618,116
468,52031,604cf485c4e5fa0b7f7799854,9.678904424895906,5fdf6bbcfe08e8c0191a7805,602cbab678d3fda29f330611,88
469,52119,604cf485c4e5fa0b7f7799855,8.113279030131636,5fdf6bbcfe08e8c0191a7805,602cc37178d3fda29f33061b,111
470,52230,604cf485c4e5fa0b7f7799856,2.3603893973766024,5fdf6bbcfe08e8c0191a7805,602cbb7278d3fda29f33061a,125
471,52355,604cf485c4e5fa0b7f7799857,8.848318512673494,5fdf6bbcfe08e8c0191a7805,602cbab678d3fda29f330611,108
472,52463,604cf485c4e5fa0b7f7799858,5.571681535367524,5fdf6bbcfe08e8c0191a7805,602cbaa578d3fda29f330610,112
473,52575,604cf485c4e5fa0b7f7799859,9.651794083504045,5fdf6bbcfe08e8c0191a7805,602cb8bf78d3fda29f330607,110
474,52685,604cf485c4e5fa0b7f7799860,3.8049161039563675,5fdf6bbcfe08e8c0191a7805,602cba1878d3fda29f33060a,112
475,52797,604cf485c4e5fa0b7f7799861,7.566538090208797,5fdf6bbcfe08e8c0191a7805,602cbab678d3fda29f330611,119
476,52916,604cf485c4e5fa0b7f7799862,9.429451209644121,5fdf6bbcfe08e8c0191a7805,602cbaca78d3fda29f330612,110
477,53026,604cf485c4e5fa0b7f7799863,4.781217101900901,5fdf6bbcfe08e8c0191a7805,605dcb9626e482412f150f38,129
478,53155,604cf485c4e5fa0b7f7799864,8.93570490836257,5fdf6bbcfe08e8c0191a7805,602cba5378d3fda29f33060c,98
479,53253,604cf485c4e5fa0b7f7799865,1.2121893813006894,5fdf6bbcfe08e8c0191a7805,602cbae778d3fda29f330614,94
480,53347,604cf485c4e5fa0b7f7799866,6.645575812792382,5fdf6bbcfe08e8c0191a7805,602cbb7278d3fda29f33061a,116
481,53463,604cf485c4e5fa0b7f7799867,3.5853905982336425,5fdf6bbcfe08e8c0191a7805,602cbafd78d3fda29f330615,99
482,53562,604cf485c4e5fa0b7f7799868,3.0590715564493625,5fdf6bbcfe08e8c0191a7805,602cbaca78d3fda29f330612,97
483,53659,604cf485c4e5fa0b7f7799869,5.55961299837742,5fdf6bbcfe08e8c0191a7805,602cbb5778d3fda29f330619,113
484,53772,604cf485c4e5fa0b7f7799870,9.203243286676512,5fdf6bbcfe08e8c0191a7805,602cb8bf78d3fda29f330607,106
485,53878,604cf485c4e5fa0b7f7799871,8.506852054162508,5fdf6bbcfe08e8c0191a7805,6040f7b1ea9fe1b149832104,106
486,53984,604cf485c4e5fa0b7f7799872,4.996764659684978,5fdf6bbcfe08e8c0191a7805,602cbafd78d3fda29f330615,92
487,54076,604cf485c4e5fa0b7f7799873,6.599761773602466,5fdf6bbcfe08e8c0191a7805,602cbae778d3fda29f330614,104
488,54180,604cf485c4e5fa0b7f7799874,2.818792420949282,5fdf6bbcfe08e8c0191a7805,602cbaca78d3fda29f330612,119
489,54299,604cf485c4e5fa0b7f7799875,2.7052774464671905,5fdf6bbcfe08e8c0191a7805,602cbaa578d3fda29f330610,107
490,54406,604cf485c4e5fa0b7f7799876,1.406302179796544,5fdf6bbcfe08e8c0191a7805,602cb9f578d3fda29f330609,120
491,54526,604cf485c4e5fa0b7f7799877,2.749611175065871,5fdf6bbcfe08e8c0191a7805,605dcb9626e482412f150f38,114
492,54640,604cf485c4e5fa0b7f7799878,2.347654077542823,5fdf6bbcfe08e8c0191a7805,602cba1878d3fda29f33060a,130
493,54770,604cf485c4e5fa0b7f7799879,3.6282036750182343,5fdf6bbcfe08e8c0191a7805,602cb9e778d3fda29f330608,124
494,54894,604cf485c4e5fa0b7f7799880,8.795600549544206,5fdf6bbcfe08e8c0191a7805,602cba8f78d3fda29f33060f,139
495,55033,604cf485c4e5fa0b7f7799881,4.137396084122027,5fdf6bbcfe08e8c0191a7805,602cbae778d3fda29f330614,121
496,55154,604cf485c4e5fa0b7f7799882,5.368167084201816,5fdf6bbcfe08e8c0191a7805,602cbaa578d3fda29f330610,105
497,55259,604cf485c4e5fa0b7f7799883,3.894495770978444,5fdf6bbcfe08e8c0191a7805,602cbb7278d3fda29f33061a,104
498,55363,604cf485c4e5fa0b7f7799884,7.435266269288061,5fdf6bbcfe08e8c0191a7805,602cba1878d3fda29f33060a,107
499,55470,604cf485c4e5fa0b7f7799885,4.9346375225964305,5fdf6bbcfe08e8c0191a7805,605dcb9626e482412f150f38,118
500,55588,604cf485c4e5fa0b7f7799886,3.311253404498046,5fdf6bbcfe08e8c0191a7805,602cbafd78d3fda29f330615,117
501,55705,604cf485c4e5fa0b7f7799887,1.0767994126878246,5fdf6bbcfe08e8c0191a7805,602cbae778d3fda29f330614,104
502,55809,604cf485c4e5fa0b7f7799888,9.006570467146544,5fdf6bbcfe08e8c0191a7805,602cb9f578d3fda29f330609,111
503,55920,604cf485c4e5fa0b7f7799889,6.020727357898687,5fdf6bbcfe08e8c0191a7805,602cba8f78d3fda29f33060f,112
504,56032,604cf485c4e5fa0b7f7799890,2.812839606424918,5fdf6bbcfe08e8c0191a7805,602cba3778d3fda29f33060b,99
505,56131,604cf485c4e5fa0b7f7799891,6.176207452430963,5fdf6bbcfe08e8c0191a7805,602cb70978d3fda29f330606,114
506,56245,604cf485c4e5fa0b7f7799892,8.133073777818165,5fdf6bbcfe08e8c0191a7805,602cba5378d3fda29f33060c,122
507,56367,604cf485c4e5fa0b7f7799893,6.015386094381472,5fdf6bbcfe08e8c0191a7805,602cb9f578d3fda29f330609,117
508,56484,604cf485c4e5fa0b7f7799894,3.801472263532796,5fdf6bbcfe08e8c0191a7805,602cc37178d3fda29f33061b,98
509,56582,604cf485c4e5fa0b7f7799895,9.496794740822178,5fdf6bbcfe08e8c0191a7805,602cbb2c78d3fda29f330617,113
510,56695,604cf485c4e5fa0b7f7799896,2.601316163595322,5fdf6bbcfe08e8c0191a7805,602cba7678d3fda29f33060e,125
511,56820,604cf485c4e5fa0b7f7799897,6.371856325544213,5fdf6bbcfe08e8c0191a7805,6040f7b1ea9fe1b149832104,128
512,56948,604cf485c4e5fa0b7f7799898,3.820943973844214,5fdf6bbcfe08e8c0191a7805,602cb70978d3fda29f330606,136
513,57084,604cf485c4e5fa0b7f7799899,1.7164372879765835,5fdf6bbcfe08e8c0191a7805,602cbb4878d3fda29f330618,93
514,57177,604cf485c4e5fa0b7f7799900,3.8520772957183187,5fdf6bbcfe08e8c0191a7805,602cba3778d3fda29f33060b,115
515,57292,604cf485c4e5fa0b7f7799901,2.7431711676787276,5fdf6bbcfe08e8c0191a7805,602cbafd78d3fda29f330615,124
516,57416,604cf485c4e5fa0b7f7799902,5.921479472507961,5fdf6bbcfe08e8c0191a7805,605dcb9626e482412f150f38,106
517,57522,604cf485c4e5fa0b7f7799903,8.01315994053849,5fdf6bbcfe08e8c0191a7805,602cbaca78d3fda29f330612,112
518,57634,604cf485c4e5fa0b7f7799904,6.246922915986936,5fdf6bbcfe08e8c0191a7805,602cbb4878d3fda29f330618,113
519,57747,604cf485c4e5fa0b7f7799905,3.3338276882314313,5fdf6bbcfe08e8c0191a7805,602cba5378d3fda29f33060c,104
520,57851,604cf485c4e5fa0b7f7799906,6.312971081571702,5fdf6bbcfe08e8c0191a7805,602cbb5778d3fda29f330619,101
521,57952,604cf485c4e5fa0b7f7799907,7.645941948503449,5fdf6bbcfe08e8c0191a7805,602cb9e778d3fda29f330608,114
522,58066,604cf485c4e5fa0b7f7799908,7.542998878912617,5fdf6bbcfe08e8c0191a7805,602cba6178d3fda29f33060d,118
523,58184,604cf485c4e5fa0b7f7799909,9.63554157588047,5fdf6bbcfe08e8c0191a7805,602cb70978d3fda29f330606,106
524,58290,604cf485c4e5fa0b7f7799910,6.994234215792761,5fdf6bbcfe08e8c0191a7805,6045a067ea9fe1b149832163,108
525,58398,604cf485c4e5fa0b7f7799911,6.28111565560944,5fdf6bbcfe08e8c0191a7805,602cbab678d3fda29f330611,106
526,58504,604cf485c4e5fa0b7f7799912,2.8712390316482828,5fdf6bbcfe08e8c0191a7805,602cba5378d3fda29f33060c,98
527,58602,604cf485c4e5fa0b7f7799913,9.334861741749094,5fdf6bbcfe08e8c0191a7805,602cbb5778d3fda29f330619,117
528,58719,604cf485c4e5fa0b7f7799914,1.531467306730498,5fdf6bbcfe08e8c0191a7805,602cbb7278d3fda29f33061a,111
529,58830,604cf485c4e5fa0b7f7799915,1.7525085173766917,5fdf6bbcfe08e8c0191a7805,602cbb7278d3fda29f33061a,122
530,58952,604cf485c4e5fa0b7f7799916,8.119136901618525,5fdf6bbcfe08e8c0191a7805,602cbae778d3fda29f330614,115
531,59067,604cf485c4e5fa0b7f7799917,5.966530278947845,5fdf6bbcfe08e8c0191a7805,602cba3778d3fda29f33060b,115
532,59182,604cf485c4e5fa0b7f7799918,1.146879420001067,5fdf6bbcfe08e8c0191a7805,602cba8f78d3fda29f33060f,101
533,59283,604cf485c4e5fa0b7f7799919,2.386539882912518,5fdf6bbcfe08e8c0191a7805,602cbb5778d3fda29f330619,102
534,59385,604cf485c4e5fa0b7f7799920,7.8157872831424,5fdf6bbcfe08e8c0191a7805,602cbb2c78d3fda29f330617,123
535,59508,604cf485c4e5fa0b7f7799921,2.449920489618855,5fdf6bbcfe08e8c0191a7805,602cbb5778d3fda29f330619,109
536,59617,604cf485c4e5fa0b7f7799922,4.66577805238607,5fdf6bbcfe08e8c0191a7805,602cbb7278d3fda29f33061a,110
537,59727,604cf485c4e5fa0b7f7799923,6.850011812811985,5fdf6bbcfe08e8c0191a7805,602cbaa578d3fda29f330610,98
538,59825,604cf485c4e5fa0b7f7799924,9.781987535027625,5fdf6bbcfe08e8c0191a7805,6040f7b1ea9fe1b149832104,130
539,59955,604cf485c4e5fa0b7f7799925,2.6436241491353925,5fdf6bbcfe08e8c0191a7805,602cba7678d3fda29f33060e,106
540,60061,604cf485c4e5fa0b7f7799926,1.4325674309698044,5fdf6bbcfe08e8c0191a7805,602cbafd78d3fda29f330615,118
541,60179,604cf485c4e5fa0b7f7799927,2.3965449017662674,5fdf6bbcfe08e8c0191a7805,602cb70978d3fda29f330606,109
542,60288,604cf485c4e5fa0b7f7799928,3.7474413108743065,5fdf6bbcfe08e8c0191a7805,602cb8bf78d3fda29f330607,124
543,60412,604cf485c4e5fa0b7f7799929,9.415232578527355,5fdf6bbcfe08e8c0191a7805,602cc37178d3fda29f33061b,110
544,60522,604cf485c4e5fa0b7f7799930,8.600570265949807,5fdf6bbcfe08e8c0191a7805,602cbae778d3fda29f330614,111
545,60633,604cf485c4e5fa0b7f7799931,7.482002059106701,5fdf6bbcfe08e8c0191a7805,602cbaca78d3fda29f330612,116
546,60749,604cf485c4e5fa0b7f7799932,3.944342907541854,5fdf6bbcfe08e8c0191a7805,602cba1878d3fda29f33060a,127
547,60876,604cf485c4e5fa0b7f7799933,7.624914355484162,5fdf6bbcfe08e8c0191a7805,602cc37178d3fda29f33061b,118
548,60994,604cf485c4e5fa0b7f7799934,4.855478113348419,5fdf6bbcfe08e8c0191a7805,602cc37178d3fda29f33061b,99
549,61093,604cf485c4e5fa0b7f7799935,2.0248204824801928,5fdf6bbcfe08e8c0191a7805,602cbaca78d3fda29f330612,113
550,61206,604cf485c4e5fa0b7f7799936,7.576998004843306,5fdf6bbcfe08e8c0191a7805,602cba5378d3fda29f33060c,115
551,61321,604cf485c4e5fa0b7f7799937,1.4844373660873953,5fdf6bbcfe08e8c0191a7805,6045a067ea9fe1b149832163,99
552,61420,604cf485c4e5fa0b7f7799938,8.334902515876811,5fdf6bbcfe08e8c0191a7805,602cba5378d3fda29f33060c,104
553,61524,604cf485c4e5fa0b7f7799939,6.433249296449125,5fdf6bbcfe08e8c0191a7805,602cbaa578d3fda29f330610,118
554,61642,604cf485c4e5fa0b7f7799940,3.695497808951511,5fdf6bbcfe08e8c0191a7805,605dcb9626e482412f150f38,98
555,61740,604cf485c4e5fa0b7f7799941,9.119454947845952,5fdf6bbcfe08e8c0191a7805,602cb9f578d3fda29f330609,105
556,61845,604cf485c4e5fa0b7f7799942,1.2179575928365836,5fdf6bbcfe08e8c0191a7805,602cbafd78d3fda29f330615,113
557,61958,604cf485c4e5fa0b7f7799943,2.3106951579788015,5fdf6bbcfe08e8c0191a7805,602cba7678d3fda29f33060e,105
558,62063,604cf485c4e5fa0b7f7799944,5.556923473064783,5fdf6bbcfe08e8c0191a7805,605dcb9626e482412f150f38,115
559,62178,604cf485c4e5fa0b7f7799945,7.6777185879782905,5fdf6bbcfe08e8c0191a7805,602cba1878d3fda29f33060a,103
560,62281,604cf485c4e5fa0b7f7799946,4.968489928577989,5fdf6bbcfe08e8c0191a7805,602cbb1678d3fda29f330616,102
561,62383,604cf485c4e5fa0b7f7799947,5.36112105324786,5fdf6bbcfe08e8c0191a7805,602cbaa578d3fda29f330610,100
562,62483,604cf485c4e5fa0b7f7799948,9.090525475860936,5fdf6bbcfe08e8c0191a7805,602cbab678d3fda29f330611,91
563,62574,604cf485c4e5fa0b7f7799949,6.560669792973174,5fdf6bbcfe08e8c0191a7805,602cbaca78d3fda29f330612,107
564,62681,604cf485c4e5fa0b7f7799950,5.722659813679143,5fdf6bbcfe08e8c0191a7805,602cb70978d3fda29f330606,119
565,62800,604cf485c4e5fa0b7f7799951,4.315478227494459,5fdf6bbcfe08e8c0191a7805,602cbb7278d3fda29f33061a,126
566,62926,604cf485c4e5fa0b7f7799952,8.750921032859132,5fdf6bbcfe08e8c0191a7805,602cbaa578d3fda29f330610,100
567,63026,604cf485c4e5fa0b7f7799953,2.778201503497534,5fdf6bbcfe08e8c0191a7805,602cb9f578d3fda29f330609,113
568,63139,604cf485c4e5fa0b7f7799954,2.101570609383619,5fdf6bbcfe08e8c0191a7805,602cbaca78d3fda29f330612,97
569,63236,604cf485c4e5fa0b7f7799955,3.285891463791847,5fdf6bbcfe08e8c0191a7805,602cb9e778d3fda29f330608,118
570,63354,604cf485c4e5fa0b7f7799956,6.019729939737631,5fdf6bbcfe08e8c0191a7805,602cbb4878d3fda29f330618,110
571,63464,604cf485c4e5fa0b7f7799957,2.0956461976741982,5fdf6bbcfe08e8c0191a7805,6040f7b1ea9fe1b149832104,122
572,63586,604cf485c4e5fa0b7f7799958,1.7465224111394126,5fdf6bbcfe08e8c0191a7805,602cbae778d3fda29f330614,111
573,63697,604cf485c4e5fa0b7f7799959,3.8751474933157635,5fdf6bbcfe08e8c0191a7805,602cba8f78d3fda29f33060f,101
574,63798,604cf485c4e5fa0b7f7799960,6.94580658497589,5fdf6bbcfe08e8c0191a7805,602cbb1678d3fda29f330616,93
575,63891,604cf485c4e5fa0b7f7799961,8.36932649799808,5fdf6bbcfe08e8c0191a7805,602cb8bf78d3fda29f330607,115
576,64006,604cf485c4e5fa0b7f7799962,8.00860681200971,5fdf6bbcfe08e8c0191a7805,602cbab678d3fda29f330611,118
577,64124,604cf485c4e5fa0b7f7799963,6.049265516659289,5fdf6bbcfe08e8c0191a7805,602cba7678d3fda29f33060e,104
578,64228,604cf485c4e5fa0b7f7799964,1.122392514247001,5fdf6bbcfe08e8c0191a7805,602cbb1678d3fda29f330616,117
579,64345,604cf485c4e5fa0b7f7799965,1.3896481373299934,5fdf6bbcfe08e8c0191a7805,602cb9f578d3fda29f330609,92
580,64437,604cf485c4e5fa0b7f7799966,8.05378567833237,5fdf6bbcfe08e8c0191a7805,602cc37178d3fda29f33061b,95
581,64532,604cf485c4e5fa0b7f7799967,5.87442338482372,5fdf6bbcfe08e8c0191a7805,602cb9f578d3fda29f330609,100
582,64632,604cf485c4e5fa0b7f7799968,2.493775326059816,5fdf6bbcfe08e8c0191a7805,602cbb7278d3fda29f33061a,113
583,64745,604cf485c4e5fa0b7f7799969,3.778282738965619,5fdf6bbcfe08e8c0191a7805,602cb8bf78d3fda29f330607,118
584,64863,604cf485c4e5fa0b7f7799970,5.7203678691026045,5fdf6bbcfe08e8c0191a7805,602cb8bf78d3fda29f330607,124
585,64987,604cf485c4e5fa0b7f7799971,2.2489986982129517,5fdf6bbcfe08e8c0191a7805,602cbb5778d3fda29f330619,92
586,65079,604cf485c4e5fa0b7f7799972,8.669734111573636,5fdf6bbcfe08e8c0191a7805,602cba6178d3fda29f33060d,117
587,65196,604cf485c4e5fa0b7f7799973,6.745391157015036,5fdf6bbcfe08e8c0191a7805,6045a067ea9fe1b149832163,121
588,65317,604cf485c4e5fa0b7f7799974,7.638720113876449,5fdf6bbcfe08e8c0191a7805,602cb9e778d3fda29f330608,129
589,65446,604cf485c4e5fa0b7f7799975,2.8323506801454847,5fdf6bbcfe08e8c0191a7805,602cbafd78d3fda29f330615,107
590,65553,604cf485c4e5fa0b7f7799976,3.4114512588776655,5fdf6bbcfe08e8c0191a7805,602cb8bf78d3fda29f330607,131
591,65684,604cf485c4e5fa0b7f7799977,5.851878161592353,5fdf6bbcfe08e8c0191a7805,6040f7b1ea9fe1b149832104,125
592,65809,604cf485c4e5fa0b7f7799978,4.301916976623596,5fdf6bbcfe08e8c0191a7805,602cbb5778d3fda29f330619,85
593,65894,604cf485c4e5fa0b7f7799979,7.150249240201528,5fdf6bbcfe08e8c0191a7805,602cb70978d3fda29f330606,98
594,65992,604cf485c4e5fa0b7f7799980,5.368740251125585,5fdf6bbcfe08e8c0191a7805,602cbb7278d3fda29f33061a,104
595,66096,604cf485c4e5fa0b7f7799981,6.550530130038173,5fdf6bbcfe08e8c0191a7805,602cba1878d3fda29f33060a,127
596,66223,604cf485c4e5fa0b7f7799982,1.4844953894858852,5fdf6bbcfe08e8c0191a7805,602cba3778d3fda29f33060b,145
597,66368,604cf485c4e5fa0b7f7799983,7.978330917083499,5fdf6bbcfe08e8c0191a7805,602cba7678d3fda29f33060e,120
598,66488,604cf485c4e5fa0b7f7799984,4.748607925864928,5fdf6bbcfe08e8c0191a7805,602cbb2c78d3fda29f330617,101
599,66589,604cf485c4e5fa0b7f7799985,1.4000327084979216,5fdf6bbcfe08e8c0191a7805,602cba7678d3fda29f33060e,129
600,66718,604cf485c4e5fa0b7f7799986,7.4140271680884595,5fdf6bbcfe08e8c0191a7805,602cb9f578d3fda29f330609,120
601,66838,604cf485c4e5fa0b7f7799987,7.761447113593227,5fdf6bbcfe08e8c0191a7805,605dcb9626e482412f150f38,120
602,66958,604cf485c4e5fa0b7f7799988,2.5166584279466004,5fdf6bbcfe08e8c0191a7805,602cbb5778d3fda29f330619,112
603,67070,604cf485c4e5fa0b7f7799989,5.052556191625848,5fdf6bbcfe08e8c0191a7805,602cba1878d3fda29f33060a,107
604,67177,604cf485c4e5fa0b7f7799990,8.093222902716892,5fdf6bbcfe08e8c0191a7805,602cb70978d3fda29f330606,120
605,67297,604cf485c4e5fa0b7f7799991,4.647971724096171,5fdf6bbcfe08e8c0191a7805,602cbb4878d3fda29f330618,107
606,67404,604cf485c4e5fa0b7f7799992,9.73419347221181,5fdf6bbcfe08e8c0191a7805,602cbb4878d3fda29f330618,122
607,67526,604cf485c4e5fa0b7f7799993,7.127786683165755,5fdf6bbcfe08e8c0191a7805,6045a067ea9fe1b149832163,123
608,67649,604cf485c4e5fa0b7f7799994,4.357771925736573,5fdf6bbcfe08e8c0191a7805,602cbaca78d3fda29f330612,105
609,67754,604cf485c4e5fa0b7f7799995,3.9410391034011267,5fdf6bbcfe08e8c0191a7805,602cba1878d3fda29f33060a,130
610,67884,604cf485c4e5fa0b7f7799996,8.689624548368734,5fdf6bbcfe08e8c0191a7805,602cbb7278d3fda29f33061a,120
611,68004,604cf485c4e5fa0b7f7799997,9.469812147965001,5fdf6bbcfe08e8c0191a7805,602cbaa578d3fda29f330610,111
612,68115,604cf485c4e5fa0b7f7799998,9.01888911159879,5fdf6bbcfe08e8c0191a7805,602cc37178d3fda29f33061b,111
613,68226,604cf485c4e5fa0b7f7799999,7.022062668239967,5fdf6bbcfe08e8c0191a7805,602cbb2c78d3fda29f330617,104
614,68330,604cf485c4e5fa0b7f7800000,7.919372006395536,5fdf6bbcfe08e8c0191a7805,602cbb7278d3fda29f33061a,105
615,68435,604cf485c4e5fa0b7f7800001,9.38706702789548,5fdf6bbcfe08e8c0191a7805,602cbab678d3fda29f330611,112
616,68547,604cf485c4e5fa0b7f7800002,4.872780979707049,5fdf6bbcfe08e8c0191a7805,602cba5378d3fda29f33060c,95
617,68642,604cf485c4e5fa0b7f7800003,9.45475918365305,5fdf6bbcfe08e8c0191a7805,602cbb4878d3fda29f330618,114
618,68756,604cf485c4e5fa0b7f7800004,5.944151440915495,5fdf6bbcfe08e8c0191a7805,602cbb1678d3fda29f330616,111
619,68867,604cf485c4e5fa0b7f7800005,8.93389598092815,5fdf6bbcfe08e8c0191a7805,602cbb1678d3fda29f330616,106
620,68973,604cf485c4e5fa0b7f7800006,2.585291171565145,5fdf6bbcfe08e8c0191a7805,602cbb4878d3fda29f330618,130
621,69103,604cf485c4e5fa0b7f7800007,2.0698505640868454,5fdf6bbcfe08e8c0191a7805,602cbb2c78d3fda29f330617,101
622,69204,604cf485c4e5fa0b7f7800008,6.344216986686544,5fdf6bbcfe08e8c0191a7805,602cba5378d3fda29f33060c,107
623,69311,604cf485c4e5fa0b7f7800009,2.9482301089073095,5fdf6bbcfe08e8c0191a7805,602cba6178d3fda29f33060d,120
624,69431,604cf485c4e5fa0b7f7800010,2.64836417452904,5fdf6bbcfe08e8c0191a7805,602cba3778d3fda29f33060b,138
625,69569,604cf485c4e5fa0b7f7800011,1.3668840885942926,5fdf6bbcfe08e8c0191a7805,602cbb4878d3fda29f330618,94
626,69663,604cf485c4e5fa0b7f7800012,6.735421186377362,5fdf6bbcfe08e8c0191a7805,602cbb2c78d3fda29f330617,117
627,69780,604cf485c4e5fa0b7f7800013,2.4246910108314363,5fdf6bbcfe08e8c0191a7805,602cba5378d3fda29f33060c,117
628,69897,604cf485c4e5fa0b7f7800014,9.010402895714249,5fdf6bbcfe08e8c0191a7805,602cba5378d3fda29f33060c,111
629,70008,604cf485c4e5fa0b7f7800015,2.9246833493633417,5fdf6bbcfe08e8c0191a7805,602cba3778d3fda29f33060b,102
630,70110,604cf485c4e5fa0b7f7800016,8.848731510337437,5fdf6bbcfe08e8c0191a7805,602cbb5778d3fda29f330619,97
631,70207,604cf485c4e5fa0b7f7800017,8.370779313841291,5fdf6bbcfe08e8c0191a7805,602cba6178d3fda29f33060d,111
632,70318,604cf485c4e5fa0b7f7800018,1.6300863208527434,5fdf6bbcfe08e8c0191a7805,602cbab678d3fda29f330611,124
633,70442,604cf485c4e5fa0b7f7800019,9.048036728833113,5fdf6bbcfe08e8c0191a7805,602cb70978d3fda29f330606,116
634,70558,604cf485c4e5fa0b7f7800020,1.710779448650766,5fdf6bbcfe08e8c0191a7805,6045a067ea9fe1b149832163,114
635,70672,604cf485c4e5fa0b7f7800021,2.9442617071676467,5fdf6bbcfe08e8c0191a7805,602cbab678d3fda29f330611,132
636,70804,604cf485c4e5fa0b7f7800022,3.5579453063495965,5fdf6bbcfe08e8c0191a7805,602cbab678d3fda29f330611,108
637,70912,604cf485c4e5fa0b7f7800023,2.18992932692266,5fdf6bbcfe08e8c0191a7805,602cbb1678d3fda29f330616,103
638,71015,604cf485c4e5fa0b7f7800024,7.14351347345285,5fdf6bbcfe08e8c0191a7805,602cb9e778d3fda29f330608,102
639,71117,604cf485c4e5fa0b7f7800025,4.877869159784404,5fdf6bbcfe08e8c0191a7805,602cbae778d3fda29f330614,100
640,71217,604cf485c4e5fa0b7f7800026,8.367759328029173,5fdf6bbcfe08e8c0191a7805,602cbb4878d3fda29f330618,98
641,71315,604cf485c4e5fa0b7f7800027,8.928100646604243,5fdf6bbcfe08e8c0191a7805,602cbaca78d3fda29f330612,98
642,71413,604cf485c4e5fa0b7f7800028,4.718208068651737,5fdf6bbcfe08e8c0191a7805,605dcb9626e482412f150f38,114
643,71527,604cf485c4e5fa0b7f7800029,2.8042941853012233,5fdf6bbcfe08e8c0191a7805,602cbb7278d3fda29f33061a,121
644,71648,604cf485c4e5fa0b7f7800030,7.781716198878881,5fdf6bbcfe08e8c0191a7805,605dcb9626e482412f150f38,121
645,71769,604cf485c4e5fa0b7f7800031,8.352555219040058,5fdf6bbcfe08e8c0191a7805,602cba6178d3fda29f33060d,107
646,71876,604cf485c4e5fa0b7f7800032,2.7344942665924883,5fdf6bbcfe08e8c0191a7805,602cbb5778d3fda29f330619,112
647,71988,604cf485c4e5fa0b7f7800033,3.382849471146374,5fdf6bbcfe08e8c0191a7805,602cba5378d3fda29f33060c,113
648,72101,604cf485c4e5fa0b7f7800034,4.111057084942555,5fdf6bbcfe08e8c0191a7805,602cba6178d3fda29f33060d,118
649,72219,604cf485c4e5fa0b7f7800035,4.280726718775201,5fdf6bbcfe08e8c0191a7805,602cbb5778d3fda29f330619,111
650,72330,604cf485c4e5fa0b7f7800036,8.078480867629027,5fdf6bbcfe08e8c0191a7805,602cbb7278d3fda29f33061a,120
651,72450,604cf485c4e5fa0b7f7800037,1.8261762112486941,5fdf6bbcfe08e8c0191a7805,602cbb2c78d3fda29f330617,127
652,72577,604cf485c4e5fa0b7f7800038,2.006251007731276,5fdf6bbcfe08e8c0191a7805,602cb8bf78d3fda29f330607,112
653,72689,604cf485c4e5fa0b7f7800039,3.146741767141329,5fdf6bbcfe08e8c0191a7805,602cbb1678d3fda29f330616,111
654,72800,604cf485c4e5fa0b7f7800040,8.1866394521056,5fdf6bbcfe08e8c0191a7805,602cba5378d3fda29f33060c,116
655,72916,604cf485c4e5fa0b7f7800041,6.820216645573421,5fdf6bbcfe08e8c0191a7805,6040f7b1ea9fe1b149832104,109
656,73025,604cf485c4e5fa0b7f7800042,3.303609816593168,5fdf6bbcfe08e8c0191a7805,602cbb4878d3fda29f330618,104
657,73129,604cf485c4e5fa0b7f7800043,9.798557193026902,5fdf6bbcfe08e8c0191a7805,602cbb7278d3fda29f33061a,111
658,73240,604cf485c4e5fa0b7f7800044,5.665652893269701,5fdf6bbcfe08e8c0191a7805,602cbab678d3fda29f330611,122
659,73362,604cf485c4e5fa0b7f7800045,1.4098792716453408,5fdf6bbcfe08e8c0191a7805,602cba8f78d3fda29f33060f,101
660,73463,604cf485c4e5fa0b7f7800046,3.748442985536549,5fdf6bbcfe08e8c0191a7805,602cbad778d3fda29f330613,91
661,73554,604cf485c4e5fa0b7f7800047,9.461771538635745,5fdf6bbcfe08e8c0191a7805,602cbb4878d3fda29f330618,103
662,73657,604cf485c4e5fa0b7f7800048,4.3015198358103905,5fdf6bbcfe08e8c0191a7805,602cbafd78d3fda29f330615,118
663,73775,604cf485c4e5fa0b7f7800049,1.195705918441398,5fdf6bbcfe08e8c0191a7805,602cc37178d3fda29f33061b,109
664,73884,604cf485c4e5fa0b7f7800050,1.6537110218146038,5fdf6bbcfe08e8c0191a7805,602cbad778d3fda29f330613,105
665,73989,604cf485c4e5fa0b7f7800051,8.015973296806912,5fdf6bbcfe08e8c0191a7805,602cbad778d3fda29f330613,104
666,74093,604cf485c4e5fa0b7f7800052,1.6245460789980326,5fdf6bbcfe08e8c0191a7805,602cba1878d3fda29f33060a,121
667,74214,604cf485c4e5fa0b7f7800053,9.319412177744654,5fdf6bbcfe08e8c0191a7805,605dcb9626e482412f150f38,106
668,74320,604cf485c4e5fa0b7f7800054,4.845829672785351,5fdf6bbcfe08e8c0191a7805,602cbb2c78d3fda29f330617,116
669,74436,604cf485c4e5fa0b7f7800055,4.4219822448260295,5fdf6bbcfe08e8c0191a7805,6040f7b1ea9fe1b149832104,104
670,74540,604cf485c4e5fa0b7f7800056,4.5344669781668365,5fdf6bbcfe08e8c0191a7805,602cba1878d3fda29f33060a,106
671,74646,604cf485c4e5fa0b7f7800057,4.070701679182782,5fdf6bbcfe08e8c0191a7805,602cbaa578d3fda29f330610,121
672,74767,604cf485c4e5fa0b7f7800058,4.592439157073079,5fdf6bbcfe08e8c0191a7805,602cc37178d3fda29f33061b,92
673,74859,604cf485c4e5fa0b7f7800059,2.695818975164597,5fdf6bbcfe08e8c0191a7805,602cbb7278d3fda29f33061a,101
674,74960,604cf485c4e5fa0b7f7800060,4.406973632865084,5fdf6bbcfe08e8c0191a7805,602cbafd78d3fda29f330615,106
675,75066,604cf485c4e5fa0b7f7800061,1.5389264429922611,5fdf6bbcfe08e8c0191a7805,602cbad778d3fda29f330613,102
676,75168,604cf485c4e5fa0b7f7800062,1.1824892222453887,5fdf6bbcfe08e8c0191a7805,602cba3778d3fda29f33060b,110
677,75278,604cf485c4e5fa0b7f7800063,6.11836428015892,5fdf6bbcfe08e8c0191a7805,602cba1878d3fda29f33060a,110
678,75388,604cf485c4e5fa0b7f7800064,4.9020394058703065,5fdf6bbcfe08e8c0191a7805,602cbb7278d3fda29f33061a,98
679,75486,604cf485c4e5fa0b7f7800065,2.89512227442967,5fdf6bbcfe08e8c0191a7805,602cbb1678d3fda29f330616,124
680,75610,604cf485c4e5fa0b7f7800066,8.961492398463486,5fdf6bbcfe08e8c0191a7805,602cb9e778d3fda29f330608,95
681,75705,604cf485c4e5fa0b7f7800067,1.7125051618279516,5fdf6bbcfe08e8c0191a7805,602cbaa578d3fda29f330610,110
682,75815,604cf485c4e5fa0b7f7800068,7.7853524588517065,5fdf6bbcfe08e8c0191a7805,602cb70978d3fda29f330606,129
683,75944,604cf485c4e5fa0b7f7800069,7.537181561176515,5fdf6bbcfe08e8c0191a7805,602cb9f578d3fda29f330609,89
684,76033,604cf485c4e5fa0b7f7800070,2.5435064322138046,5fdf6bbcfe08e8c0191a7805,602cb70978d3fda29f330606,109
685,76142,604cf485c4e5fa0b7f7800071,4.118090961971154,5fdf6bbcfe08e8c0191a7805,6040f7b1ea9fe1b149832104,109
686,76251,604cf485c4e5fa0b7f7800072,9.50320096818259,5fdf6bbcfe08e8c0191a7805,602cbae778d3fda29f330614,95
687,76346,604cf485c4e5fa0b7f7800073,3.3382956186251,5fdf6bbcfe08e8c0191a7805,602cbb1678d3fda29f330616,118
688,76464,604cf485c4e5fa0b7f7800074,3.0109779902938283,5fdf6bbcfe08e8c0191a7805,602cc37178d3fda29f33061b,116
689,76580,604cf485c4e5fa0b7f7800075,7.10263182485422,5fdf6bbcfe08e8c0191a7805,602cbb2c78d3fda29f330617,112
690,76692,604cf485c4e5fa0b7f7800076,9.745009143896954,5fdf6bbcfe08e8c0191a7805,602cba8f78d3fda29f33060f,108
691,76800,604cf485c4e5fa0b7f7800077,4.840284430209324,5fdf6bbcfe08e8c0191a7805,602cba7678d3fda29f33060e,128
692,76928,604cf485c4e5fa0b7f7800078,6.186668905500329,5fdf6bbcfe08e8c0191a7805,602cb9e778d3fda29f330608,109
693,77037,604cf485c4e5fa0b7f7800079,2.557782659873587,5fdf6bbcfe08e8c0191a7805,6040f7b1ea9fe1b149832104,110
694,77147,604cf485c4e5fa0b7f7800080,1.3019109257095165,5fdf6bbcfe08e8c0191a7805,602cb9e778d3fda29f330608,114
695,77261,604cf485c4e5fa0b7f7800081,8.755034116368732,5fdf6bbcfe08e8c0191a7805,602cbb2c78d3fda29f330617,121
696,77382,604cf485c4e5fa0b7f7800082,3.06840028212937,5fdf6bbcfe08e8c0191a7805,602cbb7278d3fda29f33061a,108
697,77490,604cf485c4e5fa0b7f7800083,6.518405477117289,5fdf6bbcfe08e8c0191a7805,6040f7b1ea9fe1b149832104,106
698,77596,604cf485c4e5fa0b7f7800084,9.059113967883018,5fdf6bbcfe08e8c0191a7805,602cbb4878d3fda29f330618,118
699,77714,604cf485c4e5fa0b7f7800085,3.8458428572181367,5fdf6bbcfe08e8c0191a7805,602cc37178d3fda29f33061b,116
700,77830,604cf485c4e5fa0b7f7800086,4.171717045102595,5fdf6bbcfe08e8c0191a7805,602cb9e778d3fda29f330608,139
701,77969,604cf485c4e5fa0b7f7800087,4.981724798243029,5fdf6bbcfe08e8c0191a7805,602cc37178d3fda29f33061b,107
702,78076,604cf485c4e5fa0b7f7800088,6.329314674384143,5fdf6bbcfe08e8c0191a7805,602cba8f78d3fda29f33060f,116
703,78192,604cf485c4e5fa0b7f7800089,1.2939410891395808,5fdf6bbcfe08e8c0191a7805,602cba8f78d3fda29f33060f,107
704,78299,604cf485c4e5fa0b7f7800090,9.40769242479641,5fdf6bbcfe08e8c0191a7805,602cbaca78d3fda29f330612,105
705,78404,604cf485c4e5fa0b7f7800091,1.8118850325945541,5fdf6bbcfe08e8c0191a7805,605dcb9626e482412f150f38,109
706,78513,604cf485c4e5fa0b7f7800092,2.9494972708348097,5fdf6bbcfe08e8c0191a7805,602cba5378d3fda29f33060c,112
707,78625,604cf485c4e5fa0b7f7800093,5.432308629081268,5fdf6bbcfe08e8c0191a7805,602cbb5778d3fda29f330619,111
708,78736,604cf485c4e5fa0b7f7800094,1.4596341794254784,5fdf6bbcfe08e8c0191a7805,602cc37178d3fda29f33061b,92
709,78828,604cf485c4e5fa0b7f7800095,5.743582235271213,5fdf6bbcfe08e8c0191a7805,605dcb9626e482412f150f38,127
710,78955,604cf485c4e5fa0b7f7800096,7.049187176391233,5fdf6bbcfe08e8c0191a7805,602cbb7278d3fda29f33061a,136
711,79091,604cf485c4e5fa0b7f7800097,5.460465383192439,5fdf6bbcfe08e8c0191a7805,6040f7b1ea9fe1b149832104,124
712,79215,604cf485c4e5fa0b7f7800098,7.404242377660914,5fdf6bbcfe08e8c0191a7805,602cb8bf78d3fda29f330607,107
713,79322,604cf485c4e5fa0b7f7800099,7.1285445391711875,5fdf6bbcfe08e8c0191a7805,602cbab678d3fda29f330611,119
714,79441,604cf485c4e5fa0b7f7800100,8.74873274407662,5fdf6bbcfe08e8c0191a7805,602cbb4878d3fda29f330618,119
715,79560,604cf485c4e5fa0b7f7800101,8.24288598142106,5fdf6bbcfe08e8c0191a7805,602cbae778d3fda29f330614,108
716,79668,604cf485c4e5fa0b7f7800102,9.987942744451288,5fdf6bbcfe08e8c0191a7805,602cba1878d3fda29f33060a,115
717,79783,604cf485c4e5fa0b7f7800103,9.279735111217168,5fdf6bbcfe08e8c0191a7805,602cba8f78d3fda29f33060f,93
718,79876,604cf485c4e5fa0b7f7800104,4.177269631770711,5fdf6bbcfe08e8c0191a7805,6040f7b1ea9fe1b149832104,119
719,79995,604cf485c4e5fa0b7f7800105,2.025659383934352,5fdf6bbcfe08e8c0191a7805,602cbb1678d3fda29f330616,99
720,80094,604cf485c4e5fa0b7f7800106,1.7498653893469123,5fdf6bbcfe08e8c0191a7805,602cba6178d3fda29f33060d,97
721,80191,604cf485c4e5fa0b7f7800107,7.877735325283364,5fdf6bbcfe08e8c0191a7805,602cb9e778d3fda29f330608,104
722,80295,604cf485c4e5fa0b7f7800108,8.85022951258206,5fdf6bbcfe08e8c0191a7805,602cba8f78d3fda29f33060f,121
723,80416,604cf485c4e5fa0b7f7800109,5.267285911402147,5fdf6bbcfe08e8c0191a7805,602cbb4878d3fda29f330618,100
724,80516,604cf485c4e5fa0b7f7800110,7.493690986605493,5fdf6bbcfe08e8c0191a7805,602cbb1678d3fda29f330616,132
725,80648,604cf485c4e5fa0b7f7800111,6.858924475124139,5fdf6bbcfe08e8c0191a7805,602cb8bf78d3fda29f330607,123
726,80771,604cf485c4e5fa0b7f7800112,5.19953479129275,5fdf6bbcfe08e8c0191a7805,605dcb9626e482412f150f38,124
727,80895,604cf485c4e5fa0b7f7800113,4.009994056210534,5fdf6bbcfe08e8c0191a7805,602cbae778d3fda29f330614,111
728,81006,604cf485c4e5fa0b7f7800114,6.854218257724763,5fdf6bbcfe08e8c0191a7805,602cb8bf78d3fda29f330607,90
729,81096,604cf485c4e5fa0b7f7800115,2.811253820064205,5fdf6bbcfe08e8c0191a7805,602cbaca78d3fda29f330612,110
730,81206,604cf485c4e5fa0b7f7800116,8.233789621848725,5fdf6bbcfe08e8c0191a7805,602cb8bf78d3fda29f330607,108
731,81314,604cf485c4e5fa0b7f7800117,8.902441334312417,5fdf6bbcfe08e8c0191a7805,602cbafd78d3fda29f330615,103
732,81417,604cf485c4e5fa0b7f7800118,3.6279815858887368,5fdf6bbcfe08e8c0191a7805,602cb8bf78d3fda29f330607,93
733,81510,604cf485c4e5fa0b7f7800119,9.145268864569093,5fdf6bbcfe08e8c0191a7805,602cbab678d3fda29f330611,105
734,81615,604cf485c4e5fa0b7f7800120,1.8277510217462458,5fdf6bbcfe08e8c0191a7805,602cbb7278d3fda29f33061a,107
735,81722,604cf485c4e5fa0b7f7800121,9.24103692561404,5fdf6bbcfe08e8c0191a7805,602cba7678d3fda29f33060e,98
736,81820,604cf485c4e5fa0b7f7800122,2.794591612617144,5fdf6bbcfe08e8c0191a7805,6045a067ea9fe1b149832163,112
737,81932,604cf485c4e5fa0b7f7800123,2.637657806713608,5fdf6bbcfe08e8c0191a7805,6040f7b1ea9fe1b149832104,128
738,82060,604cf485c4e5fa0b7f7800124,6.675425225916008,5fdf6bbcfe08e8c0191a7805,602cbb5778d3fda29f330619,102
739,82162,604cf485c4e5fa0b7f7800125,4.428286802207275,5fdf6bbcfe08e8c0191a7805,6045a067ea9fe1b149832163,103
740,82265,604cf485c4e5fa0b7f7800126,1.8106992715457544,5fdf6bbcfe08e8c0191a7805,602cb8bf78d3fda29f330607,99
741,82364,604cf485c4e5fa0b7f7800127,3.0777607464217303,5fdf6bbcfe08e8c0191a7805,602cbad778d3fda29f330613,95
742,82459,604cf485c4e5fa0b7f7800128,8.637410774747082,5fdf6bbcfe08e8c0191a7805,602cb8bf78d3fda29f330607,103
743,82562,604cf485c4e5fa0b7f7800129,3.820843890946434,5fdf6bbcfe08e8c0191a7805,602cbb2c78d3fda29f330617,140
744,82702,604cf485c4e5fa0b7f7800130,7.04368778852092,5fdf6bbcfe08e8c0191a7805,602cbaca78d3fda29f330612,112
745,82814,604cf485c4e5fa0b7f7800131,3.9785121749216983,5fdf6bbcfe08e8c0191a7805,602cbb2c78d3fda29f330617,121
746,82935,604cf485c4e5fa0b7f7800132,8.58387388524012,5fdf6bbcfe08e8c0191a7805,602cba1878d3fda29f33060a,110
747,83045,604cf485c4e5fa0b7f7800133,1.5325835855434,5fdf6bbcfe08e8c0191a7805,602cbb7278d3fda29f33061a,123
748,83168,604cf485c4e5fa0b7f7800134,7.923427885810299,5fdf6bbcfe08e8c0191a7805,602cb9e778d3fda29f330608,111
749,83279,604cf485c4e5fa0b7f7800135,5.440904797718985,5fdf6bbcfe08e8c0191a7805,602cb70978d3fda29f330606,126
750,83405,604cf485c4e5fa0b7f7800136,2.904059372434091,5fdf6bbcfe08e8c0191a7805,602cbaa578d3fda29f330610,117
751,83522,604cf485c4e5fa0b7f7800137,8.68792623068406,5fdf6bbcfe08e8c0191a7805,602cbae778d3fda29f330614,100
752,83622,604cf485c4e5fa0b7f7800138,7.7317527340704855,5fdf6bbcfe08e8c0191a7805,602cba3778d3fda29f33060b,96
753,83718,604cf485c4e5fa0b7f7800139,4.725552190656115,5fdf6bbcfe08e8c0191a7805,602cba6178d3fda29f33060d,99
754,83817,604cf485c4e5fa0b7f7800140,1.682025646964095,5fdf6bbcfe08e8c0191a7805,602cbafd78d3fda29f330615,124
755,83941,604cf485c4e5fa0b7f7800141,3.073220441824594,5fdf6bbcfe08e8c0191a7805,602cbaca78d3fda29f330612,111
756,84052,604cf485c4e5fa0b7f7800142,1.7522513325744837,5fdf6bbcfe08e8c0191a7805,602cbb1678d3fda29f330616,119
757,84171,604cf485c4e5fa0b7f7800143,7.5753764764570075,5fdf6bbcfe08e8c0191a7805,602cbaa578d3fda29f330610,122
758,84293,604cf485c4e5fa0b7f7800144,7.215433570744144,5fdf6bbcfe08e8c0191a7805,602cba5378d3fda29f33060c,110
759,84403,604cf485c4e5fa0b7f7800145,6.0952594840309064,5fdf6bbcfe08e8c0191a7805,605dcb9626e482412f150f38,117
760,84520,604cf485c4e5fa0b7f7800146,2.7523257785182746,5fdf6bbcfe08e8c0191a7805,602cba8f78d3fda29f33060f,102
761,84622,604cf485c4e5fa0b7f7800147,8.413665163700841,5fdf6bbcfe08e8c0191a7805,602cbb4878d3fda29f330618,105
762,84727,604cf485c4e5fa0b7f7800148,4.8328233951769075,5fdf6bbcfe08e8c0191a7805,602cb70978d3fda29f330606,125
763,84852,604cf485c4e5fa0b7f7800149,6.919450667283128,5fdf6bbcfe08e8c0191a7805,602cba1878d3fda29f33060a,103
764,84955,604cf485c4e5fa0b7f7800150,3.4493227033141474,5fdf6bbcfe08e8c0191a7805,602cba5378d3fda29f33060c,100
765,85055,604cf485c4e5fa0b7f7800151,5.460529454186648,5fdf6bbcfe08e8c0191a7805,602cbb5778d3fda29f330619,125
766,85180,604cf485c4e5fa0b7f7800152,4.177819233448006,5fdf6bbcfe08e8c0191a7805,602cbb7278d3fda29f33061a,121
767,85301,604cf485c4e5fa0b7f7800153,5.062861601737766,5fdf6bbcfe08e8c0191a7805,602cba8f78d3fda29f33060f,109
768,85410,604cf485c4e5fa0b7f7800154,3.7778307829979503,5fdf6bbcfe08e8c0191a7805,602cbad778d3fda29f330613,124
769,85534,604cf485c4e5fa0b7f7800155,3.631226792219814,5fdf6bbcfe08e8c0191a7805,602cbad778d3fda29f330613,107
770,85641,604cf485c4e5fa0b7f7800156,2.348677163479807,5fdf6bbcfe08e8c0191a7805,602cba3778d3fda29f33060b,120
771,85761,604cf485c4e5fa0b7f7800157,8.64727965254813,5fdf6bbcfe08e8c0191a7805,602cb9e778d3fda29f330608,107
772,85868,604cf485c4e5fa0b7f7800158,4.121217706755183,5fdf6bbcfe08e8c0191a7805,602cbb1678d3fda29f330616,131
773,85999,604cf485c4e5fa0b7f7800159,2.1357647723217714,5fdf6bbcfe08e8c0191a7805,602cb9e778d3fda29f330608,102
774,86101,604cf485c4e5fa0b7f7800160,4.771594261173485,5fdf6bbcfe08e8c0191a7805,602cbab678d3fda29f330611,123
775,86224,604cf485c4e5fa0b7f7800161,2.327897393061434,5fdf6bbcfe08e8c0191a7805,602cba1878d3fda29f33060a,91
776,86315,604cf485c4e5fa0b7f7800162,5.500784707421899,5fdf6bbcfe08e8c0191a7805,602cbb2c78d3fda29f330617,111
777,86426,604cf485c4e5fa0b7f7800163,2.99019182858053,5fdf6bbcfe08e8c0191a7805,602cbb4878d3fda29f330618,97
778,86523,604cf485c4e5fa0b7f7800164,3.265102805094068,5fdf6bbcfe08e8c0191a7805,602cbb4878d3fda29f330618,96
779,86619,604cf485c4e5fa0b7f7800165,8.011621114706093,5fdf6bbcfe08e8c0191a7805,602cb9e778d3fda29f330608,86
780,86705,604cf485c4e5fa0b7f7800166,6.105809178928373,5fdf6bbcfe08e8c0191a7805,602cbae778d3fda29f330614,103
781,86808,604cf485c4e5fa0b7f7800167,4.692038289778594,5fdf6bbcfe08e8c0191a7805,602cbaa578d3fda29f330610,105
782,86913,604cf485c4e5fa0b7f7800168,3.8649474810513014,5fdf6bbcfe08e8c0191a7805,6045a067ea9fe1b149832163,105
783,87018,604cf485c4e5fa0b7f7800169,2.7335825402114353,5fdf6bbcfe08e8c0191a7805,602cbafd78d3fda29f330615,104
784,87122,604cf485c4e5fa0b7f7800170,8.85341839747522,5fdf6bbcfe08e8c0191a7805,602cb9e778d3fda29f330608,121
785,87243,604cf485c4e5fa0b7f7800171,8.188391601447506,5fdf6bbcfe08e8c0191a7805,602cba1878d3fda29f33060a,106
786,87349,604cf485c4e5fa0b7f7800172,6.128969613010601,5fdf6bbcfe08e8c0191a7805,602cc37178d3fda29f33061b,90
787,87439,604cf485c4e5fa0b7f7800173,2.130371230966735,5fdf6bbcfe08e8c0191a7805,602cc37178d3fda29f33061b,101
788,87540,604cf485c4e5fa0b7f7800174,5.412690797901347,5fdf6bbcfe08e8c0191a7805,602cbb4878d3fda29f330618,146
789,87686,604cf485c4e5fa0b7f7800175,4.427707827120614,5fdf6bbcfe08e8c0191a7805,602cb9f578d3fda29f330609,111
790,87797,604cf485c4e5fa0b7f7800176,5.109097357700993,5fdf6bbcfe08e8c0191a7805,602cbaa578d3fda29f330610,109
791,87906,604cf485c4e5fa0b7f7800177,2.2119252058678915,5fdf6bbcfe08e8c0191a7805,602cbb7278d3fda29f33061a,111
792,88017,604cf485c4e5fa0b7f7800178,9.572591936091182,5fdf6bbcfe08e8c0191a7805,602cbb4878d3fda29f330618,103
793,88120,604cf485c4e5fa0b7f7800179,6.534066726065175,5fdf6bbcfe08e8c0191a7805,6045a067ea9fe1b149832163,118
794,88238,604cf485c4e5fa0b7f7800180,1.8408338108599964,5fdf6bbcfe08e8c0191a7805,602cbb5778d3fda29f330619,123
795,88361,604cf485c4e5fa0b7f7800181,2.2949177903132916,5fdf6bbcfe08e8c0191a7805,602cb8bf78d3fda29f330607,123
796,88484,604cf485c4e5fa0b7f7800182,7.497208266302852,5fdf6bbcfe08e8c0191a7805,602cbaa578d3fda29f330610,106
797,88590,604cf485c4e5fa0b7f7800183,9.780821285872086,5fdf6bbcfe08e8c0191a7805,602cba8f78d3fda29f33060f,107
798,88697,604cf485c4e5fa0b7f7800184,1.3248420632876297,5fdf6bbcfe08e8c0191a7805,602cbab678d3fda29f330611,94
799,88791,604cf485c4e5fa0b7f7800185,9.31844673776897,5fdf6bbcfe08e8c0191a7805,6045a067ea9fe1b149832163,115
800,88906,604cf485c4e5fa0b7f7800186,2.231196515036804,5fdf6bbcfe08e8c0191a7805,602cb9e778d3fda29f330608,101
801,89007,604cf485c4e5fa0b7f7800187,5.4458013346335905,5fdf6bbcfe08e8c0191a7805,602cbab678d3fda29f330611,118
802,89125,604cf485c4e5fa0b7f7800188,5.706830696487657,5fdf6bbcfe08e8c0191a7805,602cc37178d3fda29f33061b,104
803,89229,604cf485c4e5fa0b7f7800189,9.677801259982173,5fdf6bbcfe08e8c0191a7805,602cbb4878d3fda29f330618,107
804,89336,604cf485c4e5fa0b7f7800190,1.354514335497698,5fdf6bbcfe08e8c0191a7805,602cbab678d3fda29f330611,114
805,89450,604cf485c4e5fa0b7f7800191,1.5124034834997022,5fdf6bbcfe08e8c0191a7805,605dcb9626e482412f150f38,123
806,89573,604cf485c4e5fa0b7f7800192,9.670295489609261,5fdf6bbcfe08e8c0191a7805,602cbae778d3fda29f330614,103
807,89676,604cf485c4e5fa0b7f7800193,4.8175485064031145,5fdf6bbcfe08e8c0191a7805,602cb70978d3fda29f330606,105
808,89781,604cf485c4e5fa0b7f7800194,9.798383207501512,5fdf6bbcfe08e8c0191a7805,602cb70978d3fda29f330606,111
809,89892,604cf485c4e5fa0b7f7800195,1.5909833141237382,5fdf6bbcfe08e8c0191a7805,602cb9e778d3fda29f330608,130
810,90022,604cf485c4e5fa0b7f7800196,9.424192471100984,5fdf6bbcfe08e8c0191a7805,602cbb1678d3fda29f330616,110
811,90132,604cf485c4e5fa0b7f7800197,2.792239902732161,5fdf6bbcfe08e8c0191a7805,602cba3778d3fda29f33060b,120
812,90252,604cf485c4e5fa0b7f7800198,5.664709773726106,5fdf6bbcfe08e8c0191a7805,602cb9f578d3fda29f330609,112
813,90364,604cf485c4e5fa0b7f7800199,6.342131032264322,5fdf6bbcfe08e8c0191a7805,602cbb5778d3fda29f330619,123
814,90487,604cf485c4e5fa0b7f7800200,5.2304686205135695,5fdf6bbcfe08e8c0191a7805,602cc37178d3fda29f33061b,116
815,90603,604cf485c4e5fa0b7f7800201,7.5008127562017535,5fdf6bbcfe08e8c0191a7805,602cbafd78d3fda29f330615,105
816,90708,604cf485c4e5fa0b7f7800202,6.952500025986689,5fdf6bbcfe08e8c0191a7805,602cb8bf78d3fda29f330607,120
817,90828,604cf485c4e5fa0b7f7800203,6.843840618298382,5fdf6bbcfe08e8c0191a7805,602cbab678d3fda29f330611,102
818,90930,604cf485c4e5fa0b7f7800204,3.9453582439029056,5fdf6bbcfe08e8c0191a7805,602cba5378d3fda29f33060c,117
819,91047,604cf485c4e5fa0b7f7800205,7.846468123940376,5fdf6bbcfe08e8c0191a7805,602cba1878d3fda29f33060a,114
820,91161,604cf485c4e5fa0b7f7800206,9.030611089277043,5fdf6bbcfe08e8c0191a7805,602cbb7278d3fda29f33061a,110
821,91271,604cf485c4e5fa0b7f7800207,7.883149594227598,5fdf6bbcfe08e8c0191a7805,602cbae778d3fda29f330614,118
822,91389,604cf485c4e5fa0b7f7800208,6.642937536784498,5fdf6bbcfe08e8c0191a7805,602cbb4878d3fda29f330618,92
823,91481,604cf485c4e5fa0b7f7800209,7.788082301332812,5fdf6bbcfe08e8c0191a7805,6045a067ea9fe1b149832163,111
824,91592,604cf485c4e5fa0b7f7800210,7.714327378104094,5fdf6bbcfe08e8c0191a7805,605dcb9626e482412f150f38,106
825,91698,604cf485c4e5fa0b7f7800211,7.426251503390636,5fdf6bbcfe08e8c0191a7805,602cbab678d3fda29f330611,95
826,91793,604cf485c4e5fa0b7f7800212,1.940970486792431,5fdf6bbcfe08e8c0191a7805,6045a067ea9fe1b149832163,120
827,91913,604cf485c4e5fa0b7f7800213,4.637770524639604,5fdf6bbcfe08e8c0191a7805,602cb70978d3fda29f330606,108
828,92021,604cf485c4e5fa0b7f7800214,2.113043584766593,5fdf6bbcfe08e8c0191a7805,602cbae778d3fda29f330614,96
829,92117,604cf485c4e5fa0b7f7800215,3.856133039065897,5fdf6bbcfe08e8c0191a7805,602cb70978d3fda29f330606,115
830,92232,604cf485c4e5fa0b7f7800216,4.870619926597778,5fdf6bbcfe08e8c0191a7805,602cbb7278d3fda29f33061a,110
831,92342,604cf485c4e5fa0b7f7800217,8.050183581690192,5fdf6bbcfe08e8c0191a7805,602cb9e778d3fda29f330608,103
832,92445,604cf485c4e5fa0b7f7800218,8.331628752127834,5fdf6bbcfe08e8c0191a7805,602cc37178d3fda29f33061b,108
833,92553,604cf485c4e5fa0b7f7800219,9.679983550052679,5fdf6bbcfe08e8c0191a7805,602cbb2c78d3fda29f330617,115
834,92668,604cf485c4e5fa0b7f7800220,2.8114812595503027,5fdf6bbcfe08e8c0191a7805,602cc37178d3fda29f33061b,122
835,92790,604cf485c4e5fa0b7f7800221,6.783534754293693,5fdf6bbcfe08e8c0191a7805,602cbb4878d3fda29f330618,111
836,92901,604cf485c4e5fa0b7f7800222,1.4421752505894374,5fdf6bbcfe08e8c0191a7805,605dcb9626e482412f150f38,126
837,93027,604cf485c4e5fa0b7f7800223,7.944856428212678,5fdf6bbcfe08e8c0191a7805,602cbb4878d3fda29f330618,123
838,93150,604cf485c4e5fa0b7f7800224,3.113222963226672,5fdf6bbcfe08e8c0191a7805,602cc37178d3fda29f33061b,107
839,93257,604cf485c4e5fa0b7f7800225,5.464611640009669,5fdf6bbcfe08e8c0191a7805,602cbb1678d3fda29f330616,108
840,93365,604cf485c4e5fa0b7f7800226,1.4583443127355546,5fdf6bbcfe08e8c0191a7805,602cbb4878d3fda29f330618,113
841,93478,604cf485c4e5fa0b7f7800227,1.1104419316458913,5fdf6bbcfe08e8c0191a7805,602cba1878d3fda29f33060a,117
842,93595,604cf485c4e5fa0b7f7800228,6.337062126262228,5fdf6bbcfe08e8c0191a7805,602cba5378d3fda29f33060c,114
843,93709,604cf485c4e5fa0b7f7800229,9.797441863914976,5fdf6bbcfe08e8c0191a7805,602cba3778d3fda29f33060b,103
844,93812,604cf485c4e5fa0b7f7800230,4.620518088831779,5fdf6bbcfe08e8c0191a7805,602cbad778d3fda29f330613,105
845,93917,604cf485c4e5fa0b7f7800231,4.731789692864388,5fdf6bbcfe08e8c0191a7805,602cbab678d3fda29f330611,116
846,94033,604cf485c4e5fa0b7f7800232,9.333908639862353,5fdf6bbcfe08e8c0191a7805,602cba3778d3fda29f33060b,116
847,94149,604cf485c4e5fa0b7f7800233,5.375833345716671,5fdf6bbcfe08e8c0191a7805,602cbb4878d3fda29f330618,120
848,94269,604cf485c4e5fa0b7f7800234,5.559244598881424,5fdf6bbcfe08e8c0191a7805,602cb9f578d3fda29f330609,114
849,94383,604cf485c4e5fa0b7f7800235,7.051401925281134,5fdf6bbcfe08e8c0191a7805,602cba6178d3fda29f33060d,108
850,94491,604cf485c4e5fa0b7f7800236,5.240626180479133,5fdf6bbcfe08e8c0191a7805,602cb9e778d3fda29f330608,117
851,94608,604cf485c4e5fa0b7f7800237,5.975172389365894,5fdf6bbcfe08e8c0191a7805,602cba7678d3fda29f33060e,110
852,94718,604cf485c4e5fa0b7f7800238,7.630837739896396,5fdf6bbcfe08e8c0191a7805,602cbafd78d3fda29f330615,116
853,94834,604cf485c4e5fa0b7f7800239,2.5934315428221693,5fdf6bbcfe08e8c0191a7805,602cba7678d3fda29f33060e,121
854,94955,604cf485c4e5fa0b7f7800240,4.4565217670992565,5fdf6bbcfe08e8c0191a7805,602cbaca78d3fda29f330612,125
855,95080,604cf485c4e5fa0b7f7800241,3.1697928854430364,5fdf6bbcfe08e8c0191a7805,602cbafd78d3fda29f330615,123
856,95203,604cf485c4e5fa0b7f7800242,4.227999740101116,5fdf6bbcfe08e8c0191a7805,602cbb2c78d3fda29f330617,101
857,95304,604cf485c4e5fa0b7f7800243,9.278135349156042,5fdf6bbcfe08e8c0191a7805,602cbb1678d3fda29f330616,127
858,95431,604cf485c4e5fa0b7f7800244,5.7898523415063865,5fdf6bbcfe08e8c0191a7805,602cbafd78d3fda29f330615,108
859,95539,604cf485c4e5fa0b7f7800245,5.285768444549862,5fdf6bbcfe08e8c0191a7805,602cba3778d3fda29f33060b,110
860,95649,604cf485c4e5fa0b7f7800246,6.613721007408225,5fdf6bbcfe08e8c0191a7805,602cbb4878d3fda29f330618,103
861,95752,604cf485c4e5fa0b7f7800247,3.148719468876426,5fdf6bbcfe08e8c0191a7805,602cbae778d3fda29f330614,118
862,95870,604cf485c4e5fa0b7f7800248,8.89633541803424,5fdf6bbcfe08e8c0191a7805,602cbb4878d3fda29f330618,107
863,95977,604cf485c4e5fa0b7f7800249,4.996157499419524,5fdf6bbcfe08e8c0191a7805,602cbb2c78d3fda29f330617,127
864,96104,604cf485c4e5fa0b7f7800250,8.239272430957756,5fdf6bbcfe08e8c0191a7805,602cba1878d3fda29f33060a,115
865,96219,604cf485c4e5fa0b7f7800251,6.685708252955113,5fdf6bbcfe08e8c0191a7805,602cba7678d3fda29f33060e,94
866,96313,604cf485c4e5fa0b7f7800252,7.009776843748531,5fdf6bbcfe08e8c0191a7805,602cc37178d3fda29f33061b,117
867,96430,604cf485c4e5fa0b7f7800253,7.5223181549776035,5fdf6bbcfe08e8c0191a7805,602cb9f578d3fda29f330609,109
868,96539,604cf485c4e5fa0b7f7800254,5.581737875255474,5fdf6bbcfe08e8c0191a7805,602cb9e778d3fda29f330608,109
869,96648,604cf485c4e5fa0b7f7800255,2.2843969480633746,5fdf6bbcfe08e8c0191a7805,602cbad778d3fda29f330613,117
870,96765,604cf485c4e5fa0b7f7800256,2.6219703235373633,5fdf6bbcfe08e8c0191a7805,602cba8f78d3fda29f33060f,115
871,96880,604cf485c4e5fa0b7f7800257,2.5781243056922425,5fdf6bbcfe08e8c0191a7805,602cba8f78d3fda29f33060f,112
872,96992,604cf485c4e5fa0b7f7800258,4.0131507241192335,5fdf6bbcfe08e8c0191a7805,602cb9f578d3fda29f330609,99
873,97091,604cf485c4e5fa0b7f7800259,8.571440523375895,5fdf6bbcfe08e8c0191a7805,602cba5378d3fda29f33060c,126
874,97217,604cf485c4e5fa0b7f7800260,5.862555350194876,5fdf6bbcfe08e8c0191a7805,602cba1878d3fda29f33060a,116
875,97333,604cf485c4e5fa0b7f7800261,4.113634728849096,5fdf6bbcfe08e8c0191a7805,602cb9e778d3fda29f330608,110
876,97443,604cf485c4e5fa0b7f7800262,8.915132923984103,5fdf6bbcfe08e8c0191a7805,602cb9f578d3fda29f330609,124
877,97567,604cf485c4e5fa0b7f7800263,9.292238080713165,5fdf6bbcfe08e8c0191a7805,602cba8f78d3fda29f33060f,85
878,97652,604cf485c4e5fa0b7f7800264,9.41410511207291,5fdf6bbcfe08e8c0191a7805,602cb8bf78d3fda29f330607,108
879,97760,604cf485c4e5fa0b7f7800265,3.8403726542221346,5fdf6bbcfe08e8c0191a7805,602cbab678d3fda29f330611,113
880,97873,604cf485c4e5fa0b7f7800266,1.9072881127986823,5fdf6bbcfe08e8c0191a7805,602cba8f78d3fda29f33060f,119
881,97992,604cf485c4e5fa0b7f7800267,6.977291908224669,5fdf6bbcfe08e8c0191a7805,602cb9f578d3fda29f330609,98
882,98090,604cf485c4e5fa0b7f7800268,2.503522310406086,5fdf6bbcfe08e8c0191a7805,602cbab678d3fda29f330611,109
883,98199,604cf485c4e5fa0b7f7800269,6.880955295587221,5fdf6bbcfe08e8c0191a7805,605dcb9626e482412f150f38,105
884,98304,604cf485c4e5fa0b7f7800270,1.8048813285817178,5fdf6bbcfe08e8c0191a7805,602cbb1678d3fda29f330616,102
885,98406,604cf485c4e5fa0b7f7800271,4.676555200416872,5fdf6bbcfe08e8c0191a7805,602cba5378d3fda29f33060c,130
886,98536,604cf485c4e5fa0b7f7800272,4.402531523331081,5fdf6bbcfe08e8c0191a7805,602cbab678d3fda29f330611,111
887,98647,604cf485c4e5fa0b7f7800273,5.2380204188047355,5fdf6bbcfe08e8c0191a7805,602cb70978d3fda29f330606,98
888,98745,604cf485c4e5fa0b7f7800274,8.28295446477255,5fdf6bbcfe08e8c0191a7805,602cbaa578d3fda29f330610,103
889,98848,604cf485c4e5fa0b7f7800275,6.814878761862878,5fdf6bbcfe08e8c0191a7805,602cb9e778d3fda29f330608,106
890,98954,604cf485c4e5fa0b7f7800276,3.139444856701062,5fdf6bbcfe08e8c0191a7805,602cba1878d3fda29f33060a,115
891,99069,604cf485c4e5fa0b7f7800277,2.8075454274100773,5fdf6bbcfe08e8c0191a7805,602cba7678d3fda29f33060e,99
892,99168,604cf485c4e5fa0b7f7800278,6.610472925393326,5fdf6bbcfe08e8c0191a7805,602cb70978d3fda29f330606,119
893,99287,604cf485c4e5fa0b7f7800279,1.6192297013371864,5fdf6bbcfe08e8c0191a7805,602cbb4878d3fda29f330618,93
894,99380,604cf485c4e5fa0b7f7800280,1.491152905852318,5fdf6bbcfe08e8c0191a7805,602cba6178d3fda29f33060d,121
895,99501,604cf485c4e5fa0b7f7800281,1.9804487202835075,5fdf6bbcfe08e8c0191a7805,602cba8f78d3fda29f33060f,112
896,99613,604cf485c4e5fa0b7f7800282,8.588472155512441,5fdf6bbcfe08e8c0191a7805,602cb9e778d3fda29f330608,94
897,99707,604cf485c4e5fa0b7f7800283,7.655763577999913,5fdf6bbcfe08e8c0191a7805,602cbaa578d3fda29f330610,102
898,99809,604cf485c4e5fa0b7f7800284,6.161116227805781,5fdf6bbcfe08e8c0191a7805,602cbad778d3fda29f330613,96
899,99905,604cf485c4e5fa0b7f7800285,1.2171379423620996,5fdf6bbcfe08e8c0191a7805,602cba1878d3fda29f33060a,95
