,resourceId,fromUserId_x,longitude,latitude,created_dates,updated_dates
2341,604cf485c4e5fa0b7f7799409,5fdf6bbcfe08e8c0191a7824,-74.0089300796739,51.60503024576396,2021-02-02,2021-04-22
2342,604cf485c4e5fa0b7f7799409,5fdf6bbcfe08e8c0191a7824,-74.0089300796739,51.60503024576396,2021-02-02,2021-04-22
2343,604cf485c4e5fa0b7f7799409,5fdf6bbcfe08e8c0191a7824,-74.0089300796739,51.60503024576396,2021-02-02,2021-04-22
2344,604cf485c4e5fa0b7f7799409,5fdf6bbcfe08e8c0191a7824,-74.0089300796739,51.60503024576396,2021-02-02,2021-04-22
2345,604cf485c4e5fa0b7f7799409,5fdf6bbcfe08e8c0191a7824,-74.0089300796739,51.60503024576396,2021-02-02,2021-04-22
2346,604cf485c4e5fa0b7f7799409,5fdf6bbcfe08e8c0191a7824,-74.0089300796739,51.60503024576396,2021-02-02,2021-04-22
2347,604cf485c4e5fa0b7f7799409,5fdf6bbcfe08e8c0191a7824,-74.0089300796739,51.60503024576396,2021-02-02,2021-04-22
2348,604cf485c4e5fa0b7f7799409,5fdf6bbcfe08e8c0191a7824,-74.0089300796739,51.60503024576396,2021-02-02,2021-04-22
2349,604cf485c4e5fa0b7f7799409,5fdf6bbcfe08e8c0191a7824,-74.0089300796739,51.60503024576396,2021-02-02,2021-04-22
2350,604cf485c4e5fa0b7f7799409,5fdf6bbcfe08e8c0191a7824,-74.0089300796739,51.60503024576396,2021-02-02,2021-04-22
2351,604cf485c4e5fa0b7f7799409,5fdf6bbcfe08e8c0191a7824,-74.0089300796739,51.60503024576396,2021-02-02,2021-04-22
2352,604cf485c4e5fa0b7f7799409,5fdf6bbcfe08e8c0191a7824,-74.0089300796739,51.60503024576396,2021-02-02,2021-04-22
2353,604cf485c4e5fa0b7f7799409,5fdf6bbcfe08e8c0191a7824,-74.0089300796739,51.60503024576396,2021-02-02,2021-04-22
2354,604cf485c4e5fa0b7f7799409,5fdf6bbcfe08e8c0191a7824,-74.0089300796739,51.60503024576396,2021-02-02,2021-04-22
2355,604cf485c4e5fa0b7f7799409,5fdf6bbcfe08e8c0191a7824,-74.0089300796739,51.60503024576396,2021-02-02,2021-04-22
2356,604cf485c4e5fa0b7f7799409,5fdf6bbcfe08e8c0191a7824,-74.0089300796739,51.60503024576396,2021-02-02,2021-04-22
2357,604cf485c4e5fa0b7f7799409,5fdf6bbcfe08e8c0191a7824,-74.0089300796739,51.60503024576396,2021-02-02,2021-04-22
2358,604cf485c4e5fa0b7f7799409,5fdf6bbcfe08e8c0191a7824,-74.0089300796739,51.60503024576396,2021-02-02,2021-04-22
2359,604cf485c4e5fa0b7f7799409,5fdf6bbcfe08e8c0191a7824,-74.0089300796739,51.60503024576396,2021-02-02,2021-04-22
2360,604cf485c4e5fa0b7f7799409,5fdf6bbcfe08e8c0191a7824,-74.0089300796739,51.60503024576396,2021-02-02,2021-04-22
2361,604cf485c4e5fa0b7f7799409,5fdf6bbcfe08e8c0191a7824,-74.0089300796739,51.60503024576396,2021-02-02,2021-04-22
2362,604cf485c4e5fa0b7f7799409,5fdf6bbcfe08e8c0191a7824,-74.0089300796739,51.60503024576396,2021-02-02,2021-04-22
2363,604cf485c4e5fa0b7f7799409,5fdf6bbcfe08e8c0191a7824,-74.0089300796739,51.60503024576396,2021-02-02,2021-04-22
2364,604cf485c4e5fa0b7f7799409,5fdf6bbcfe08e8c0191a7824,-74.0089300796739,51.60503024576396,2021-02-02,2021-04-22
2365,604cf485c4e5fa0b7f7799409,5fdf6bbcfe08e8c0191a7824,-74.0089300796739,51.60503024576396,2021-02-02,2021-04-22
2366,604cf485c4e5fa0b7f7799409,5fdf6bbcfe08e8c0191a7824,-74.0089300796739,51.60503024576396,2021-02-02,2021-04-22
2367,604cf485c4e5fa0b7f7799409,5fdf6bbcfe08e8c0191a7824,-74.0089300796739,51.60503024576396,2021-02-02,2021-04-22
2368,604cf485c4e5fa0b7f7799409,5fdf6bbcfe08e8c0191a7824,-74.0089300796739,51.60503024576396,2021-02-02,2021-04-22
2369,604cf485c4e5fa0b7f7799409,5fdf6bbcfe08e8c0191a7824,-74.0089300796739,51.60503024576396,2021-02-02,2021-04-22
2370,604cf485c4e5fa0b7f7799409,5fdf6bbcfe08e8c0191a7824,-74.0089300796739,51.60503024576396,2021-02-02,2021-04-22
2371,604cf485c4e5fa0b7f7799409,5fdf6bbcfe08e8c0191a7824,-74.0089300796739,51.60503024576396,2021-02-02,2021-04-22
2372,604cf485c4e5fa0b7f7799409,5fdf6bbcfe08e8c0191a7824,-74.0089300796739,51.60503024576396,2021-02-02,2021-04-22
2373,604cf485c4e5fa0b7f7799409,5fdf6bbcfe08e8c0191a7824,-74.0089300796739,51.60503024576396,2021-02-02,2021-04-22
2374,604cf485c4e5fa0b7f7799409,5fdf6bbcfe08e8c0191a7824,-74.0089300796739,51.60503024576396,2021-02-02,2021-04-22
2375,604cf485c4e5fa0b7f7799409,5fdf6bbcfe08e8c0191a7824,-74.0089300796739,51.60503024576396,2021-02-02,2021-04-22
2376,604cf485c4e5fa0b7f7799409,5fdf6bbcfe08e8c0191a7824,-74.0089300796739,51.60503024576396,2021-02-02,2021-04-22
2377,604cf485c4e5fa0b7f7799409,5fdf6bbcfe08e8c0191a7824,-74.0089300796739,51.60503024576396,2021-02-02,2021-04-22
2378,604cf485c4e5fa0b7f7799409,5fdf6bbcfe08e8c0191a7824,-74.0089300796739,51.60503024576396,2021-02-02,2021-04-22
2379,604cf485c4e5fa0b7f7799409,5fdf6bbcfe08e8c0191a7824,-74.0089300796739,51.60503024576396,2021-02-02,2021-04-22
2380,604cf485c4e5fa0b7f7799409,5fdf6bbcfe08e8c0191a7824,-74.0089300796739,51.60503024576396,2021-02-02,2021-04-22
2381,604cf485c4e5fa0b7f7799409,5fdf6bbcfe08e8c0191a7824,-74.0089300796739,51.60503024576396,2021-02-02,2021-04-22
2382,604cf485c4e5fa0b7f7799409,5fdf6bbcfe08e8c0191a7824,-74.0089300796739,51.60503024576396,2021-02-02,2021-04-22
2383,604cf485c4e5fa0b7f7799409,5fdf6bbcfe08e8c0191a7824,-74.0089300796739,51.60503024576396,2021-02-02,2021-04-22
2384,604cf485c4e5fa0b7f7799409,5fdf6bbcfe08e8c0191a7824,-74.0089300796739,51.60503024576396,2021-02-02,2021-04-22
2385,604cf485c4e5fa0b7f7799409,5fdf6bbcfe08e8c0191a7824,-74.0089300796739,51.60503024576396,2021-02-02,2021-04-22
2386,604cf485c4e5fa0b7f7799409,5fdf6bbcfe08e8c0191a7824,-74.0089300796739,51.60503024576396,2021-02-02,2021-04-22
2387,604cf485c4e5fa0b7f7799409,5fdf6bbcfe08e8c0191a7824,-74.0089300796739,51.60503024576396,2021-02-02,2021-04-22
2388,604cf485c4e5fa0b7f7799409,5fdf6bbcfe08e8c0191a7824,-74.0089300796739,51.60503024576396,2021-02-02,2021-04-22
2389,604cf485c4e5fa0b7f7799409,5fdf6bbcfe08e8c0191a7824,-74.0089300796739,51.60503024576396,2021-02-02,2021-04-22
2390,604cf485c4e5fa0b7f7799409,5fdf6bbcfe08e8c0191a7824,-74.0089300796739,51.60503024576396,2021-02-02,2021-04-22
2391,604cf485c4e5fa0b7f7799409,5fdf6bbcfe08e8c0191a7824,-74.0089300796739,51.60503024576396,2021-02-02,2021-04-22
2392,604cf485c4e5fa0b7f7799409,5fdf6bbcfe08e8c0191a7824,-74.0089300796739,51.60503024576396,2021-02-02,2021-04-22
2393,604cf485c4e5fa0b7f7799409,5fdf6bbcfe08e8c0191a7824,-74.0089300796739,51.60503024576396,2021-02-02,2021-04-22
2394,604cf485c4e5fa0b7f7799409,5fdf6bbcfe08e8c0191a7824,-74.0089300796739,51.60503024576396,2021-02-02,2021-04-22
2395,604cf485c4e5fa0b7f7799409,5fdf6bbcfe08e8c0191a7824,-74.0089300796739,51.60503024576396,2021-02-02,2021-04-22
2396,604cf485c4e5fa0b7f7799409,5fdf6bbcfe08e8c0191a7824,-74.0089300796739,51.60503024576396,2021-02-02,2021-04-22
2397,604cf485c4e5fa0b7f7799409,5fdf6bbcfe08e8c0191a7824,-74.0089300796739,51.60503024576396,2021-02-02,2021-04-22
2398,604cf485c4e5fa0b7f7799409,5fdf6bbcfe08e8c0191a7824,-74.0089300796739,51.60503024576396,2021-02-02,2021-04-22
2399,604cf485c4e5fa0b7f7799409,5fdf6bbcfe08e8c0191a7824,-74.0089300796739,51.60503024576396,2021-02-02,2021-04-22
2400,604cf485c4e5fa0b7f7799409,5fdf6bbcfe08e8c0191a7824,-74.0089300796739,51.60503024576396,2021-02-02,2021-04-22
2401,604cf485c4e5fa0b7f7799409,5fdf6bbcfe08e8c0191a7824,-74.0089300796739,51.60503024576396,2021-02-02,2021-04-22
2402,604cf485c4e5fa0b7f7799409,5fdf6bbcfe08e8c0191a7824,-74.0089300796739,51.60503024576396,2021-02-02,2021-04-22
2403,604cf485c4e5fa0b7f7799409,5fdf6bbcfe08e8c0191a7824,-74.0089300796739,51.60503024576396,2021-02-02,2021-04-22
2404,604cf485c4e5fa0b7f7799409,5fdf6bbcfe08e8c0191a7824,-74.0089300796739,51.60503024576396,2021-02-02,2021-04-22
2405,604cf485c4e5fa0b7f7799409,5fdf6bbcfe08e8c0191a7824,-74.0089300796739,51.60503024576396,2021-02-02,2021-04-22
2406,604cf485c4e5fa0b7f7799409,5fdf6bbcfe08e8c0191a7824,-74.0089300796739,51.60503024576396,2021-02-02,2021-04-22
2407,604cf485c4e5fa0b7f7799409,5fdf6bbcfe08e8c0191a7824,-74.0089300796739,51.60503024576396,2021-02-02,2021-04-22
2408,604cf485c4e5fa0b7f7799409,5fdf6bbcfe08e8c0191a7824,-74.0089300796739,51.60503024576396,2021-02-02,2021-04-22
2409,604cf485c4e5fa0b7f7799409,5fdf6bbcfe08e8c0191a7824,-74.0089300796739,51.60503024576396,2021-02-02,2021-04-22
2410,604cf485c4e5fa0b7f7799409,5fdf6bbcfe08e8c0191a7824,-74.0089300796739,51.60503024576396,2021-02-02,2021-04-22
2411,604cf485c4e5fa0b7f7799409,5fdf6bbcfe08e8c0191a7824,-74.0089300796739,51.60503024576396,2021-02-02,2021-04-22
2412,604cf485c4e5fa0b7f7799409,5fdf6bbcfe08e8c0191a7824,-74.0089300796739,51.60503024576396,2021-02-02,2021-04-22
2413,604cf485c4e5fa0b7f7799409,5fdf6bbcfe08e8c0191a7824,-74.0089300796739,51.60503024576396,2021-02-02,2021-04-22
2414,604cf485c4e5fa0b7f7799409,5fdf6bbcfe08e8c0191a7824,-74.0089300796739,51.60503024576396,2021-02-02,2021-04-22
2415,604cf485c4e5fa0b7f7799409,5fdf6bbcfe08e8c0191a7824,-74.0089300796739,51.60503024576396,2021-02-02,2021-04-22
2416,604cf485c4e5fa0b7f7799409,5fdf6bbcfe08e8c0191a7824,-74.0089300796739,51.60503024576396,2021-02-02,2021-04-22
2417,604cf485c4e5fa0b7f7799409,5fdf6bbcfe08e8c0191a7824,-74.0089300796739,51.60503024576396,2021-02-02,2021-04-22
2418,604cf485c4e5fa0b7f7799409,5fdf6bbcfe08e8c0191a7824,-74.0089300796739,51.60503024576396,2021-02-02,2021-04-22
2419,604cf485c4e5fa0b7f7799409,5fdf6bbcfe08e8c0191a7824,-74.0089300796739,51.60503024576396,2021-02-02,2021-04-22
2420,604cf485c4e5fa0b7f7799409,5fdf6bbcfe08e8c0191a7824,-74.0089300796739,51.60503024576396,2021-02-02,2021-04-22
2421,604cf485c4e5fa0b7f7799409,5fdf6bbcfe08e8c0191a7824,-74.0089300796739,51.60503024576396,2021-02-02,2021-04-22
2422,604cf485c4e5fa0b7f7799409,5fdf6bbcfe08e8c0191a7824,-74.0089300796739,51.60503024576396,2021-02-02,2021-04-22
2423,604cf485c4e5fa0b7f7799409,5fdf6bbcfe08e8c0191a7824,-74.0089300796739,51.60503024576396,2021-02-02,2021-04-22
2424,604cf485c4e5fa0b7f7799409,5fdf6bbcfe08e8c0191a7824,-74.0089300796739,51.60503024576396,2021-02-02,2021-04-22
2425,604cf485c4e5fa0b7f7799409,5fdf6bbcfe08e8c0191a7824,-74.0089300796739,51.60503024576396,2021-02-02,2021-04-22
2426,604cf485c4e5fa0b7f7799409,5fdf6bbcfe08e8c0191a7824,-74.0089300796739,51.60503024576396,2021-02-02,2021-04-22
2427,604cf485c4e5fa0b7f7799409,5fdf6bbcfe08e8c0191a7824,-74.0089300796739,51.60503024576396,2021-02-02,2021-04-22
2428,604cf485c4e5fa0b7f7799409,5fdf6bbcfe08e8c0191a7824,-74.0089300796739,51.60503024576396,2021-02-02,2021-04-22
2429,604cf485c4e5fa0b7f7799409,5fdf6bbcfe08e8c0191a7824,-74.0089300796739,51.60503024576396,2021-02-02,2021-04-22
2430,604cf485c4e5fa0b7f7799409,5fdf6bbcfe08e8c0191a7824,-74.0089300796739,51.60503024576396,2021-02-02,2021-04-22
2431,604cf485c4e5fa0b7f7799409,5fdf6bbcfe08e8c0191a7824,-74.0089300796739,51.60503024576396,2021-02-02,2021-04-22
2432,604cf485c4e5fa0b7f7799409,5fdf6bbcfe08e8c0191a7824,-74.0089300796739,51.60503024576396,2021-02-02,2021-04-22
2433,604cf485c4e5fa0b7f7799409,5fdf6bbcfe08e8c0191a7824,-74.0089300796739,51.60503024576396,2021-02-02,2021-04-22
2434,604cf485c4e5fa0b7f7799409,5fdf6bbcfe08e8c0191a7824,-74.0089300796739,51.60503024576396,2021-02-02,2021-04-22
2435,604cf485c4e5fa0b7f7799409,5fdf6bbcfe08e8c0191a7824,-74.0089300796739,51.60503024576396,2021-02-02,2021-04-22
2436,604cf485c4e5fa0b7f7799409,5fdf6bbcfe08e8c0191a7824,-74.0089300796739,51.60503024576396,2021-02-02,2021-04-22
2437,604cf485c4e5fa0b7f7799409,5fdf6bbcfe08e8c0191a7824,-74.0089300796739,51.60503024576396,2021-02-02,2021-04-22
2438,604cf485c4e5fa0b7f7799409,5fdf6bbcfe08e8c0191a7824,-74.0089300796739,51.60503024576396,2021-02-02,2021-04-22
2646,604cf485c4e5fa0b7f7799412,5fdf6bbcfe08e8c0191a7831,-72.4626253305971,53.65570242754632,2021-07-04,2021-04-20
2647,604cf485c4e5fa0b7f7799412,5fdf6bbcfe08e8c0191a7831,-72.4626253305971,53.65570242754632,2021-07-04,2021-04-20
2648,604cf485c4e5fa0b7f7799412,5fdf6bbcfe08e8c0191a7831,-72.4626253305971,53.65570242754632,2021-07-04,2021-04-20
2649,604cf485c4e5fa0b7f7799412,5fdf6bbcfe08e8c0191a7831,-72.4626253305971,53.65570242754632,2021-07-04,2021-04-20
2650,604cf485c4e5fa0b7f7799412,5fdf6bbcfe08e8c0191a7831,-72.4626253305971,53.65570242754632,2021-07-04,2021-04-20
2651,604cf485c4e5fa0b7f7799412,5fdf6bbcfe08e8c0191a7831,-72.4626253305971,53.65570242754632,2021-07-04,2021-04-20
2652,604cf485c4e5fa0b7f7799412,5fdf6bbcfe08e8c0191a7831,-72.4626253305971,53.65570242754632,2021-07-04,2021-04-20
2653,604cf485c4e5fa0b7f7799412,5fdf6bbcfe08e8c0191a7831,-72.4626253305971,53.65570242754632,2021-07-04,2021-04-20
2654,604cf485c4e5fa0b7f7799412,5fdf6bbcfe08e8c0191a7831,-72.4626253305971,53.65570242754632,2021-07-04,2021-04-20
2655,604cf485c4e5fa0b7f7799412,5fdf6bbcfe08e8c0191a7831,-72.4626253305971,53.65570242754632,2021-07-04,2021-04-20
2656,604cf485c4e5fa0b7f7799412,5fdf6bbcfe08e8c0191a7831,-72.4626253305971,53.65570242754632,2021-07-04,2021-04-20
2657,604cf485c4e5fa0b7f7799412,5fdf6bbcfe08e8c0191a7831,-72.4626253305971,53.65570242754632,2021-07-04,2021-04-20
2658,604cf485c4e5fa0b7f7799412,5fdf6bbcfe08e8c0191a7831,-72.4626253305971,53.65570242754632,2021-07-04,2021-04-20
2659,604cf485c4e5fa0b7f7799412,5fdf6bbcfe08e8c0191a7831,-72.4626253305971,53.65570242754632,2021-07-04,2021-04-20
2660,604cf485c4e5fa0b7f7799412,5fdf6bbcfe08e8c0191a7831,-72.4626253305971,53.65570242754632,2021-07-04,2021-04-20
2661,604cf485c4e5fa0b7f7799412,5fdf6bbcfe08e8c0191a7831,-72.4626253305971,53.65570242754632,2021-07-04,2021-04-20
2662,604cf485c4e5fa0b7f7799412,5fdf6bbcfe08e8c0191a7831,-72.4626253305971,53.65570242754632,2021-07-04,2021-04-20
2663,604cf485c4e5fa0b7f7799412,5fdf6bbcfe08e8c0191a7831,-72.4626253305971,53.65570242754632,2021-07-04,2021-04-20
2664,604cf485c4e5fa0b7f7799412,5fdf6bbcfe08e8c0191a7831,-72.4626253305971,53.65570242754632,2021-07-04,2021-04-20
2665,604cf485c4e5fa0b7f7799412,5fdf6bbcfe08e8c0191a7831,-72.4626253305971,53.65570242754632,2021-07-04,2021-04-20
2666,604cf485c4e5fa0b7f7799412,5fdf6bbcfe08e8c0191a7831,-72.4626253305971,53.65570242754632,2021-07-04,2021-04-20
2667,604cf485c4e5fa0b7f7799412,5fdf6bbcfe08e8c0191a7831,-72.4626253305971,53.65570242754632,2021-07-04,2021-04-20
2668,604cf485c4e5fa0b7f7799412,5fdf6bbcfe08e8c0191a7831,-72.4626253305971,53.65570242754632,2021-07-04,2021-04-20
2669,604cf485c4e5fa0b7f7799412,5fdf6bbcfe08e8c0191a7831,-72.4626253305971,53.65570242754632,2021-07-04,2021-04-20
2670,604cf485c4e5fa0b7f7799412,5fdf6bbcfe08e8c0191a7831,-72.4626253305971,53.65570242754632,2021-07-04,2021-04-20
2671,604cf485c4e5fa0b7f7799412,5fdf6bbcfe08e8c0191a7831,-72.4626253305971,53.65570242754632,2021-07-04,2021-04-20
2672,604cf485c4e5fa0b7f7799412,5fdf6bbcfe08e8c0191a7831,-72.4626253305971,53.65570242754632,2021-07-04,2021-04-20
2673,604cf485c4e5fa0b7f7799412,5fdf6bbcfe08e8c0191a7831,-72.4626253305971,53.65570242754632,2021-07-04,2021-04-20
2674,604cf485c4e5fa0b7f7799412,5fdf6bbcfe08e8c0191a7831,-72.4626253305971,53.65570242754632,2021-07-04,2021-04-20
2675,604cf485c4e5fa0b7f7799412,5fdf6bbcfe08e8c0191a7831,-72.4626253305971,53.65570242754632,2021-07-04,2021-04-20
2676,604cf485c4e5fa0b7f7799412,5fdf6bbcfe08e8c0191a7831,-72.4626253305971,53.65570242754632,2021-07-04,2021-04-20
2677,604cf485c4e5fa0b7f7799412,5fdf6bbcfe08e8c0191a7831,-72.4626253305971,53.65570242754632,2021-07-04,2021-04-20
2678,604cf485c4e5fa0b7f7799412,5fdf6bbcfe08e8c0191a7831,-72.4626253305971,53.65570242754632,2021-07-04,2021-04-20
2679,604cf485c4e5fa0b7f7799412,5fdf6bbcfe08e8c0191a7831,-72.4626253305971,53.65570242754632,2021-07-04,2021-04-20
2680,604cf485c4e5fa0b7f7799412,5fdf6bbcfe08e8c0191a7831,-72.4626253305971,53.65570242754632,2021-07-04,2021-04-20
2681,604cf485c4e5fa0b7f7799412,5fdf6bbcfe08e8c0191a7831,-72.4626253305971,53.65570242754632,2021-07-04,2021-04-20
2682,604cf485c4e5fa0b7f7799412,5fdf6bbcfe08e8c0191a7831,-72.4626253305971,53.65570242754632,2021-07-04,2021-04-20
2683,604cf485c4e5fa0b7f7799412,5fdf6bbcfe08e8c0191a7831,-72.4626253305971,53.65570242754632,2021-07-04,2021-04-20
2684,604cf485c4e5fa0b7f7799412,5fdf6bbcfe08e8c0191a7831,-72.4626253305971,53.65570242754632,2021-07-04,2021-04-20
2685,604cf485c4e5fa0b7f7799412,5fdf6bbcfe08e8c0191a7831,-72.4626253305971,53.65570242754632,2021-07-04,2021-04-20
2686,604cf485c4e5fa0b7f7799412,5fdf6bbcfe08e8c0191a7831,-72.4626253305971,53.65570242754632,2021-07-04,2021-04-20
2687,604cf485c4e5fa0b7f7799412,5fdf6bbcfe08e8c0191a7831,-72.4626253305971,53.65570242754632,2021-07-04,2021-04-20
2688,604cf485c4e5fa0b7f7799412,5fdf6bbcfe08e8c0191a7831,-72.4626253305971,53.65570242754632,2021-07-04,2021-04-20
2689,604cf485c4e5fa0b7f7799412,5fdf6bbcfe08e8c0191a7831,-72.4626253305971,53.65570242754632,2021-07-04,2021-04-20
2690,604cf485c4e5fa0b7f7799412,5fdf6bbcfe08e8c0191a7831,-72.4626253305971,53.65570242754632,2021-07-04,2021-04-20
2691,604cf485c4e5fa0b7f7799412,5fdf6bbcfe08e8c0191a7831,-72.4626253305971,53.65570242754632,2021-07-04,2021-04-20
2692,604cf485c4e5fa0b7f7799412,5fdf6bbcfe08e8c0191a7831,-72.4626253305971,53.65570242754632,2021-07-04,2021-04-20
2693,604cf485c4e5fa0b7f7799412,5fdf6bbcfe08e8c0191a7831,-72.4626253305971,53.65570242754632,2021-07-04,2021-04-20
2694,604cf485c4e5fa0b7f7799412,5fdf6bbcfe08e8c0191a7831,-72.4626253305971,53.65570242754632,2021-07-04,2021-04-20
2695,604cf485c4e5fa0b7f7799412,5fdf6bbcfe08e8c0191a7831,-72.4626253305971,53.65570242754632,2021-07-04,2021-04-20
2696,604cf485c4e5fa0b7f7799412,5fdf6bbcfe08e8c0191a7831,-72.4626253305971,53.65570242754632,2021-07-04,2021-04-20
2697,604cf485c4e5fa0b7f7799412,5fdf6bbcfe08e8c0191a7831,-72.4626253305971,53.65570242754632,2021-07-04,2021-04-20
2698,604cf485c4e5fa0b7f7799412,5fdf6bbcfe08e8c0191a7831,-72.4626253305971,53.65570242754632,2021-07-04,2021-04-20
2699,604cf485c4e5fa0b7f7799412,5fdf6bbcfe08e8c0191a7831,-72.4626253305971,53.65570242754632,2021-07-04,2021-04-20
2700,604cf485c4e5fa0b7f7799412,5fdf6bbcfe08e8c0191a7831,-72.4626253305971,53.65570242754632,2021-07-04,2021-04-20
2701,604cf485c4e5fa0b7f7799412,5fdf6bbcfe08e8c0191a7831,-72.4626253305971,53.65570242754632,2021-07-04,2021-04-20
2702,604cf485c4e5fa0b7f7799412,5fdf6bbcfe08e8c0191a7831,-72.4626253305971,53.65570242754632,2021-07-04,2021-04-20
2703,604cf485c4e5fa0b7f7799412,5fdf6bbcfe08e8c0191a7831,-72.4626253305971,53.65570242754632,2021-07-04,2021-04-20
2704,604cf485c4e5fa0b7f7799412,5fdf6bbcfe08e8c0191a7831,-72.4626253305971,53.65570242754632,2021-07-04,2021-04-20
2705,604cf485c4e5fa0b7f7799412,5fdf6bbcfe08e8c0191a7831,-72.4626253305971,53.65570242754632,2021-07-04,2021-04-20
2706,604cf485c4e5fa0b7f7799412,5fdf6bbcfe08e8c0191a7831,-72.4626253305971,53.65570242754632,2021-07-04,2021-04-20
2707,604cf485c4e5fa0b7f7799412,5fdf6bbcfe08e8c0191a7831,-72.4626253305971,53.65570242754632,2021-07-04,2021-04-20
2708,604cf485c4e5fa0b7f7799412,5fdf6bbcfe08e8c0191a7831,-72.4626253305971,53.65570242754632,2021-07-04,2021-04-20
2709,604cf485c4e5fa0b7f7799412,5fdf6bbcfe08e8c0191a7831,-72.4626253305971,53.65570242754632,2021-07-04,2021-04-20
2710,604cf485c4e5fa0b7f7799412,5fdf6bbcfe08e8c0191a7831,-72.4626253305971,53.65570242754632,2021-07-04,2021-04-20
2711,604cf485c4e5fa0b7f7799412,5fdf6bbcfe08e8c0191a7831,-72.4626253305971,53.65570242754632,2021-07-04,2021-04-20
2712,604cf485c4e5fa0b7f7799412,5fdf6bbcfe08e8c0191a7831,-72.4626253305971,53.65570242754632,2021-07-04,2021-04-20
2713,604cf485c4e5fa0b7f7799412,5fdf6bbcfe08e8c0191a7831,-72.4626253305971,53.65570242754632,2021-07-04,2021-04-20
2714,604cf485c4e5fa0b7f7799412,5fdf6bbcfe08e8c0191a7831,-72.4626253305971,53.65570242754632,2021-07-04,2021-04-20
2715,604cf485c4e5fa0b7f7799412,5fdf6bbcfe08e8c0191a7831,-72.4626253305971,53.65570242754632,2021-07-04,2021-04-20
2716,604cf485c4e5fa0b7f7799412,5fdf6bbcfe08e8c0191a7831,-72.4626253305971,53.65570242754632,2021-07-04,2021-04-20
2717,604cf485c4e5fa0b7f7799412,5fdf6bbcfe08e8c0191a7831,-72.4626253305971,53.65570242754632,2021-07-04,2021-04-20
2718,604cf485c4e5fa0b7f7799412,5fdf6bbcfe08e8c0191a7831,-72.4626253305971,53.65570242754632,2021-07-04,2021-04-20
2719,604cf485c4e5fa0b7f7799412,5fdf6bbcfe08e8c0191a7831,-72.4626253305971,53.65570242754632,2021-07-04,2021-04-20
2720,604cf485c4e5fa0b7f7799412,5fdf6bbcfe08e8c0191a7831,-72.4626253305971,53.65570242754632,2021-07-04,2021-04-20
2721,604cf485c4e5fa0b7f7799412,5fdf6bbcfe08e8c0191a7831,-72.4626253305971,53.65570242754632,2021-07-04,2021-04-20
2722,604cf485c4e5fa0b7f7799412,5fdf6bbcfe08e8c0191a7831,-72.4626253305971,53.65570242754632,2021-07-04,2021-04-20
2723,604cf485c4e5fa0b7f7799412,5fdf6bbcfe08e8c0191a7831,-72.4626253305971,53.65570242754632,2021-07-04,2021-04-20
2724,604cf485c4e5fa0b7f7799412,5fdf6bbcfe08e8c0191a7831,-72.4626253305971,53.65570242754632,2021-07-04,2021-04-20
2725,604cf485c4e5fa0b7f7799412,5fdf6bbcfe08e8c0191a7831,-72.4626253305971,53.65570242754632,2021-07-04,2021-04-20
2726,604cf485c4e5fa0b7f7799412,5fdf6bbcfe08e8c0191a7831,-72.4626253305971,53.65570242754632,2021-07-04,2021-04-20
2727,604cf485c4e5fa0b7f7799412,5fdf6bbcfe08e8c0191a7831,-72.4626253305971,53.65570242754632,2021-07-04,2021-04-20
2728,604cf485c4e5fa0b7f7799412,5fdf6bbcfe08e8c0191a7831,-72.4626253305971,53.65570242754632,2021-07-04,2021-04-20
2729,604cf485c4e5fa0b7f7799412,5fdf6bbcfe08e8c0191a7831,-72.4626253305971,53.65570242754632,2021-07-04,2021-04-20
2730,604cf485c4e5fa0b7f7799412,5fdf6bbcfe08e8c0191a7831,-72.4626253305971,53.65570242754632,2021-07-04,2021-04-20
4991,604cf485c4e5fa0b7f7799436,5fdf6bbcfe08e8c0191a7822,-57.02309856086145,69.37595170375288,2021-03-16,2021-04-22
4992,604cf485c4e5fa0b7f7799436,5fdf6bbcfe08e8c0191a7822,-57.02309856086145,69.37595170375288,2021-03-16,2021-04-22
4993,604cf485c4e5fa0b7f7799436,5fdf6bbcfe08e8c0191a7822,-57.02309856086145,69.37595170375288,2021-03-16,2021-04-22
4994,604cf485c4e5fa0b7f7799436,5fdf6bbcfe08e8c0191a7822,-57.02309856086145,69.37595170375288,2021-03-16,2021-04-22
4995,604cf485c4e5fa0b7f7799436,5fdf6bbcfe08e8c0191a7822,-57.02309856086145,69.37595170375288,2021-03-16,2021-04-22
4996,604cf485c4e5fa0b7f7799436,5fdf6bbcfe08e8c0191a7822,-57.02309856086145,69.37595170375288,2021-03-16,2021-04-22
4997,604cf485c4e5fa0b7f7799436,5fdf6bbcfe08e8c0191a7822,-57.02309856086145,69.37595170375288,2021-03-16,2021-04-22
4998,604cf485c4e5fa0b7f7799436,5fdf6bbcfe08e8c0191a7822,-57.02309856086145,69.37595170375288,2021-03-16,2021-04-22
4999,604cf485c4e5fa0b7f7799436,5fdf6bbcfe08e8c0191a7822,-57.02309856086145,69.37595170375288,2021-03-16,2021-04-22
5000,604cf485c4e5fa0b7f7799436,5fdf6bbcfe08e8c0191a7822,-57.02309856086145,69.37595170375288,2021-03-16,2021-04-22
5001,604cf485c4e5fa0b7f7799436,5fdf6bbcfe08e8c0191a7822,-57.02309856086145,69.37595170375288,2021-03-16,2021-04-22
5002,604cf485c4e5fa0b7f7799436,5fdf6bbcfe08e8c0191a7822,-57.02309856086145,69.37595170375288,2021-03-16,2021-04-22
5003,604cf485c4e5fa0b7f7799436,5fdf6bbcfe08e8c0191a7822,-57.02309856086145,69.37595170375288,2021-03-16,2021-04-22
5004,604cf485c4e5fa0b7f7799436,5fdf6bbcfe08e8c0191a7822,-57.02309856086145,69.37595170375288,2021-03-16,2021-04-22
5005,604cf485c4e5fa0b7f7799436,5fdf6bbcfe08e8c0191a7822,-57.02309856086145,69.37595170375288,2021-03-16,2021-04-22
5006,604cf485c4e5fa0b7f7799436,5fdf6bbcfe08e8c0191a7822,-57.02309856086145,69.37595170375288,2021-03-16,2021-04-22
5007,604cf485c4e5fa0b7f7799436,5fdf6bbcfe08e8c0191a7822,-57.02309856086145,69.37595170375288,2021-03-16,2021-04-22
5008,604cf485c4e5fa0b7f7799436,5fdf6bbcfe08e8c0191a7822,-57.02309856086145,69.37595170375288,2021-03-16,2021-04-22
5009,604cf485c4e5fa0b7f7799436,5fdf6bbcfe08e8c0191a7822,-57.02309856086145,69.37595170375288,2021-03-16,2021-04-22
5010,604cf485c4e5fa0b7f7799436,5fdf6bbcfe08e8c0191a7822,-57.02309856086145,69.37595170375288,2021-03-16,2021-04-22
5011,604cf485c4e5fa0b7f7799436,5fdf6bbcfe08e8c0191a7822,-57.02309856086145,69.37595170375288,2021-03-16,2021-04-22
5012,604cf485c4e5fa0b7f7799436,5fdf6bbcfe08e8c0191a7822,-57.02309856086145,69.37595170375288,2021-03-16,2021-04-22
5013,604cf485c4e5fa0b7f7799436,5fdf6bbcfe08e8c0191a7822,-57.02309856086145,69.37595170375288,2021-03-16,2021-04-22
5014,604cf485c4e5fa0b7f7799436,5fdf6bbcfe08e8c0191a7822,-57.02309856086145,69.37595170375288,2021-03-16,2021-04-22
5015,604cf485c4e5fa0b7f7799436,5fdf6bbcfe08e8c0191a7822,-57.02309856086145,69.37595170375288,2021-03-16,2021-04-22
5016,604cf485c4e5fa0b7f7799436,5fdf6bbcfe08e8c0191a7822,-57.02309856086145,69.37595170375288,2021-03-16,2021-04-22
5017,604cf485c4e5fa0b7f7799436,5fdf6bbcfe08e8c0191a7822,-57.02309856086145,69.37595170375288,2021-03-16,2021-04-22
5018,604cf485c4e5fa0b7f7799436,5fdf6bbcfe08e8c0191a7822,-57.02309856086145,69.37595170375288,2021-03-16,2021-04-22
5019,604cf485c4e5fa0b7f7799436,5fdf6bbcfe08e8c0191a7822,-57.02309856086145,69.37595170375288,2021-03-16,2021-04-22
5020,604cf485c4e5fa0b7f7799436,5fdf6bbcfe08e8c0191a7822,-57.02309856086145,69.37595170375288,2021-03-16,2021-04-22
5021,604cf485c4e5fa0b7f7799436,5fdf6bbcfe08e8c0191a7822,-57.02309856086145,69.37595170375288,2021-03-16,2021-04-22
5022,604cf485c4e5fa0b7f7799436,5fdf6bbcfe08e8c0191a7822,-57.02309856086145,69.37595170375288,2021-03-16,2021-04-22
5023,604cf485c4e5fa0b7f7799436,5fdf6bbcfe08e8c0191a7822,-57.02309856086145,69.37595170375288,2021-03-16,2021-04-22
5024,604cf485c4e5fa0b7f7799436,5fdf6bbcfe08e8c0191a7822,-57.02309856086145,69.37595170375288,2021-03-16,2021-04-22
5025,604cf485c4e5fa0b7f7799436,5fdf6bbcfe08e8c0191a7822,-57.02309856086145,69.37595170375288,2021-03-16,2021-04-22
5026,604cf485c4e5fa0b7f7799436,5fdf6bbcfe08e8c0191a7822,-57.02309856086145,69.37595170375288,2021-03-16,2021-04-22
5027,604cf485c4e5fa0b7f7799436,5fdf6bbcfe08e8c0191a7822,-57.02309856086145,69.37595170375288,2021-03-16,2021-04-22
5028,604cf485c4e5fa0b7f7799436,5fdf6bbcfe08e8c0191a7822,-57.02309856086145,69.37595170375288,2021-03-16,2021-04-22
5029,604cf485c4e5fa0b7f7799436,5fdf6bbcfe08e8c0191a7822,-57.02309856086145,69.37595170375288,2021-03-16,2021-04-22
5030,604cf485c4e5fa0b7f7799436,5fdf6bbcfe08e8c0191a7822,-57.02309856086145,69.37595170375288,2021-03-16,2021-04-22
5031,604cf485c4e5fa0b7f7799436,5fdf6bbcfe08e8c0191a7822,-57.02309856086145,69.37595170375288,2021-03-16,2021-04-22
5032,604cf485c4e5fa0b7f7799436,5fdf6bbcfe08e8c0191a7822,-57.02309856086145,69.37595170375288,2021-03-16,2021-04-22
5033,604cf485c4e5fa0b7f7799436,5fdf6bbcfe08e8c0191a7822,-57.02309856086145,69.37595170375288,2021-03-16,2021-04-22
5034,604cf485c4e5fa0b7f7799436,5fdf6bbcfe08e8c0191a7822,-57.02309856086145,69.37595170375288,2021-03-16,2021-04-22
5035,604cf485c4e5fa0b7f7799436,5fdf6bbcfe08e8c0191a7822,-57.02309856086145,69.37595170375288,2021-03-16,2021-04-22
5036,604cf485c4e5fa0b7f7799436,5fdf6bbcfe08e8c0191a7822,-57.02309856086145,69.37595170375288,2021-03-16,2021-04-22
5037,604cf485c4e5fa0b7f7799436,5fdf6bbcfe08e8c0191a7822,-57.02309856086145,69.37595170375288,2021-03-16,2021-04-22
5038,604cf485c4e5fa0b7f7799436,5fdf6bbcfe08e8c0191a7822,-57.02309856086145,69.37595170375288,2021-03-16,2021-04-22
5039,604cf485c4e5fa0b7f7799436,5fdf6bbcfe08e8c0191a7822,-57.02309856086145,69.37595170375288,2021-03-16,2021-04-22
5040,604cf485c4e5fa0b7f7799436,5fdf6bbcfe08e8c0191a7822,-57.02309856086145,69.37595170375288,2021-03-16,2021-04-22
5041,604cf485c4e5fa0b7f7799436,5fdf6bbcfe08e8c0191a7822,-57.02309856086145,69.37595170375288,2021-03-16,2021-04-22
5042,604cf485c4e5fa0b7f7799436,5fdf6bbcfe08e8c0191a7822,-57.02309856086145,69.37595170375288,2021-03-16,2021-04-22
5043,604cf485c4e5fa0b7f7799436,5fdf6bbcfe08e8c0191a7822,-57.02309856086145,69.37595170375288,2021-03-16,2021-04-22
5044,604cf485c4e5fa0b7f7799436,5fdf6bbcfe08e8c0191a7822,-57.02309856086145,69.37595170375288,2021-03-16,2021-04-22
5045,604cf485c4e5fa0b7f7799436,5fdf6bbcfe08e8c0191a7822,-57.02309856086145,69.37595170375288,2021-03-16,2021-04-22
5046,604cf485c4e5fa0b7f7799436,5fdf6bbcfe08e8c0191a7822,-57.02309856086145,69.37595170375288,2021-03-16,2021-04-22
5047,604cf485c4e5fa0b7f7799436,5fdf6bbcfe08e8c0191a7822,-57.02309856086145,69.37595170375288,2021-03-16,2021-04-22
5048,604cf485c4e5fa0b7f7799436,5fdf6bbcfe08e8c0191a7822,-57.02309856086145,69.37595170375288,2021-03-16,2021-04-22
5049,604cf485c4e5fa0b7f7799436,5fdf6bbcfe08e8c0191a7822,-57.02309856086145,69.37595170375288,2021-03-16,2021-04-22
5050,604cf485c4e5fa0b7f7799436,5fdf6bbcfe08e8c0191a7822,-57.02309856086145,69.37595170375288,2021-03-16,2021-04-22
5051,604cf485c4e5fa0b7f7799436,5fdf6bbcfe08e8c0191a7822,-57.02309856086145,69.37595170375288,2021-03-16,2021-04-22
5052,604cf485c4e5fa0b7f7799436,5fdf6bbcfe08e8c0191a7822,-57.02309856086145,69.37595170375288,2021-03-16,2021-04-22
5053,604cf485c4e5fa0b7f7799436,5fdf6bbcfe08e8c0191a7822,-57.02309856086145,69.37595170375288,2021-03-16,2021-04-22
5054,604cf485c4e5fa0b7f7799436,5fdf6bbcfe08e8c0191a7822,-57.02309856086145,69.37595170375288,2021-03-16,2021-04-22
5055,604cf485c4e5fa0b7f7799436,5fdf6bbcfe08e8c0191a7822,-57.02309856086145,69.37595170375288,2021-03-16,2021-04-22
5056,604cf485c4e5fa0b7f7799436,5fdf6bbcfe08e8c0191a7822,-57.02309856086145,69.37595170375288,2021-03-16,2021-04-22
5057,604cf485c4e5fa0b7f7799436,5fdf6bbcfe08e8c0191a7822,-57.02309856086145,69.37595170375288,2021-03-16,2021-04-22
5058,604cf485c4e5fa0b7f7799436,5fdf6bbcfe08e8c0191a7822,-57.02309856086145,69.37595170375288,2021-03-16,2021-04-22
5059,604cf485c4e5fa0b7f7799436,5fdf6bbcfe08e8c0191a7822,-57.02309856086145,69.37595170375288,2021-03-16,2021-04-22
5060,604cf485c4e5fa0b7f7799436,5fdf6bbcfe08e8c0191a7822,-57.02309856086145,69.37595170375288,2021-03-16,2021-04-22
5061,604cf485c4e5fa0b7f7799436,5fdf6bbcfe08e8c0191a7822,-57.02309856086145,69.37595170375288,2021-03-16,2021-04-22
5062,604cf485c4e5fa0b7f7799436,5fdf6bbcfe08e8c0191a7822,-57.02309856086145,69.37595170375288,2021-03-16,2021-04-22
5063,604cf485c4e5fa0b7f7799436,5fdf6bbcfe08e8c0191a7822,-57.02309856086145,69.37595170375288,2021-03-16,2021-04-22
5064,604cf485c4e5fa0b7f7799436,5fdf6bbcfe08e8c0191a7822,-57.02309856086145,69.37595170375288,2021-03-16,2021-04-22
5065,604cf485c4e5fa0b7f7799436,5fdf6bbcfe08e8c0191a7822,-57.02309856086145,69.37595170375288,2021-03-16,2021-04-22
5066,604cf485c4e5fa0b7f7799436,5fdf6bbcfe08e8c0191a7822,-57.02309856086145,69.37595170375288,2021-03-16,2021-04-22
5067,604cf485c4e5fa0b7f7799436,5fdf6bbcfe08e8c0191a7822,-57.02309856086145,69.37595170375288,2021-03-16,2021-04-22
5068,604cf485c4e5fa0b7f7799436,5fdf6bbcfe08e8c0191a7822,-57.02309856086145,69.37595170375288,2021-03-16,2021-04-22
5069,604cf485c4e5fa0b7f7799436,5fdf6bbcfe08e8c0191a7822,-57.02309856086145,69.37595170375288,2021-03-16,2021-04-22
5070,604cf485c4e5fa0b7f7799436,5fdf6bbcfe08e8c0191a7822,-57.02309856086145,69.37595170375288,2021-03-16,2021-04-22
5071,604cf485c4e5fa0b7f7799436,5fdf6bbcfe08e8c0191a7822,-57.02309856086145,69.37595170375288,2021-03-16,2021-04-22
5072,604cf485c4e5fa0b7f7799436,5fdf6bbcfe08e8c0191a7822,-57.02309856086145,69.37595170375288,2021-03-16,2021-04-22
5073,604cf485c4e5fa0b7f7799436,5fdf6bbcfe08e8c0191a7822,-57.02309856086145,69.37595170375288,2021-03-16,2021-04-22
5854,604cf485c4e5fa0b7f7799445,5fdf6bbcfe08e8c0191a7824,-52.44872309037622,75.41299588504035,2021-03-19,2021-04-21
5855,604cf485c4e5fa0b7f7799445,5fdf6bbcfe08e8c0191a7824,-52.44872309037622,75.41299588504035,2021-03-19,2021-04-21
5856,604cf485c4e5fa0b7f7799445,5fdf6bbcfe08e8c0191a7824,-52.44872309037622,75.41299588504035,2021-03-19,2021-04-21
5857,604cf485c4e5fa0b7f7799445,5fdf6bbcfe08e8c0191a7824,-52.44872309037622,75.41299588504035,2021-03-19,2021-04-21
5858,604cf485c4e5fa0b7f7799445,5fdf6bbcfe08e8c0191a7824,-52.44872309037622,75.41299588504035,2021-03-19,2021-04-21
5859,604cf485c4e5fa0b7f7799445,5fdf6bbcfe08e8c0191a7824,-52.44872309037622,75.41299588504035,2021-03-19,2021-04-21
5860,604cf485c4e5fa0b7f7799445,5fdf6bbcfe08e8c0191a7824,-52.44872309037622,75.41299588504035,2021-03-19,2021-04-21
5861,604cf485c4e5fa0b7f7799445,5fdf6bbcfe08e8c0191a7824,-52.44872309037622,75.41299588504035,2021-03-19,2021-04-21
5862,604cf485c4e5fa0b7f7799445,5fdf6bbcfe08e8c0191a7824,-52.44872309037622,75.41299588504035,2021-03-19,2021-04-21
5863,604cf485c4e5fa0b7f7799445,5fdf6bbcfe08e8c0191a7824,-52.44872309037622,75.41299588504035,2021-03-19,2021-04-21
5864,604cf485c4e5fa0b7f7799445,5fdf6bbcfe08e8c0191a7824,-52.44872309037622,75.41299588504035,2021-03-19,2021-04-21
5865,604cf485c4e5fa0b7f7799445,5fdf6bbcfe08e8c0191a7824,-52.44872309037622,75.41299588504035,2021-03-19,2021-04-21
5866,604cf485c4e5fa0b7f7799445,5fdf6bbcfe08e8c0191a7824,-52.44872309037622,75.41299588504035,2021-03-19,2021-04-21
5867,604cf485c4e5fa0b7f7799445,5fdf6bbcfe08e8c0191a7824,-52.44872309037622,75.41299588504035,2021-03-19,2021-04-21
5868,604cf485c4e5fa0b7f7799445,5fdf6bbcfe08e8c0191a7824,-52.44872309037622,75.41299588504035,2021-03-19,2021-04-21
5869,604cf485c4e5fa0b7f7799445,5fdf6bbcfe08e8c0191a7824,-52.44872309037622,75.41299588504035,2021-03-19,2021-04-21
5870,604cf485c4e5fa0b7f7799445,5fdf6bbcfe08e8c0191a7824,-52.44872309037622,75.41299588504035,2021-03-19,2021-04-21
5871,604cf485c4e5fa0b7f7799445,5fdf6bbcfe08e8c0191a7824,-52.44872309037622,75.41299588504035,2021-03-19,2021-04-21
5872,604cf485c4e5fa0b7f7799445,5fdf6bbcfe08e8c0191a7824,-52.44872309037622,75.41299588504035,2021-03-19,2021-04-21
5873,604cf485c4e5fa0b7f7799445,5fdf6bbcfe08e8c0191a7824,-52.44872309037622,75.41299588504035,2021-03-19,2021-04-21
5874,604cf485c4e5fa0b7f7799445,5fdf6bbcfe08e8c0191a7824,-52.44872309037622,75.41299588504035,2021-03-19,2021-04-21
5875,604cf485c4e5fa0b7f7799445,5fdf6bbcfe08e8c0191a7824,-52.44872309037622,75.41299588504035,2021-03-19,2021-04-21
5876,604cf485c4e5fa0b7f7799445,5fdf6bbcfe08e8c0191a7824,-52.44872309037622,75.41299588504035,2021-03-19,2021-04-21
5877,604cf485c4e5fa0b7f7799445,5fdf6bbcfe08e8c0191a7824,-52.44872309037622,75.41299588504035,2021-03-19,2021-04-21
5878,604cf485c4e5fa0b7f7799445,5fdf6bbcfe08e8c0191a7824,-52.44872309037622,75.41299588504035,2021-03-19,2021-04-21
5879,604cf485c4e5fa0b7f7799445,5fdf6bbcfe08e8c0191a7824,-52.44872309037622,75.41299588504035,2021-03-19,2021-04-21
5880,604cf485c4e5fa0b7f7799445,5fdf6bbcfe08e8c0191a7824,-52.44872309037622,75.41299588504035,2021-03-19,2021-04-21
5881,604cf485c4e5fa0b7f7799445,5fdf6bbcfe08e8c0191a7824,-52.44872309037622,75.41299588504035,2021-03-19,2021-04-21
5882,604cf485c4e5fa0b7f7799445,5fdf6bbcfe08e8c0191a7824,-52.44872309037622,75.41299588504035,2021-03-19,2021-04-21
5883,604cf485c4e5fa0b7f7799445,5fdf6bbcfe08e8c0191a7824,-52.44872309037622,75.41299588504035,2021-03-19,2021-04-21
5884,604cf485c4e5fa0b7f7799445,5fdf6bbcfe08e8c0191a7824,-52.44872309037622,75.41299588504035,2021-03-19,2021-04-21
5885,604cf485c4e5fa0b7f7799445,5fdf6bbcfe08e8c0191a7824,-52.44872309037622,75.41299588504035,2021-03-19,2021-04-21
5886,604cf485c4e5fa0b7f7799445,5fdf6bbcfe08e8c0191a7824,-52.44872309037622,75.41299588504035,2021-03-19,2021-04-21
5887,604cf485c4e5fa0b7f7799445,5fdf6bbcfe08e8c0191a7824,-52.44872309037622,75.41299588504035,2021-03-19,2021-04-21
5888,604cf485c4e5fa0b7f7799445,5fdf6bbcfe08e8c0191a7824,-52.44872309037622,75.41299588504035,2021-03-19,2021-04-21
5889,604cf485c4e5fa0b7f7799445,5fdf6bbcfe08e8c0191a7824,-52.44872309037622,75.41299588504035,2021-03-19,2021-04-21
5890,604cf485c4e5fa0b7f7799445,5fdf6bbcfe08e8c0191a7824,-52.44872309037622,75.41299588504035,2021-03-19,2021-04-21
5891,604cf485c4e5fa0b7f7799445,5fdf6bbcfe08e8c0191a7824,-52.44872309037622,75.41299588504035,2021-03-19,2021-04-21
5892,604cf485c4e5fa0b7f7799445,5fdf6bbcfe08e8c0191a7824,-52.44872309037622,75.41299588504035,2021-03-19,2021-04-21
5893,604cf485c4e5fa0b7f7799445,5fdf6bbcfe08e8c0191a7824,-52.44872309037622,75.41299588504035,2021-03-19,2021-04-21
5894,604cf485c4e5fa0b7f7799445,5fdf6bbcfe08e8c0191a7824,-52.44872309037622,75.41299588504035,2021-03-19,2021-04-21
5895,604cf485c4e5fa0b7f7799445,5fdf6bbcfe08e8c0191a7824,-52.44872309037622,75.41299588504035,2021-03-19,2021-04-21
5896,604cf485c4e5fa0b7f7799445,5fdf6bbcfe08e8c0191a7824,-52.44872309037622,75.41299588504035,2021-03-19,2021-04-21
5897,604cf485c4e5fa0b7f7799445,5fdf6bbcfe08e8c0191a7824,-52.44872309037622,75.41299588504035,2021-03-19,2021-04-21
5898,604cf485c4e5fa0b7f7799445,5fdf6bbcfe08e8c0191a7824,-52.44872309037622,75.41299588504035,2021-03-19,2021-04-21
5899,604cf485c4e5fa0b7f7799445,5fdf6bbcfe08e8c0191a7824,-52.44872309037622,75.41299588504035,2021-03-19,2021-04-21
5900,604cf485c4e5fa0b7f7799445,5fdf6bbcfe08e8c0191a7824,-52.44872309037622,75.41299588504035,2021-03-19,2021-04-21
5901,604cf485c4e5fa0b7f7799445,5fdf6bbcfe08e8c0191a7824,-52.44872309037622,75.41299588504035,2021-03-19,2021-04-21
5902,604cf485c4e5fa0b7f7799445,5fdf6bbcfe08e8c0191a7824,-52.44872309037622,75.41299588504035,2021-03-19,2021-04-21
5903,604cf485c4e5fa0b7f7799445,5fdf6bbcfe08e8c0191a7824,-52.44872309037622,75.41299588504035,2021-03-19,2021-04-21
5904,604cf485c4e5fa0b7f7799445,5fdf6bbcfe08e8c0191a7824,-52.44872309037622,75.41299588504035,2021-03-19,2021-04-21
5905,604cf485c4e5fa0b7f7799445,5fdf6bbcfe08e8c0191a7824,-52.44872309037622,75.41299588504035,2021-03-19,2021-04-21
5906,604cf485c4e5fa0b7f7799445,5fdf6bbcfe08e8c0191a7824,-52.44872309037622,75.41299588504035,2021-03-19,2021-04-21
5907,604cf485c4e5fa0b7f7799445,5fdf6bbcfe08e8c0191a7824,-52.44872309037622,75.41299588504035,2021-03-19,2021-04-21
5908,604cf485c4e5fa0b7f7799445,5fdf6bbcfe08e8c0191a7824,-52.44872309037622,75.41299588504035,2021-03-19,2021-04-21
5909,604cf485c4e5fa0b7f7799445,5fdf6bbcfe08e8c0191a7824,-52.44872309037622,75.41299588504035,2021-03-19,2021-04-21
5910,604cf485c4e5fa0b7f7799445,5fdf6bbcfe08e8c0191a7824,-52.44872309037622,75.41299588504035,2021-03-19,2021-04-21
5911,604cf485c4e5fa0b7f7799445,5fdf6bbcfe08e8c0191a7824,-52.44872309037622,75.41299588504035,2021-03-19,2021-04-21
5912,604cf485c4e5fa0b7f7799445,5fdf6bbcfe08e8c0191a7824,-52.44872309037622,75.41299588504035,2021-03-19,2021-04-21
5913,604cf485c4e5fa0b7f7799445,5fdf6bbcfe08e8c0191a7824,-52.44872309037622,75.41299588504035,2021-03-19,2021-04-21
5914,604cf485c4e5fa0b7f7799445,5fdf6bbcfe08e8c0191a7824,-52.44872309037622,75.41299588504035,2021-03-19,2021-04-21
5915,604cf485c4e5fa0b7f7799445,5fdf6bbcfe08e8c0191a7824,-52.44872309037622,75.41299588504035,2021-03-19,2021-04-21
5916,604cf485c4e5fa0b7f7799445,5fdf6bbcfe08e8c0191a7824,-52.44872309037622,75.41299588504035,2021-03-19,2021-04-21
5917,604cf485c4e5fa0b7f7799445,5fdf6bbcfe08e8c0191a7824,-52.44872309037622,75.41299588504035,2021-03-19,2021-04-21
5918,604cf485c4e5fa0b7f7799445,5fdf6bbcfe08e8c0191a7824,-52.44872309037622,75.41299588504035,2021-03-19,2021-04-21
5919,604cf485c4e5fa0b7f7799445,5fdf6bbcfe08e8c0191a7824,-52.44872309037622,75.41299588504035,2021-03-19,2021-04-21
5920,604cf485c4e5fa0b7f7799445,5fdf6bbcfe08e8c0191a7824,-52.44872309037622,75.41299588504035,2021-03-19,2021-04-21
5921,604cf485c4e5fa0b7f7799445,5fdf6bbcfe08e8c0191a7824,-52.44872309037622,75.41299588504035,2021-03-19,2021-04-21
5922,604cf485c4e5fa0b7f7799445,5fdf6bbcfe08e8c0191a7824,-52.44872309037622,75.41299588504035,2021-03-19,2021-04-21
5923,604cf485c4e5fa0b7f7799445,5fdf6bbcfe08e8c0191a7824,-52.44872309037622,75.41299588504035,2021-03-19,2021-04-21
5924,604cf485c4e5fa0b7f7799445,5fdf6bbcfe08e8c0191a7824,-52.44872309037622,75.41299588504035,2021-03-19,2021-04-21
5925,604cf485c4e5fa0b7f7799445,5fdf6bbcfe08e8c0191a7824,-52.44872309037622,75.41299588504035,2021-03-19,2021-04-21
5926,604cf485c4e5fa0b7f7799445,5fdf6bbcfe08e8c0191a7824,-52.44872309037622,75.41299588504035,2021-03-19,2021-04-21
5927,604cf485c4e5fa0b7f7799445,5fdf6bbcfe08e8c0191a7824,-52.44872309037622,75.41299588504035,2021-03-19,2021-04-21
5928,604cf485c4e5fa0b7f7799445,5fdf6bbcfe08e8c0191a7824,-52.44872309037622,75.41299588504035,2021-03-19,2021-04-21
5929,604cf485c4e5fa0b7f7799445,5fdf6bbcfe08e8c0191a7824,-52.44872309037622,75.41299588504035,2021-03-19,2021-04-21
5930,604cf485c4e5fa0b7f7799445,5fdf6bbcfe08e8c0191a7824,-52.44872309037622,75.41299588504035,2021-03-19,2021-04-21
5931,604cf485c4e5fa0b7f7799445,5fdf6bbcfe08e8c0191a7824,-52.44872309037622,75.41299588504035,2021-03-19,2021-04-21
5932,604cf485c4e5fa0b7f7799445,5fdf6bbcfe08e8c0191a7824,-52.44872309037622,75.41299588504035,2021-03-19,2021-04-21
5933,604cf485c4e5fa0b7f7799445,5fdf6bbcfe08e8c0191a7824,-52.44872309037622,75.41299588504035,2021-03-19,2021-04-21
5934,604cf485c4e5fa0b7f7799445,5fdf6bbcfe08e8c0191a7824,-52.44872309037622,75.41299588504035,2021-03-19,2021-04-21
5935,604cf485c4e5fa0b7f7799445,5fdf6bbcfe08e8c0191a7824,-52.44872309037622,75.41299588504035,2021-03-19,2021-04-21
5936,604cf485c4e5fa0b7f7799445,5fdf6bbcfe08e8c0191a7824,-52.44872309037622,75.41299588504035,2021-03-19,2021-04-21
5937,604cf485c4e5fa0b7f7799445,5fdf6bbcfe08e8c0191a7824,-52.44872309037622,75.41299588504035,2021-03-19,2021-04-21
5938,604cf485c4e5fa0b7f7799445,5fdf6bbcfe08e8c0191a7824,-52.44872309037622,75.41299588504035,2021-03-19,2021-04-21
5939,604cf485c4e5fa0b7f7799445,5fdf6bbcfe08e8c0191a7824,-52.44872309037622,75.41299588504035,2021-03-19,2021-04-21
5940,604cf485c4e5fa0b7f7799445,5fdf6bbcfe08e8c0191a7824,-52.44872309037622,75.41299588504035,2021-03-19,2021-04-21
5941,604cf485c4e5fa0b7f7799445,5fdf6bbcfe08e8c0191a7824,-52.44872309037622,75.41299588504035,2021-03-19,2021-04-21
5942,604cf485c4e5fa0b7f7799445,5fdf6bbcfe08e8c0191a7824,-52.44872309037622,75.41299588504035,2021-03-19,2021-04-21
5943,604cf485c4e5fa0b7f7799445,5fdf6bbcfe08e8c0191a7824,-52.44872309037622,75.41299588504035,2021-03-19,2021-04-21
5944,604cf485c4e5fa0b7f7799445,5fdf6bbcfe08e8c0191a7824,-52.44872309037622,75.41299588504035,2021-03-19,2021-04-21
5945,604cf485c4e5fa0b7f7799445,5fdf6bbcfe08e8c0191a7824,-52.44872309037622,75.41299588504035,2021-03-19,2021-04-21
5946,604cf485c4e5fa0b7f7799445,5fdf6bbcfe08e8c0191a7824,-52.44872309037622,75.41299588504035,2021-03-19,2021-04-21
5947,604cf485c4e5fa0b7f7799445,5fdf6bbcfe08e8c0191a7824,-52.44872309037622,75.41299588504035,2021-03-19,2021-04-21
5948,604cf485c4e5fa0b7f7799445,5fdf6bbcfe08e8c0191a7824,-52.44872309037622,75.41299588504035,2021-03-19,2021-04-21
5949,604cf485c4e5fa0b7f7799445,5fdf6bbcfe08e8c0191a7824,-52.44872309037622,75.41299588504035,2021-03-19,2021-04-21
5950,604cf485c4e5fa0b7f7799445,5fdf6bbcfe08e8c0191a7824,-52.44872309037622,75.41299588504035,2021-03-19,2021-04-21
5951,604cf485c4e5fa0b7f7799445,5fdf6bbcfe08e8c0191a7824,-52.44872309037622,75.41299588504035,2021-03-19,2021-04-21
5952,604cf485c4e5fa0b7f7799445,5fdf6bbcfe08e8c0191a7824,-52.44872309037622,75.41299588504035,2021-03-19,2021-04-21
6779,604cf485c4e5fa0b7f7799454,5fdf6bbcfe08e8c0191a7828,-45.920908693560925,79.935814508395,2021-03-24,2021-04-23
6780,604cf485c4e5fa0b7f7799454,5fdf6bbcfe08e8c0191a7828,-45.920908693560925,79.935814508395,2021-03-24,2021-04-23
6781,604cf485c4e5fa0b7f7799454,5fdf6bbcfe08e8c0191a7828,-45.920908693560925,79.935814508395,2021-03-24,2021-04-23
6782,604cf485c4e5fa0b7f7799454,5fdf6bbcfe08e8c0191a7828,-45.920908693560925,79.935814508395,2021-03-24,2021-04-23
6783,604cf485c4e5fa0b7f7799454,5fdf6bbcfe08e8c0191a7828,-45.920908693560925,79.935814508395,2021-03-24,2021-04-23
6784,604cf485c4e5fa0b7f7799454,5fdf6bbcfe08e8c0191a7828,-45.920908693560925,79.935814508395,2021-03-24,2021-04-23
6785,604cf485c4e5fa0b7f7799454,5fdf6bbcfe08e8c0191a7828,-45.920908693560925,79.935814508395,2021-03-24,2021-04-23
6786,604cf485c4e5fa0b7f7799454,5fdf6bbcfe08e8c0191a7828,-45.920908693560925,79.935814508395,2021-03-24,2021-04-23
6787,604cf485c4e5fa0b7f7799454,5fdf6bbcfe08e8c0191a7828,-45.920908693560925,79.935814508395,2021-03-24,2021-04-23
6788,604cf485c4e5fa0b7f7799454,5fdf6bbcfe08e8c0191a7828,-45.920908693560925,79.935814508395,2021-03-24,2021-04-23
6789,604cf485c4e5fa0b7f7799454,5fdf6bbcfe08e8c0191a7828,-45.920908693560925,79.935814508395,2021-03-24,2021-04-23
6790,604cf485c4e5fa0b7f7799454,5fdf6bbcfe08e8c0191a7828,-45.920908693560925,79.935814508395,2021-03-24,2021-04-23
6791,604cf485c4e5fa0b7f7799454,5fdf6bbcfe08e8c0191a7828,-45.920908693560925,79.935814508395,2021-03-24,2021-04-23
6792,604cf485c4e5fa0b7f7799454,5fdf6bbcfe08e8c0191a7828,-45.920908693560925,79.935814508395,2021-03-24,2021-04-23
6793,604cf485c4e5fa0b7f7799454,5fdf6bbcfe08e8c0191a7828,-45.920908693560925,79.935814508395,2021-03-24,2021-04-23
6794,604cf485c4e5fa0b7f7799454,5fdf6bbcfe08e8c0191a7828,-45.920908693560925,79.935814508395,2021-03-24,2021-04-23
6795,604cf485c4e5fa0b7f7799454,5fdf6bbcfe08e8c0191a7828,-45.920908693560925,79.935814508395,2021-03-24,2021-04-23
6796,604cf485c4e5fa0b7f7799454,5fdf6bbcfe08e8c0191a7828,-45.920908693560925,79.935814508395,2021-03-24,2021-04-23
6797,604cf485c4e5fa0b7f7799454,5fdf6bbcfe08e8c0191a7828,-45.920908693560925,79.935814508395,2021-03-24,2021-04-23
6798,604cf485c4e5fa0b7f7799454,5fdf6bbcfe08e8c0191a7828,-45.920908693560925,79.935814508395,2021-03-24,2021-04-23
6799,604cf485c4e5fa0b7f7799454,5fdf6bbcfe08e8c0191a7828,-45.920908693560925,79.935814508395,2021-03-24,2021-04-23
6800,604cf485c4e5fa0b7f7799454,5fdf6bbcfe08e8c0191a7828,-45.920908693560925,79.935814508395,2021-03-24,2021-04-23
6801,604cf485c4e5fa0b7f7799454,5fdf6bbcfe08e8c0191a7828,-45.920908693560925,79.935814508395,2021-03-24,2021-04-23
6802,604cf485c4e5fa0b7f7799454,5fdf6bbcfe08e8c0191a7828,-45.920908693560925,79.935814508395,2021-03-24,2021-04-23
6803,604cf485c4e5fa0b7f7799454,5fdf6bbcfe08e8c0191a7828,-45.920908693560925,79.935814508395,2021-03-24,2021-04-23
6804,604cf485c4e5fa0b7f7799454,5fdf6bbcfe08e8c0191a7828,-45.920908693560925,79.935814508395,2021-03-24,2021-04-23
6805,604cf485c4e5fa0b7f7799454,5fdf6bbcfe08e8c0191a7828,-45.920908693560925,79.935814508395,2021-03-24,2021-04-23
6806,604cf485c4e5fa0b7f7799454,5fdf6bbcfe08e8c0191a7828,-45.920908693560925,79.935814508395,2021-03-24,2021-04-23
6807,604cf485c4e5fa0b7f7799454,5fdf6bbcfe08e8c0191a7828,-45.920908693560925,79.935814508395,2021-03-24,2021-04-23
6808,604cf485c4e5fa0b7f7799454,5fdf6bbcfe08e8c0191a7828,-45.920908693560925,79.935814508395,2021-03-24,2021-04-23
6809,604cf485c4e5fa0b7f7799454,5fdf6bbcfe08e8c0191a7828,-45.920908693560925,79.935814508395,2021-03-24,2021-04-23
6810,604cf485c4e5fa0b7f7799454,5fdf6bbcfe08e8c0191a7828,-45.920908693560925,79.935814508395,2021-03-24,2021-04-23
6811,604cf485c4e5fa0b7f7799454,5fdf6bbcfe08e8c0191a7828,-45.920908693560925,79.935814508395,2021-03-24,2021-04-23
6812,604cf485c4e5fa0b7f7799454,5fdf6bbcfe08e8c0191a7828,-45.920908693560925,79.935814508395,2021-03-24,2021-04-23
6813,604cf485c4e5fa0b7f7799454,5fdf6bbcfe08e8c0191a7828,-45.920908693560925,79.935814508395,2021-03-24,2021-04-23
6814,604cf485c4e5fa0b7f7799454,5fdf6bbcfe08e8c0191a7828,-45.920908693560925,79.935814508395,2021-03-24,2021-04-23
6815,604cf485c4e5fa0b7f7799454,5fdf6bbcfe08e8c0191a7828,-45.920908693560925,79.935814508395,2021-03-24,2021-04-23
6816,604cf485c4e5fa0b7f7799454,5fdf6bbcfe08e8c0191a7828,-45.920908693560925,79.935814508395,2021-03-24,2021-04-23
6817,604cf485c4e5fa0b7f7799454,5fdf6bbcfe08e8c0191a7828,-45.920908693560925,79.935814508395,2021-03-24,2021-04-23
6818,604cf485c4e5fa0b7f7799454,5fdf6bbcfe08e8c0191a7828,-45.920908693560925,79.935814508395,2021-03-24,2021-04-23
6819,604cf485c4e5fa0b7f7799454,5fdf6bbcfe08e8c0191a7828,-45.920908693560925,79.935814508395,2021-03-24,2021-04-23
6820,604cf485c4e5fa0b7f7799454,5fdf6bbcfe08e8c0191a7828,-45.920908693560925,79.935814508395,2021-03-24,2021-04-23
6821,604cf485c4e5fa0b7f7799454,5fdf6bbcfe08e8c0191a7828,-45.920908693560925,79.935814508395,2021-03-24,2021-04-23
6822,604cf485c4e5fa0b7f7799454,5fdf6bbcfe08e8c0191a7828,-45.920908693560925,79.935814508395,2021-03-24,2021-04-23
6823,604cf485c4e5fa0b7f7799454,5fdf6bbcfe08e8c0191a7828,-45.920908693560925,79.935814508395,2021-03-24,2021-04-23
6824,604cf485c4e5fa0b7f7799454,5fdf6bbcfe08e8c0191a7828,-45.920908693560925,79.935814508395,2021-03-24,2021-04-23
6825,604cf485c4e5fa0b7f7799454,5fdf6bbcfe08e8c0191a7828,-45.920908693560925,79.935814508395,2021-03-24,2021-04-23
6826,604cf485c4e5fa0b7f7799454,5fdf6bbcfe08e8c0191a7828,-45.920908693560925,79.935814508395,2021-03-24,2021-04-23
6827,604cf485c4e5fa0b7f7799454,5fdf6bbcfe08e8c0191a7828,-45.920908693560925,79.935814508395,2021-03-24,2021-04-23
6828,604cf485c4e5fa0b7f7799454,5fdf6bbcfe08e8c0191a7828,-45.920908693560925,79.935814508395,2021-03-24,2021-04-23
6829,604cf485c4e5fa0b7f7799454,5fdf6bbcfe08e8c0191a7828,-45.920908693560925,79.935814508395,2021-03-24,2021-04-23
6830,604cf485c4e5fa0b7f7799454,5fdf6bbcfe08e8c0191a7828,-45.920908693560925,79.935814508395,2021-03-24,2021-04-23
6831,604cf485c4e5fa0b7f7799454,5fdf6bbcfe08e8c0191a7828,-45.920908693560925,79.935814508395,2021-03-24,2021-04-23
6832,604cf485c4e5fa0b7f7799454,5fdf6bbcfe08e8c0191a7828,-45.920908693560925,79.935814508395,2021-03-24,2021-04-23
6833,604cf485c4e5fa0b7f7799454,5fdf6bbcfe08e8c0191a7828,-45.920908693560925,79.935814508395,2021-03-24,2021-04-23
6834,604cf485c4e5fa0b7f7799454,5fdf6bbcfe08e8c0191a7828,-45.920908693560925,79.935814508395,2021-03-24,2021-04-23
6835,604cf485c4e5fa0b7f7799454,5fdf6bbcfe08e8c0191a7828,-45.920908693560925,79.935814508395,2021-03-24,2021-04-23
6836,604cf485c4e5fa0b7f7799454,5fdf6bbcfe08e8c0191a7828,-45.920908693560925,79.935814508395,2021-03-24,2021-04-23
6837,604cf485c4e5fa0b7f7799454,5fdf6bbcfe08e8c0191a7828,-45.920908693560925,79.935814508395,2021-03-24,2021-04-23
6838,604cf485c4e5fa0b7f7799454,5fdf6bbcfe08e8c0191a7828,-45.920908693560925,79.935814508395,2021-03-24,2021-04-23
6839,604cf485c4e5fa0b7f7799454,5fdf6bbcfe08e8c0191a7828,-45.920908693560925,79.935814508395,2021-03-24,2021-04-23
6840,604cf485c4e5fa0b7f7799454,5fdf6bbcfe08e8c0191a7828,-45.920908693560925,79.935814508395,2021-03-24,2021-04-23
6841,604cf485c4e5fa0b7f7799454,5fdf6bbcfe08e8c0191a7828,-45.920908693560925,79.935814508395,2021-03-24,2021-04-23
6842,604cf485c4e5fa0b7f7799454,5fdf6bbcfe08e8c0191a7828,-45.920908693560925,79.935814508395,2021-03-24,2021-04-23
6843,604cf485c4e5fa0b7f7799454,5fdf6bbcfe08e8c0191a7828,-45.920908693560925,79.935814508395,2021-03-24,2021-04-23
6844,604cf485c4e5fa0b7f7799454,5fdf6bbcfe08e8c0191a7828,-45.920908693560925,79.935814508395,2021-03-24,2021-04-23
6845,604cf485c4e5fa0b7f7799454,5fdf6bbcfe08e8c0191a7828,-45.920908693560925,79.935814508395,2021-03-24,2021-04-23
6846,604cf485c4e5fa0b7f7799454,5fdf6bbcfe08e8c0191a7828,-45.920908693560925,79.935814508395,2021-03-24,2021-04-23
6847,604cf485c4e5fa0b7f7799454,5fdf6bbcfe08e8c0191a7828,-45.920908693560925,79.935814508395,2021-03-24,2021-04-23
6848,604cf485c4e5fa0b7f7799454,5fdf6bbcfe08e8c0191a7828,-45.920908693560925,79.935814508395,2021-03-24,2021-04-23
6849,604cf485c4e5fa0b7f7799454,5fdf6bbcfe08e8c0191a7828,-45.920908693560925,79.935814508395,2021-03-24,2021-04-23
6850,604cf485c4e5fa0b7f7799454,5fdf6bbcfe08e8c0191a7828,-45.920908693560925,79.935814508395,2021-03-24,2021-04-23
6851,604cf485c4e5fa0b7f7799454,5fdf6bbcfe08e8c0191a7828,-45.920908693560925,79.935814508395,2021-03-24,2021-04-23
6852,604cf485c4e5fa0b7f7799454,5fdf6bbcfe08e8c0191a7828,-45.920908693560925,79.935814508395,2021-03-24,2021-04-23
6853,604cf485c4e5fa0b7f7799454,5fdf6bbcfe08e8c0191a7828,-45.920908693560925,79.935814508395,2021-03-24,2021-04-23
6854,604cf485c4e5fa0b7f7799454,5fdf6bbcfe08e8c0191a7828,-45.920908693560925,79.935814508395,2021-03-24,2021-04-23
6855,604cf485c4e5fa0b7f7799454,5fdf6bbcfe08e8c0191a7828,-45.920908693560925,79.935814508395,2021-03-24,2021-04-23
6856,604cf485c4e5fa0b7f7799454,5fdf6bbcfe08e8c0191a7828,-45.920908693560925,79.935814508395,2021-03-24,2021-04-23
6857,604cf485c4e5fa0b7f7799454,5fdf6bbcfe08e8c0191a7828,-45.920908693560925,79.935814508395,2021-03-24,2021-04-23
6858,604cf485c4e5fa0b7f7799454,5fdf6bbcfe08e8c0191a7828,-45.920908693560925,79.935814508395,2021-03-24,2021-04-23
6859,604cf485c4e5fa0b7f7799454,5fdf6bbcfe08e8c0191a7828,-45.920908693560925,79.935814508395,2021-03-24,2021-04-23
6860,604cf485c4e5fa0b7f7799454,5fdf6bbcfe08e8c0191a7828,-45.920908693560925,79.935814508395,2021-03-24,2021-04-23
6861,604cf485c4e5fa0b7f7799454,5fdf6bbcfe08e8c0191a7828,-45.920908693560925,79.935814508395,2021-03-24,2021-04-23
6862,604cf485c4e5fa0b7f7799454,5fdf6bbcfe08e8c0191a7828,-45.920908693560925,79.935814508395,2021-03-24,2021-04-23
6863,604cf485c4e5fa0b7f7799454,5fdf6bbcfe08e8c0191a7828,-45.920908693560925,79.935814508395,2021-03-24,2021-04-23
6864,604cf485c4e5fa0b7f7799454,5fdf6bbcfe08e8c0191a7828,-45.920908693560925,79.935814508395,2021-03-24,2021-04-23
6865,604cf485c4e5fa0b7f7799454,5fdf6bbcfe08e8c0191a7828,-45.920908693560925,79.935814508395,2021-03-24,2021-04-23
6866,604cf485c4e5fa0b7f7799454,5fdf6bbcfe08e8c0191a7828,-45.920908693560925,79.935814508395,2021-03-24,2021-04-23
6867,604cf485c4e5fa0b7f7799454,5fdf6bbcfe08e8c0191a7828,-45.920908693560925,79.935814508395,2021-03-24,2021-04-23
6868,604cf485c4e5fa0b7f7799454,5fdf6bbcfe08e8c0191a7828,-45.920908693560925,79.935814508395,2021-03-24,2021-04-23
6869,604cf485c4e5fa0b7f7799454,5fdf6bbcfe08e8c0191a7828,-45.920908693560925,79.935814508395,2021-03-24,2021-04-23
6870,604cf485c4e5fa0b7f7799454,5fdf6bbcfe08e8c0191a7828,-45.920908693560925,79.935814508395,2021-03-24,2021-04-23
6871,604cf485c4e5fa0b7f7799454,5fdf6bbcfe08e8c0191a7828,-45.920908693560925,79.935814508395,2021-03-24,2021-04-23
6872,604cf485c4e5fa0b7f7799454,5fdf6bbcfe08e8c0191a7828,-45.920908693560925,79.935814508395,2021-03-24,2021-04-23
6873,604cf485c4e5fa0b7f7799454,5fdf6bbcfe08e8c0191a7828,-45.920908693560925,79.935814508395,2021-03-24,2021-04-23
