,index,resourceId,fromUserId_x,categoryId,longitude,latitude,created_dates,updated_dates
0,731,604cf485c4e5fa0b7f7799393,5fdf6bbcfe08e8c0191a7805,602cb8bf78d3fda29f330607,-85.03979629564198,43.12639751384557,2021-02-12,2021-04-01
1,732,604cf485c4e5fa0b7f7799393,5fdf6bbcfe08e8c0191a7805,602cb8bf78d3fda29f330607,-85.03979629564198,43.12639751384557,2021-02-12,2021-04-01
2,733,604cf485c4e5fa0b7f7799393,5fdf6bbcfe08e8c0191a7805,602cb8bf78d3fda29f330607,-85.03979629564198,43.12639751384557,2021-02-12,2021-04-01
3,734,604cf485c4e5fa0b7f7799393,5fdf6bbcfe08e8c0191a7805,602cb8bf78d3fda29f330607,-85.03979629564198,43.12639751384557,2021-02-12,2021-04-01
4,735,604cf485c4e5fa0b7f7799393,5fdf6bbcfe08e8c0191a7805,602cb8bf78d3fda29f330607,-85.03979629564198,43.12639751384557,2021-02-12,2021-04-01
5,736,604cf485c4e5fa0b7f7799393,5fdf6bbcfe08e8c0191a7805,602cb8bf78d3fda29f330607,-85.03979629564198,43.12639751384557,2021-02-12,2021-04-01
6,737,604cf485c4e5fa0b7f7799393,5fdf6bbcfe08e8c0191a7805,602cb8bf78d3fda29f330607,-85.03979629564198,43.12639751384557,2021-02-12,2021-04-01
7,738,604cf485c4e5fa0b7f7799393,5fdf6bbcfe08e8c0191a7805,602cb8bf78d3fda29f330607,-85.03979629564198,43.12639751384557,2021-02-12,2021-04-01
8,739,604cf485c4e5fa0b7f7799393,5fdf6bbcfe08e8c0191a7805,602cb8bf78d3fda29f330607,-85.03979629564198,43.12639751384557,2021-02-12,2021-04-01
9,740,604cf485c4e5fa0b7f7799393,5fdf6bbcfe08e8c0191a7805,602cb8bf78d3fda29f330607,-85.03979629564198,43.12639751384557,2021-02-12,2021-04-01
10,741,604cf485c4e5fa0b7f7799393,5fdf6bbcfe08e8c0191a7805,602cb8bf78d3fda29f330607,-85.03979629564198,43.12639751384557,2021-02-12,2021-04-01
11,742,604cf485c4e5fa0b7f7799393,5fdf6bbcfe08e8c0191a7805,602cb8bf78d3fda29f330607,-85.03979629564198,43.12639751384557,2021-02-12,2021-04-01
12,743,604cf485c4e5fa0b7f7799393,5fdf6bbcfe08e8c0191a7805,602cb8bf78d3fda29f330607,-85.03979629564198,43.12639751384557,2021-02-12,2021-04-01
13,744,604cf485c4e5fa0b7f7799393,5fdf6bbcfe08e8c0191a7805,602cb8bf78d3fda29f330607,-85.03979629564198,43.12639751384557,2021-02-12,2021-04-01
14,745,604cf485c4e5fa0b7f7799393,5fdf6bbcfe08e8c0191a7805,602cb8bf78d3fda29f330607,-85.03979629564198,43.12639751384557,2021-02-12,2021-04-01
15,746,604cf485c4e5fa0b7f7799393,5fdf6bbcfe08e8c0191a7805,602cb8bf78d3fda29f330607,-85.03979629564198,43.12639751384557,2021-02-12,2021-04-01
16,747,604cf485c4e5fa0b7f7799393,5fdf6bbcfe08e8c0191a7805,602cb8bf78d3fda29f330607,-85.03979629564198,43.12639751384557,2021-02-12,2021-04-01
17,748,604cf485c4e5fa0b7f7799393,5fdf6bbcfe08e8c0191a7805,602cb8bf78d3fda29f330607,-85.03979629564198,43.12639751384557,2021-02-12,2021-04-01
18,749,604cf485c4e5fa0b7f7799393,5fdf6bbcfe08e8c0191a7805,602cb8bf78d3fda29f330607,-85.03979629564198,43.12639751384557,2021-02-12,2021-04-01
19,750,604cf485c4e5fa0b7f7799393,5fdf6bbcfe08e8c0191a7805,602cb8bf78d3fda29f330607,-85.03979629564198,43.12639751384557,2021-02-12,2021-04-01
20,751,604cf485c4e5fa0b7f7799393,5fdf6bbcfe08e8c0191a7805,602cb8bf78d3fda29f330607,-85.03979629564198,43.12639751384557,2021-02-12,2021-04-01
21,752,604cf485c4e5fa0b7f7799393,5fdf6bbcfe08e8c0191a7805,602cb8bf78d3fda29f330607,-85.03979629564198,43.12639751384557,2021-02-12,2021-04-01
22,753,604cf485c4e5fa0b7f7799393,5fdf6bbcfe08e8c0191a7805,602cb8bf78d3fda29f330607,-85.03979629564198,43.12639751384557,2021-02-12,2021-04-01
23,754,604cf485c4e5fa0b7f7799393,5fdf6bbcfe08e8c0191a7805,602cb8bf78d3fda29f330607,-85.03979629564198,43.12639751384557,2021-02-12,2021-04-01
24,755,604cf485c4e5fa0b7f7799393,5fdf6bbcfe08e8c0191a7805,602cb8bf78d3fda29f330607,-85.03979629564198,43.12639751384557,2021-02-12,2021-04-01
25,756,604cf485c4e5fa0b7f7799393,5fdf6bbcfe08e8c0191a7805,602cb8bf78d3fda29f330607,-85.03979629564198,43.12639751384557,2021-02-12,2021-04-01
26,757,604cf485c4e5fa0b7f7799393,5fdf6bbcfe08e8c0191a7805,602cb8bf78d3fda29f330607,-85.03979629564198,43.12639751384557,2021-02-12,2021-04-01
27,758,604cf485c4e5fa0b7f7799393,5fdf6bbcfe08e8c0191a7805,602cb8bf78d3fda29f330607,-85.03979629564198,43.12639751384557,2021-02-12,2021-04-01
28,759,604cf485c4e5fa0b7f7799393,5fdf6bbcfe08e8c0191a7805,602cb8bf78d3fda29f330607,-85.03979629564198,43.12639751384557,2021-02-12,2021-04-01
29,760,604cf485c4e5fa0b7f7799393,5fdf6bbcfe08e8c0191a7805,602cb8bf78d3fda29f330607,-85.03979629564198,43.12639751384557,2021-02-12,2021-04-01
30,761,604cf485c4e5fa0b7f7799393,5fdf6bbcfe08e8c0191a7805,602cb8bf78d3fda29f330607,-85.03979629564198,43.12639751384557,2021-02-12,2021-04-01
31,762,604cf485c4e5fa0b7f7799393,5fdf6bbcfe08e8c0191a7805,602cb8bf78d3fda29f330607,-85.03979629564198,43.12639751384557,2021-02-12,2021-04-01
32,763,604cf485c4e5fa0b7f7799393,5fdf6bbcfe08e8c0191a7805,602cb8bf78d3fda29f330607,-85.03979629564198,43.12639751384557,2021-02-12,2021-04-01
33,764,604cf485c4e5fa0b7f7799393,5fdf6bbcfe08e8c0191a7805,602cb8bf78d3fda29f330607,-85.03979629564198,43.12639751384557,2021-02-12,2021-04-01
34,765,604cf485c4e5fa0b7f7799393,5fdf6bbcfe08e8c0191a7805,602cb8bf78d3fda29f330607,-85.03979629564198,43.12639751384557,2021-02-12,2021-04-01
35,766,604cf485c4e5fa0b7f7799393,5fdf6bbcfe08e8c0191a7805,602cb8bf78d3fda29f330607,-85.03979629564198,43.12639751384557,2021-02-12,2021-04-01
36,767,604cf485c4e5fa0b7f7799393,5fdf6bbcfe08e8c0191a7805,602cb8bf78d3fda29f330607,-85.03979629564198,43.12639751384557,2021-02-12,2021-04-01
37,768,604cf485c4e5fa0b7f7799393,5fdf6bbcfe08e8c0191a7805,602cb8bf78d3fda29f330607,-85.03979629564198,43.12639751384557,2021-02-12,2021-04-01
38,769,604cf485c4e5fa0b7f7799393,5fdf6bbcfe08e8c0191a7805,602cb8bf78d3fda29f330607,-85.03979629564198,43.12639751384557,2021-02-12,2021-04-01
39,770,604cf485c4e5fa0b7f7799393,5fdf6bbcfe08e8c0191a7805,602cb8bf78d3fda29f330607,-85.03979629564198,43.12639751384557,2021-02-12,2021-04-01
40,771,604cf485c4e5fa0b7f7799393,5fdf6bbcfe08e8c0191a7805,602cb8bf78d3fda29f330607,-85.03979629564198,43.12639751384557,2021-02-12,2021-04-01
41,772,604cf485c4e5fa0b7f7799393,5fdf6bbcfe08e8c0191a7805,602cb8bf78d3fda29f330607,-85.03979629564198,43.12639751384557,2021-02-12,2021-04-01
42,773,604cf485c4e5fa0b7f7799393,5fdf6bbcfe08e8c0191a7805,602cb8bf78d3fda29f330607,-85.03979629564198,43.12639751384557,2021-02-12,2021-04-01
43,774,604cf485c4e5fa0b7f7799393,5fdf6bbcfe08e8c0191a7805,602cb8bf78d3fda29f330607,-85.03979629564198,43.12639751384557,2021-02-12,2021-04-01
44,775,604cf485c4e5fa0b7f7799393,5fdf6bbcfe08e8c0191a7805,602cb8bf78d3fda29f330607,-85.03979629564198,43.12639751384557,2021-02-12,2021-04-01
45,776,604cf485c4e5fa0b7f7799393,5fdf6bbcfe08e8c0191a7805,602cb8bf78d3fda29f330607,-85.03979629564198,43.12639751384557,2021-02-12,2021-04-01
46,777,604cf485c4e5fa0b7f7799393,5fdf6bbcfe08e8c0191a7805,602cb8bf78d3fda29f330607,-85.03979629564198,43.12639751384557,2021-02-12,2021-04-01
47,778,604cf485c4e5fa0b7f7799393,5fdf6bbcfe08e8c0191a7805,602cb8bf78d3fda29f330607,-85.03979629564198,43.12639751384557,2021-02-12,2021-04-01
48,779,604cf485c4e5fa0b7f7799393,5fdf6bbcfe08e8c0191a7805,602cb8bf78d3fda29f330607,-85.03979629564198,43.12639751384557,2021-02-12,2021-04-01
49,780,604cf485c4e5fa0b7f7799393,5fdf6bbcfe08e8c0191a7805,602cb8bf78d3fda29f330607,-85.03979629564198,43.12639751384557,2021-02-12,2021-04-01
50,781,604cf485c4e5fa0b7f7799393,5fdf6bbcfe08e8c0191a7805,602cb8bf78d3fda29f330607,-85.03979629564198,43.12639751384557,2021-02-12,2021-04-01
51,782,604cf485c4e5fa0b7f7799393,5fdf6bbcfe08e8c0191a7805,602cb8bf78d3fda29f330607,-85.03979629564198,43.12639751384557,2021-02-12,2021-04-01
52,783,604cf485c4e5fa0b7f7799393,5fdf6bbcfe08e8c0191a7805,602cb8bf78d3fda29f330607,-85.03979629564198,43.12639751384557,2021-02-12,2021-04-01
53,784,604cf485c4e5fa0b7f7799393,5fdf6bbcfe08e8c0191a7805,602cb8bf78d3fda29f330607,-85.03979629564198,43.12639751384557,2021-02-12,2021-04-01
54,785,604cf485c4e5fa0b7f7799393,5fdf6bbcfe08e8c0191a7805,602cb8bf78d3fda29f330607,-85.03979629564198,43.12639751384557,2021-02-12,2021-04-01
55,786,604cf485c4e5fa0b7f7799393,5fdf6bbcfe08e8c0191a7805,602cb8bf78d3fda29f330607,-85.03979629564198,43.12639751384557,2021-02-12,2021-04-01
56,787,604cf485c4e5fa0b7f7799393,5fdf6bbcfe08e8c0191a7805,602cb8bf78d3fda29f330607,-85.03979629564198,43.12639751384557,2021-02-12,2021-04-01
57,788,604cf485c4e5fa0b7f7799393,5fdf6bbcfe08e8c0191a7805,602cb8bf78d3fda29f330607,-85.03979629564198,43.12639751384557,2021-02-12,2021-04-01
58,789,604cf485c4e5fa0b7f7799393,5fdf6bbcfe08e8c0191a7805,602cb8bf78d3fda29f330607,-85.03979629564198,43.12639751384557,2021-02-12,2021-04-01
59,790,604cf485c4e5fa0b7f7799393,5fdf6bbcfe08e8c0191a7805,602cb8bf78d3fda29f330607,-85.03979629564198,43.12639751384557,2021-02-12,2021-04-01
60,791,604cf485c4e5fa0b7f7799393,5fdf6bbcfe08e8c0191a7805,602cb8bf78d3fda29f330607,-85.03979629564198,43.12639751384557,2021-02-12,2021-04-01
61,792,604cf485c4e5fa0b7f7799393,5fdf6bbcfe08e8c0191a7805,602cb8bf78d3fda29f330607,-85.03979629564198,43.12639751384557,2021-02-12,2021-04-01
62,793,604cf485c4e5fa0b7f7799393,5fdf6bbcfe08e8c0191a7805,602cb8bf78d3fda29f330607,-85.03979629564198,43.12639751384557,2021-02-12,2021-04-01
63,794,604cf485c4e5fa0b7f7799393,5fdf6bbcfe08e8c0191a7805,602cb8bf78d3fda29f330607,-85.03979629564198,43.12639751384557,2021-02-12,2021-04-01
64,795,604cf485c4e5fa0b7f7799393,5fdf6bbcfe08e8c0191a7805,602cb8bf78d3fda29f330607,-85.03979629564198,43.12639751384557,2021-02-12,2021-04-01
65,796,604cf485c4e5fa0b7f7799393,5fdf6bbcfe08e8c0191a7805,602cb8bf78d3fda29f330607,-85.03979629564198,43.12639751384557,2021-02-12,2021-04-01
66,797,604cf485c4e5fa0b7f7799393,5fdf6bbcfe08e8c0191a7805,602cb8bf78d3fda29f330607,-85.03979629564198,43.12639751384557,2021-02-12,2021-04-01
67,798,604cf485c4e5fa0b7f7799393,5fdf6bbcfe08e8c0191a7805,602cb8bf78d3fda29f330607,-85.03979629564198,43.12639751384557,2021-02-12,2021-04-01
68,799,604cf485c4e5fa0b7f7799393,5fdf6bbcfe08e8c0191a7805,602cb8bf78d3fda29f330607,-85.03979629564198,43.12639751384557,2021-02-12,2021-04-01
69,800,604cf485c4e5fa0b7f7799393,5fdf6bbcfe08e8c0191a7805,602cb8bf78d3fda29f330607,-85.03979629564198,43.12639751384557,2021-02-12,2021-04-01
70,801,604cf485c4e5fa0b7f7799393,5fdf6bbcfe08e8c0191a7805,602cb8bf78d3fda29f330607,-85.03979629564198,43.12639751384557,2021-02-12,2021-04-01
71,802,604cf485c4e5fa0b7f7799393,5fdf6bbcfe08e8c0191a7805,602cb8bf78d3fda29f330607,-85.03979629564198,43.12639751384557,2021-02-12,2021-04-01
72,803,604cf485c4e5fa0b7f7799393,5fdf6bbcfe08e8c0191a7805,602cb8bf78d3fda29f330607,-85.03979629564198,43.12639751384557,2021-02-12,2021-04-01
73,804,604cf485c4e5fa0b7f7799393,5fdf6bbcfe08e8c0191a7805,602cb8bf78d3fda29f330607,-85.03979629564198,43.12639751384557,2021-02-12,2021-04-01
74,805,604cf485c4e5fa0b7f7799393,5fdf6bbcfe08e8c0191a7805,602cb8bf78d3fda29f330607,-85.03979629564198,43.12639751384557,2021-02-12,2021-04-01
75,806,604cf485c4e5fa0b7f7799393,5fdf6bbcfe08e8c0191a7805,602cb8bf78d3fda29f330607,-85.03979629564198,43.12639751384557,2021-02-12,2021-04-01
76,807,604cf485c4e5fa0b7f7799393,5fdf6bbcfe08e8c0191a7805,602cb8bf78d3fda29f330607,-85.03979629564198,43.12639751384557,2021-02-12,2021-04-01
77,808,604cf485c4e5fa0b7f7799393,5fdf6bbcfe08e8c0191a7805,602cb8bf78d3fda29f330607,-85.03979629564198,43.12639751384557,2021-02-12,2021-04-01
78,809,604cf485c4e5fa0b7f7799393,5fdf6bbcfe08e8c0191a7805,602cb8bf78d3fda29f330607,-85.03979629564198,43.12639751384557,2021-02-12,2021-04-01
79,810,604cf485c4e5fa0b7f7799393,5fdf6bbcfe08e8c0191a7805,602cb8bf78d3fda29f330607,-85.03979629564198,43.12639751384557,2021-02-12,2021-04-01
80,811,604cf485c4e5fa0b7f7799393,5fdf6bbcfe08e8c0191a7805,602cb8bf78d3fda29f330607,-85.03979629564198,43.12639751384557,2021-02-12,2021-04-01
81,812,604cf485c4e5fa0b7f7799393,5fdf6bbcfe08e8c0191a7805,602cb8bf78d3fda29f330607,-85.03979629564198,43.12639751384557,2021-02-12,2021-04-01
82,813,604cf485c4e5fa0b7f7799393,5fdf6bbcfe08e8c0191a7805,602cb8bf78d3fda29f330607,-85.03979629564198,43.12639751384557,2021-02-12,2021-04-01
83,814,604cf485c4e5fa0b7f7799393,5fdf6bbcfe08e8c0191a7805,602cb8bf78d3fda29f330607,-85.03979629564198,43.12639751384557,2021-02-12,2021-04-01
84,815,604cf485c4e5fa0b7f7799393,5fdf6bbcfe08e8c0191a7805,602cb8bf78d3fda29f330607,-85.03979629564198,43.12639751384557,2021-02-12,2021-04-01
85,816,604cf485c4e5fa0b7f7799393,5fdf6bbcfe08e8c0191a7805,602cb8bf78d3fda29f330607,-85.03979629564198,43.12639751384557,2021-02-12,2021-04-01
86,817,604cf485c4e5fa0b7f7799393,5fdf6bbcfe08e8c0191a7805,602cb8bf78d3fda29f330607,-85.03979629564198,43.12639751384557,2021-02-12,2021-04-01
87,818,604cf485c4e5fa0b7f7799393,5fdf6bbcfe08e8c0191a7805,602cb8bf78d3fda29f330607,-85.03979629564198,43.12639751384557,2021-02-12,2021-04-01
88,819,604cf485c4e5fa0b7f7799393,5fdf6bbcfe08e8c0191a7805,602cb8bf78d3fda29f330607,-85.03979629564198,43.12639751384557,2021-02-12,2021-04-01
89,820,604cf485c4e5fa0b7f7799393,5fdf6bbcfe08e8c0191a7805,602cb8bf78d3fda29f330607,-85.03979629564198,43.12639751384557,2021-02-12,2021-04-01
90,821,604cf485c4e5fa0b7f7799393,5fdf6bbcfe08e8c0191a7805,602cb8bf78d3fda29f330607,-85.03979629564198,43.12639751384557,2021-02-12,2021-04-01
91,822,604cf485c4e5fa0b7f7799393,5fdf6bbcfe08e8c0191a7805,602cb8bf78d3fda29f330607,-85.03979629564198,43.12639751384557,2021-02-12,2021-04-01
92,823,604cf485c4e5fa0b7f7799393,5fdf6bbcfe08e8c0191a7805,602cb8bf78d3fda29f330607,-85.03979629564198,43.12639751384557,2021-02-12,2021-04-01
93,824,604cf485c4e5fa0b7f7799393,5fdf6bbcfe08e8c0191a7805,602cb8bf78d3fda29f330607,-85.03979629564198,43.12639751384557,2021-02-12,2021-04-01
94,825,604cf485c4e5fa0b7f7799393,5fdf6bbcfe08e8c0191a7805,602cb8bf78d3fda29f330607,-85.03979629564198,43.12639751384557,2021-02-12,2021-04-01
95,826,604cf485c4e5fa0b7f7799393,5fdf6bbcfe08e8c0191a7805,602cb8bf78d3fda29f330607,-85.03979629564198,43.12639751384557,2021-02-12,2021-04-01
96,827,604cf485c4e5fa0b7f7799393,5fdf6bbcfe08e8c0191a7805,602cb8bf78d3fda29f330607,-85.03979629564198,43.12639751384557,2021-02-12,2021-04-01
97,828,604cf485c4e5fa0b7f7799393,5fdf6bbcfe08e8c0191a7805,602cb8bf78d3fda29f330607,-85.03979629564198,43.12639751384557,2021-02-12,2021-04-01
98,829,604cf485c4e5fa0b7f7799393,5fdf6bbcfe08e8c0191a7805,602cb8bf78d3fda29f330607,-85.03979629564198,43.12639751384557,2021-02-12,2021-04-01
99,830,604cf485c4e5fa0b7f7799393,5fdf6bbcfe08e8c0191a7805,602cb8bf78d3fda29f330607,-85.03979629564198,43.12639751384557,2021-02-12,2021-04-01
100,831,604cf485c4e5fa0b7f7799393,5fdf6bbcfe08e8c0191a7805,602cb8bf78d3fda29f330607,-85.03979629564198,43.12639751384557,2021-02-12,2021-04-01
101,832,604cf485c4e5fa0b7f7799393,5fdf6bbcfe08e8c0191a7805,602cb8bf78d3fda29f330607,-85.03979629564198,43.12639751384557,2021-02-12,2021-04-01
102,833,604cf485c4e5fa0b7f7799393,5fdf6bbcfe08e8c0191a7805,602cb8bf78d3fda29f330607,-85.03979629564198,43.12639751384557,2021-02-12,2021-04-01
103,834,604cf485c4e5fa0b7f7799393,5fdf6bbcfe08e8c0191a7805,602cb8bf78d3fda29f330607,-85.03979629564198,43.12639751384557,2021-02-12,2021-04-01
104,835,604cf485c4e5fa0b7f7799393,5fdf6bbcfe08e8c0191a7805,602cb8bf78d3fda29f330607,-85.03979629564198,43.12639751384557,2021-02-12,2021-04-01
105,836,604cf485c4e5fa0b7f7799393,5fdf6bbcfe08e8c0191a7805,602cb8bf78d3fda29f330607,-85.03979629564198,43.12639751384557,2021-02-12,2021-04-01
106,837,604cf485c4e5fa0b7f7799393,5fdf6bbcfe08e8c0191a7805,602cb8bf78d3fda29f330607,-85.03979629564198,43.12639751384557,2021-02-12,2021-04-01
107,838,604cf485c4e5fa0b7f7799393,5fdf6bbcfe08e8c0191a7805,602cb8bf78d3fda29f330607,-85.03979629564198,43.12639751384557,2021-02-12,2021-04-01
108,839,604cf485c4e5fa0b7f7799393,5fdf6bbcfe08e8c0191a7805,602cb8bf78d3fda29f330607,-85.03979629564198,43.12639751384557,2021-02-12,2021-04-01
109,840,604cf485c4e5fa0b7f7799393,5fdf6bbcfe08e8c0191a7805,602cb8bf78d3fda29f330607,-85.03979629564198,43.12639751384557,2021-02-12,2021-04-01
110,841,604cf485c4e5fa0b7f7799393,5fdf6bbcfe08e8c0191a7805,602cb8bf78d3fda29f330607,-85.03979629564198,43.12639751384557,2021-02-12,2021-04-01
111,842,604cf485c4e5fa0b7f7799393,5fdf6bbcfe08e8c0191a7805,602cb8bf78d3fda29f330607,-85.03979629564198,43.12639751384557,2021-02-12,2021-04-01
112,843,604cf485c4e5fa0b7f7799394,5fdf6bbcfe08e8c0191a7827,602cb8bf78d3fda29f330607,-84.86614080877666,43.681926076047716,2021-04-13,2021-03-28
113,844,604cf485c4e5fa0b7f7799394,5fdf6bbcfe08e8c0191a7827,602cb8bf78d3fda29f330607,-84.86614080877666,43.681926076047716,2021-04-13,2021-03-28
114,845,604cf485c4e5fa0b7f7799394,5fdf6bbcfe08e8c0191a7827,602cb8bf78d3fda29f330607,-84.86614080877666,43.681926076047716,2021-04-13,2021-03-28
115,846,604cf485c4e5fa0b7f7799394,5fdf6bbcfe08e8c0191a7827,602cb8bf78d3fda29f330607,-84.86614080877666,43.681926076047716,2021-04-13,2021-03-28
116,847,604cf485c4e5fa0b7f7799394,5fdf6bbcfe08e8c0191a7827,602cb8bf78d3fda29f330607,-84.86614080877666,43.681926076047716,2021-04-13,2021-03-28
117,848,604cf485c4e5fa0b7f7799394,5fdf6bbcfe08e8c0191a7827,602cb8bf78d3fda29f330607,-84.86614080877666,43.681926076047716,2021-04-13,2021-03-28
118,849,604cf485c4e5fa0b7f7799394,5fdf6bbcfe08e8c0191a7827,602cb8bf78d3fda29f330607,-84.86614080877666,43.681926076047716,2021-04-13,2021-03-28
119,850,604cf485c4e5fa0b7f7799394,5fdf6bbcfe08e8c0191a7827,602cb8bf78d3fda29f330607,-84.86614080877666,43.681926076047716,2021-04-13,2021-03-28
120,851,604cf485c4e5fa0b7f7799394,5fdf6bbcfe08e8c0191a7827,602cb8bf78d3fda29f330607,-84.86614080877666,43.681926076047716,2021-04-13,2021-03-28
121,852,604cf485c4e5fa0b7f7799394,5fdf6bbcfe08e8c0191a7827,602cb8bf78d3fda29f330607,-84.86614080877666,43.681926076047716,2021-04-13,2021-03-28
122,853,604cf485c4e5fa0b7f7799394,5fdf6bbcfe08e8c0191a7827,602cb8bf78d3fda29f330607,-84.86614080877666,43.681926076047716,2021-04-13,2021-03-28
123,854,604cf485c4e5fa0b7f7799394,5fdf6bbcfe08e8c0191a7827,602cb8bf78d3fda29f330607,-84.86614080877666,43.681926076047716,2021-04-13,2021-03-28
124,855,604cf485c4e5fa0b7f7799394,5fdf6bbcfe08e8c0191a7827,602cb8bf78d3fda29f330607,-84.86614080877666,43.681926076047716,2021-04-13,2021-03-28
125,856,604cf485c4e5fa0b7f7799394,5fdf6bbcfe08e8c0191a7827,602cb8bf78d3fda29f330607,-84.86614080877666,43.681926076047716,2021-04-13,2021-03-28
126,857,604cf485c4e5fa0b7f7799394,5fdf6bbcfe08e8c0191a7827,602cb8bf78d3fda29f330607,-84.86614080877666,43.681926076047716,2021-04-13,2021-03-28
127,858,604cf485c4e5fa0b7f7799394,5fdf6bbcfe08e8c0191a7827,602cb8bf78d3fda29f330607,-84.86614080877666,43.681926076047716,2021-04-13,2021-03-28
128,859,604cf485c4e5fa0b7f7799394,5fdf6bbcfe08e8c0191a7827,602cb8bf78d3fda29f330607,-84.86614080877666,43.681926076047716,2021-04-13,2021-03-28
129,860,604cf485c4e5fa0b7f7799394,5fdf6bbcfe08e8c0191a7827,602cb8bf78d3fda29f330607,-84.86614080877666,43.681926076047716,2021-04-13,2021-03-28
130,861,604cf485c4e5fa0b7f7799394,5fdf6bbcfe08e8c0191a7827,602cb8bf78d3fda29f330607,-84.86614080877666,43.681926076047716,2021-04-13,2021-03-28
131,862,604cf485c4e5fa0b7f7799394,5fdf6bbcfe08e8c0191a7827,602cb8bf78d3fda29f330607,-84.86614080877666,43.681926076047716,2021-04-13,2021-03-28
132,863,604cf485c4e5fa0b7f7799394,5fdf6bbcfe08e8c0191a7827,602cb8bf78d3fda29f330607,-84.86614080877666,43.681926076047716,2021-04-13,2021-03-28
133,864,604cf485c4e5fa0b7f7799394,5fdf6bbcfe08e8c0191a7827,602cb8bf78d3fda29f330607,-84.86614080877666,43.681926076047716,2021-04-13,2021-03-28
134,865,604cf485c4e5fa0b7f7799394,5fdf6bbcfe08e8c0191a7827,602cb8bf78d3fda29f330607,-84.86614080877666,43.681926076047716,2021-04-13,2021-03-28
135,866,604cf485c4e5fa0b7f7799394,5fdf6bbcfe08e8c0191a7827,602cb8bf78d3fda29f330607,-84.86614080877666,43.681926076047716,2021-04-13,2021-03-28
136,867,604cf485c4e5fa0b7f7799394,5fdf6bbcfe08e8c0191a7827,602cb8bf78d3fda29f330607,-84.86614080877666,43.681926076047716,2021-04-13,2021-03-28
137,868,604cf485c4e5fa0b7f7799394,5fdf6bbcfe08e8c0191a7827,602cb8bf78d3fda29f330607,-84.86614080877666,43.681926076047716,2021-04-13,2021-03-28
138,869,604cf485c4e5fa0b7f7799394,5fdf6bbcfe08e8c0191a7827,602cb8bf78d3fda29f330607,-84.86614080877666,43.681926076047716,2021-04-13,2021-03-28
139,870,604cf485c4e5fa0b7f7799394,5fdf6bbcfe08e8c0191a7827,602cb8bf78d3fda29f330607,-84.86614080877666,43.681926076047716,2021-04-13,2021-03-28
140,871,604cf485c4e5fa0b7f7799394,5fdf6bbcfe08e8c0191a7827,602cb8bf78d3fda29f330607,-84.86614080877666,43.681926076047716,2021-04-13,2021-03-28
141,872,604cf485c4e5fa0b7f7799394,5fdf6bbcfe08e8c0191a7827,602cb8bf78d3fda29f330607,-84.86614080877666,43.681926076047716,2021-04-13,2021-03-28
142,873,604cf485c4e5fa0b7f7799394,5fdf6bbcfe08e8c0191a7827,602cb8bf78d3fda29f330607,-84.86614080877666,43.681926076047716,2021-04-13,2021-03-28
143,874,604cf485c4e5fa0b7f7799394,5fdf6bbcfe08e8c0191a7827,602cb8bf78d3fda29f330607,-84.86614080877666,43.681926076047716,2021-04-13,2021-03-28
144,875,604cf485c4e5fa0b7f7799394,5fdf6bbcfe08e8c0191a7827,602cb8bf78d3fda29f330607,-84.86614080877666,43.681926076047716,2021-04-13,2021-03-28
145,876,604cf485c4e5fa0b7f7799394,5fdf6bbcfe08e8c0191a7827,602cb8bf78d3fda29f330607,-84.86614080877666,43.681926076047716,2021-04-13,2021-03-28
146,877,604cf485c4e5fa0b7f7799394,5fdf6bbcfe08e8c0191a7827,602cb8bf78d3fda29f330607,-84.86614080877666,43.681926076047716,2021-04-13,2021-03-28
147,878,604cf485c4e5fa0b7f7799394,5fdf6bbcfe08e8c0191a7827,602cb8bf78d3fda29f330607,-84.86614080877666,43.681926076047716,2021-04-13,2021-03-28
148,879,604cf485c4e5fa0b7f7799394,5fdf6bbcfe08e8c0191a7827,602cb8bf78d3fda29f330607,-84.86614080877666,43.681926076047716,2021-04-13,2021-03-28
149,880,604cf485c4e5fa0b7f7799394,5fdf6bbcfe08e8c0191a7827,602cb8bf78d3fda29f330607,-84.86614080877666,43.681926076047716,2021-04-13,2021-03-28
150,881,604cf485c4e5fa0b7f7799394,5fdf6bbcfe08e8c0191a7827,602cb8bf78d3fda29f330607,-84.86614080877666,43.681926076047716,2021-04-13,2021-03-28
151,882,604cf485c4e5fa0b7f7799394,5fdf6bbcfe08e8c0191a7827,602cb8bf78d3fda29f330607,-84.86614080877666,43.681926076047716,2021-04-13,2021-03-28
152,883,604cf485c4e5fa0b7f7799394,5fdf6bbcfe08e8c0191a7827,602cb8bf78d3fda29f330607,-84.86614080877666,43.681926076047716,2021-04-13,2021-03-28
153,884,604cf485c4e5fa0b7f7799394,5fdf6bbcfe08e8c0191a7827,602cb8bf78d3fda29f330607,-84.86614080877666,43.681926076047716,2021-04-13,2021-03-28
154,885,604cf485c4e5fa0b7f7799394,5fdf6bbcfe08e8c0191a7827,602cb8bf78d3fda29f330607,-84.86614080877666,43.681926076047716,2021-04-13,2021-03-28
155,886,604cf485c4e5fa0b7f7799394,5fdf6bbcfe08e8c0191a7827,602cb8bf78d3fda29f330607,-84.86614080877666,43.681926076047716,2021-04-13,2021-03-28
156,887,604cf485c4e5fa0b7f7799394,5fdf6bbcfe08e8c0191a7827,602cb8bf78d3fda29f330607,-84.86614080877666,43.681926076047716,2021-04-13,2021-03-28
157,888,604cf485c4e5fa0b7f7799394,5fdf6bbcfe08e8c0191a7827,602cb8bf78d3fda29f330607,-84.86614080877666,43.681926076047716,2021-04-13,2021-03-28
158,889,604cf485c4e5fa0b7f7799394,5fdf6bbcfe08e8c0191a7827,602cb8bf78d3fda29f330607,-84.86614080877666,43.681926076047716,2021-04-13,2021-03-28
159,890,604cf485c4e5fa0b7f7799394,5fdf6bbcfe08e8c0191a7827,602cb8bf78d3fda29f330607,-84.86614080877666,43.681926076047716,2021-04-13,2021-03-28
160,891,604cf485c4e5fa0b7f7799394,5fdf6bbcfe08e8c0191a7827,602cb8bf78d3fda29f330607,-84.86614080877666,43.681926076047716,2021-04-13,2021-03-28
161,892,604cf485c4e5fa0b7f7799394,5fdf6bbcfe08e8c0191a7827,602cb8bf78d3fda29f330607,-84.86614080877666,43.681926076047716,2021-04-13,2021-03-28
162,893,604cf485c4e5fa0b7f7799394,5fdf6bbcfe08e8c0191a7827,602cb8bf78d3fda29f330607,-84.86614080877666,43.681926076047716,2021-04-13,2021-03-28
163,894,604cf485c4e5fa0b7f7799394,5fdf6bbcfe08e8c0191a7827,602cb8bf78d3fda29f330607,-84.86614080877666,43.681926076047716,2021-04-13,2021-03-28
164,895,604cf485c4e5fa0b7f7799394,5fdf6bbcfe08e8c0191a7827,602cb8bf78d3fda29f330607,-84.86614080877666,43.681926076047716,2021-04-13,2021-03-28
165,896,604cf485c4e5fa0b7f7799394,5fdf6bbcfe08e8c0191a7827,602cb8bf78d3fda29f330607,-84.86614080877666,43.681926076047716,2021-04-13,2021-03-28
166,897,604cf485c4e5fa0b7f7799394,5fdf6bbcfe08e8c0191a7827,602cb8bf78d3fda29f330607,-84.86614080877666,43.681926076047716,2021-04-13,2021-03-28
167,898,604cf485c4e5fa0b7f7799394,5fdf6bbcfe08e8c0191a7827,602cb8bf78d3fda29f330607,-84.86614080877666,43.681926076047716,2021-04-13,2021-03-28
168,899,604cf485c4e5fa0b7f7799394,5fdf6bbcfe08e8c0191a7827,602cb8bf78d3fda29f330607,-84.86614080877666,43.681926076047716,2021-04-13,2021-03-28
169,900,604cf485c4e5fa0b7f7799394,5fdf6bbcfe08e8c0191a7827,602cb8bf78d3fda29f330607,-84.86614080877666,43.681926076047716,2021-04-13,2021-03-28
170,901,604cf485c4e5fa0b7f7799394,5fdf6bbcfe08e8c0191a7827,602cb8bf78d3fda29f330607,-84.86614080877666,43.681926076047716,2021-04-13,2021-03-28
171,902,604cf485c4e5fa0b7f7799394,5fdf6bbcfe08e8c0191a7827,602cb8bf78d3fda29f330607,-84.86614080877666,43.681926076047716,2021-04-13,2021-03-28
172,903,604cf485c4e5fa0b7f7799394,5fdf6bbcfe08e8c0191a7827,602cb8bf78d3fda29f330607,-84.86614080877666,43.681926076047716,2021-04-13,2021-03-28
173,904,604cf485c4e5fa0b7f7799394,5fdf6bbcfe08e8c0191a7827,602cb8bf78d3fda29f330607,-84.86614080877666,43.681926076047716,2021-04-13,2021-03-28
174,905,604cf485c4e5fa0b7f7799394,5fdf6bbcfe08e8c0191a7827,602cb8bf78d3fda29f330607,-84.86614080877666,43.681926076047716,2021-04-13,2021-03-28
175,906,604cf485c4e5fa0b7f7799394,5fdf6bbcfe08e8c0191a7827,602cb8bf78d3fda29f330607,-84.86614080877666,43.681926076047716,2021-04-13,2021-03-28
176,907,604cf485c4e5fa0b7f7799394,5fdf6bbcfe08e8c0191a7827,602cb8bf78d3fda29f330607,-84.86614080877666,43.681926076047716,2021-04-13,2021-03-28
177,908,604cf485c4e5fa0b7f7799394,5fdf6bbcfe08e8c0191a7827,602cb8bf78d3fda29f330607,-84.86614080877666,43.681926076047716,2021-04-13,2021-03-28
178,909,604cf485c4e5fa0b7f7799394,5fdf6bbcfe08e8c0191a7827,602cb8bf78d3fda29f330607,-84.86614080877666,43.681926076047716,2021-04-13,2021-03-28
179,910,604cf485c4e5fa0b7f7799394,5fdf6bbcfe08e8c0191a7827,602cb8bf78d3fda29f330607,-84.86614080877666,43.681926076047716,2021-04-13,2021-03-28
180,911,604cf485c4e5fa0b7f7799394,5fdf6bbcfe08e8c0191a7827,602cb8bf78d3fda29f330607,-84.86614080877666,43.681926076047716,2021-04-13,2021-03-28
181,912,604cf485c4e5fa0b7f7799394,5fdf6bbcfe08e8c0191a7827,602cb8bf78d3fda29f330607,-84.86614080877666,43.681926076047716,2021-04-13,2021-03-28
182,913,604cf485c4e5fa0b7f7799394,5fdf6bbcfe08e8c0191a7827,602cb8bf78d3fda29f330607,-84.86614080877666,43.681926076047716,2021-04-13,2021-03-28
183,914,604cf485c4e5fa0b7f7799394,5fdf6bbcfe08e8c0191a7827,602cb8bf78d3fda29f330607,-84.86614080877666,43.681926076047716,2021-04-13,2021-03-28
184,915,604cf485c4e5fa0b7f7799394,5fdf6bbcfe08e8c0191a7827,602cb8bf78d3fda29f330607,-84.86614080877666,43.681926076047716,2021-04-13,2021-03-28
185,916,604cf485c4e5fa0b7f7799394,5fdf6bbcfe08e8c0191a7827,602cb8bf78d3fda29f330607,-84.86614080877666,43.681926076047716,2021-04-13,2021-03-28
186,917,604cf485c4e5fa0b7f7799394,5fdf6bbcfe08e8c0191a7827,602cb8bf78d3fda29f330607,-84.86614080877666,43.681926076047716,2021-04-13,2021-03-28
187,918,604cf485c4e5fa0b7f7799394,5fdf6bbcfe08e8c0191a7827,602cb8bf78d3fda29f330607,-84.86614080877666,43.681926076047716,2021-04-13,2021-03-28
188,919,604cf485c4e5fa0b7f7799394,5fdf6bbcfe08e8c0191a7827,602cb8bf78d3fda29f330607,-84.86614080877666,43.681926076047716,2021-04-13,2021-03-28
189,920,604cf485c4e5fa0b7f7799394,5fdf6bbcfe08e8c0191a7827,602cb8bf78d3fda29f330607,-84.86614080877666,43.681926076047716,2021-04-13,2021-03-28
190,921,604cf485c4e5fa0b7f7799394,5fdf6bbcfe08e8c0191a7827,602cb8bf78d3fda29f330607,-84.86614080877666,43.681926076047716,2021-04-13,2021-03-28
191,922,604cf485c4e5fa0b7f7799394,5fdf6bbcfe08e8c0191a7827,602cb8bf78d3fda29f330607,-84.86614080877666,43.681926076047716,2021-04-13,2021-03-28
192,923,604cf485c4e5fa0b7f7799394,5fdf6bbcfe08e8c0191a7827,602cb8bf78d3fda29f330607,-84.86614080877666,43.681926076047716,2021-04-13,2021-03-28
193,924,604cf485c4e5fa0b7f7799394,5fdf6bbcfe08e8c0191a7827,602cb8bf78d3fda29f330607,-84.86614080877666,43.681926076047716,2021-04-13,2021-03-28
194,925,604cf485c4e5fa0b7f7799394,5fdf6bbcfe08e8c0191a7827,602cb8bf78d3fda29f330607,-84.86614080877666,43.681926076047716,2021-04-13,2021-03-28
195,926,604cf485c4e5fa0b7f7799394,5fdf6bbcfe08e8c0191a7827,602cb8bf78d3fda29f330607,-84.86614080877666,43.681926076047716,2021-04-13,2021-03-28
196,927,604cf485c4e5fa0b7f7799394,5fdf6bbcfe08e8c0191a7827,602cb8bf78d3fda29f330607,-84.86614080877666,43.681926076047716,2021-04-13,2021-03-28
197,928,604cf485c4e5fa0b7f7799394,5fdf6bbcfe08e8c0191a7827,602cb8bf78d3fda29f330607,-84.86614080877666,43.681926076047716,2021-04-13,2021-03-28
198,929,604cf485c4e5fa0b7f7799394,5fdf6bbcfe08e8c0191a7827,602cb8bf78d3fda29f330607,-84.86614080877666,43.681926076047716,2021-04-13,2021-03-28
199,930,604cf485c4e5fa0b7f7799394,5fdf6bbcfe08e8c0191a7827,602cb8bf78d3fda29f330607,-84.86614080877666,43.681926076047716,2021-04-13,2021-03-28
200,931,604cf485c4e5fa0b7f7799394,5fdf6bbcfe08e8c0191a7827,602cb8bf78d3fda29f330607,-84.86614080877666,43.681926076047716,2021-04-13,2021-03-28
201,932,604cf485c4e5fa0b7f7799394,5fdf6bbcfe08e8c0191a7827,602cb8bf78d3fda29f330607,-84.86614080877666,43.681926076047716,2021-04-13,2021-03-28
202,7645,604cf485c4e5fa0b7f7799463,5fdf6bbcfe08e8c0191a7823,602cb8bf78d3fda29f330607,-40.14204218795331,85.15217195831967,2021-02-23,2021-02-27
203,7646,604cf485c4e5fa0b7f7799463,5fdf6bbcfe08e8c0191a7823,602cb8bf78d3fda29f330607,-40.14204218795331,85.15217195831967,2021-02-23,2021-02-27
204,7647,604cf485c4e5fa0b7f7799463,5fdf6bbcfe08e8c0191a7823,602cb8bf78d3fda29f330607,-40.14204218795331,85.15217195831967,2021-02-23,2021-02-27
205,7648,604cf485c4e5fa0b7f7799463,5fdf6bbcfe08e8c0191a7823,602cb8bf78d3fda29f330607,-40.14204218795331,85.15217195831967,2021-02-23,2021-02-27
206,7649,604cf485c4e5fa0b7f7799463,5fdf6bbcfe08e8c0191a7823,602cb8bf78d3fda29f330607,-40.14204218795331,85.15217195831967,2021-02-23,2021-02-27
207,7650,604cf485c4e5fa0b7f7799463,5fdf6bbcfe08e8c0191a7823,602cb8bf78d3fda29f330607,-40.14204218795331,85.15217195831967,2021-02-23,2021-02-27
208,7651,604cf485c4e5fa0b7f7799463,5fdf6bbcfe08e8c0191a7823,602cb8bf78d3fda29f330607,-40.14204218795331,85.15217195831967,2021-02-23,2021-02-27
209,7652,604cf485c4e5fa0b7f7799463,5fdf6bbcfe08e8c0191a7823,602cb8bf78d3fda29f330607,-40.14204218795331,85.15217195831967,2021-02-23,2021-02-27
210,7653,604cf485c4e5fa0b7f7799463,5fdf6bbcfe08e8c0191a7823,602cb8bf78d3fda29f330607,-40.14204218795331,85.15217195831967,2021-02-23,2021-02-27
211,7654,604cf485c4e5fa0b7f7799463,5fdf6bbcfe08e8c0191a7823,602cb8bf78d3fda29f330607,-40.14204218795331,85.15217195831967,2021-02-23,2021-02-27
212,7655,604cf485c4e5fa0b7f7799463,5fdf6bbcfe08e8c0191a7823,602cb8bf78d3fda29f330607,-40.14204218795331,85.15217195831967,2021-02-23,2021-02-27
213,7656,604cf485c4e5fa0b7f7799463,5fdf6bbcfe08e8c0191a7823,602cb8bf78d3fda29f330607,-40.14204218795331,85.15217195831967,2021-02-23,2021-02-27
214,7657,604cf485c4e5fa0b7f7799463,5fdf6bbcfe08e8c0191a7823,602cb8bf78d3fda29f330607,-40.14204218795331,85.15217195831967,2021-02-23,2021-02-27
215,7658,604cf485c4e5fa0b7f7799463,5fdf6bbcfe08e8c0191a7823,602cb8bf78d3fda29f330607,-40.14204218795331,85.15217195831967,2021-02-23,2021-02-27
216,7659,604cf485c4e5fa0b7f7799463,5fdf6bbcfe08e8c0191a7823,602cb8bf78d3fda29f330607,-40.14204218795331,85.15217195831967,2021-02-23,2021-02-27
217,7660,604cf485c4e5fa0b7f7799463,5fdf6bbcfe08e8c0191a7823,602cb8bf78d3fda29f330607,-40.14204218795331,85.15217195831967,2021-02-23,2021-02-27
218,7661,604cf485c4e5fa0b7f7799463,5fdf6bbcfe08e8c0191a7823,602cb8bf78d3fda29f330607,-40.14204218795331,85.15217195831967,2021-02-23,2021-02-27
219,7662,604cf485c4e5fa0b7f7799463,5fdf6bbcfe08e8c0191a7823,602cb8bf78d3fda29f330607,-40.14204218795331,85.15217195831967,2021-02-23,2021-02-27
220,7663,604cf485c4e5fa0b7f7799463,5fdf6bbcfe08e8c0191a7823,602cb8bf78d3fda29f330607,-40.14204218795331,85.15217195831967,2021-02-23,2021-02-27
221,7664,604cf485c4e5fa0b7f7799463,5fdf6bbcfe08e8c0191a7823,602cb8bf78d3fda29f330607,-40.14204218795331,85.15217195831967,2021-02-23,2021-02-27
222,7665,604cf485c4e5fa0b7f7799463,5fdf6bbcfe08e8c0191a7823,602cb8bf78d3fda29f330607,-40.14204218795331,85.15217195831967,2021-02-23,2021-02-27
223,7666,604cf485c4e5fa0b7f7799463,5fdf6bbcfe08e8c0191a7823,602cb8bf78d3fda29f330607,-40.14204218795331,85.15217195831967,2021-02-23,2021-02-27
224,7667,604cf485c4e5fa0b7f7799463,5fdf6bbcfe08e8c0191a7823,602cb8bf78d3fda29f330607,-40.14204218795331,85.15217195831967,2021-02-23,2021-02-27
225,7668,604cf485c4e5fa0b7f7799463,5fdf6bbcfe08e8c0191a7823,602cb8bf78d3fda29f330607,-40.14204218795331,85.15217195831967,2021-02-23,2021-02-27
226,7669,604cf485c4e5fa0b7f7799463,5fdf6bbcfe08e8c0191a7823,602cb8bf78d3fda29f330607,-40.14204218795331,85.15217195831967,2021-02-23,2021-02-27
227,7670,604cf485c4e5fa0b7f7799463,5fdf6bbcfe08e8c0191a7823,602cb8bf78d3fda29f330607,-40.14204218795331,85.15217195831967,2021-02-23,2021-02-27
228,7671,604cf485c4e5fa0b7f7799463,5fdf6bbcfe08e8c0191a7823,602cb8bf78d3fda29f330607,-40.14204218795331,85.15217195831967,2021-02-23,2021-02-27
229,7672,604cf485c4e5fa0b7f7799463,5fdf6bbcfe08e8c0191a7823,602cb8bf78d3fda29f330607,-40.14204218795331,85.15217195831967,2021-02-23,2021-02-27
230,7673,604cf485c4e5fa0b7f7799463,5fdf6bbcfe08e8c0191a7823,602cb8bf78d3fda29f330607,-40.14204218795331,85.15217195831967,2021-02-23,2021-02-27
231,7674,604cf485c4e5fa0b7f7799463,5fdf6bbcfe08e8c0191a7823,602cb8bf78d3fda29f330607,-40.14204218795331,85.15217195831967,2021-02-23,2021-02-27
232,7675,604cf485c4e5fa0b7f7799463,5fdf6bbcfe08e8c0191a7823,602cb8bf78d3fda29f330607,-40.14204218795331,85.15217195831967,2021-02-23,2021-02-27
233,7676,604cf485c4e5fa0b7f7799463,5fdf6bbcfe08e8c0191a7823,602cb8bf78d3fda29f330607,-40.14204218795331,85.15217195831967,2021-02-23,2021-02-27
234,7677,604cf485c4e5fa0b7f7799463,5fdf6bbcfe08e8c0191a7823,602cb8bf78d3fda29f330607,-40.14204218795331,85.15217195831967,2021-02-23,2021-02-27
235,7678,604cf485c4e5fa0b7f7799463,5fdf6bbcfe08e8c0191a7823,602cb8bf78d3fda29f330607,-40.14204218795331,85.15217195831967,2021-02-23,2021-02-27
236,7679,604cf485c4e5fa0b7f7799463,5fdf6bbcfe08e8c0191a7823,602cb8bf78d3fda29f330607,-40.14204218795331,85.15217195831967,2021-02-23,2021-02-27
237,7680,604cf485c4e5fa0b7f7799463,5fdf6bbcfe08e8c0191a7823,602cb8bf78d3fda29f330607,-40.14204218795331,85.15217195831967,2021-02-23,2021-02-27
238,7681,604cf485c4e5fa0b7f7799463,5fdf6bbcfe08e8c0191a7823,602cb8bf78d3fda29f330607,-40.14204218795331,85.15217195831967,2021-02-23,2021-02-27
239,7682,604cf485c4e5fa0b7f7799463,5fdf6bbcfe08e8c0191a7823,602cb8bf78d3fda29f330607,-40.14204218795331,85.15217195831967,2021-02-23,2021-02-27
240,7683,604cf485c4e5fa0b7f7799463,5fdf6bbcfe08e8c0191a7823,602cb8bf78d3fda29f330607,-40.14204218795331,85.15217195831967,2021-02-23,2021-02-27
241,7684,604cf485c4e5fa0b7f7799463,5fdf6bbcfe08e8c0191a7823,602cb8bf78d3fda29f330607,-40.14204218795331,85.15217195831967,2021-02-23,2021-02-27
242,7685,604cf485c4e5fa0b7f7799463,5fdf6bbcfe08e8c0191a7823,602cb8bf78d3fda29f330607,-40.14204218795331,85.15217195831967,2021-02-23,2021-02-27
243,7686,604cf485c4e5fa0b7f7799463,5fdf6bbcfe08e8c0191a7823,602cb8bf78d3fda29f330607,-40.14204218795331,85.15217195831967,2021-02-23,2021-02-27
244,7687,604cf485c4e5fa0b7f7799463,5fdf6bbcfe08e8c0191a7823,602cb8bf78d3fda29f330607,-40.14204218795331,85.15217195831967,2021-02-23,2021-02-27
245,7688,604cf485c4e5fa0b7f7799463,5fdf6bbcfe08e8c0191a7823,602cb8bf78d3fda29f330607,-40.14204218795331,85.15217195831967,2021-02-23,2021-02-27
246,7689,604cf485c4e5fa0b7f7799463,5fdf6bbcfe08e8c0191a7823,602cb8bf78d3fda29f330607,-40.14204218795331,85.15217195831967,2021-02-23,2021-02-27
247,7690,604cf485c4e5fa0b7f7799463,5fdf6bbcfe08e8c0191a7823,602cb8bf78d3fda29f330607,-40.14204218795331,85.15217195831967,2021-02-23,2021-02-27
248,7691,604cf485c4e5fa0b7f7799463,5fdf6bbcfe08e8c0191a7823,602cb8bf78d3fda29f330607,-40.14204218795331,85.15217195831967,2021-02-23,2021-02-27
249,7692,604cf485c4e5fa0b7f7799463,5fdf6bbcfe08e8c0191a7823,602cb8bf78d3fda29f330607,-40.14204218795331,85.15217195831967,2021-02-23,2021-02-27
250,7693,604cf485c4e5fa0b7f7799463,5fdf6bbcfe08e8c0191a7823,602cb8bf78d3fda29f330607,-40.14204218795331,85.15217195831967,2021-02-23,2021-02-27
251,7694,604cf485c4e5fa0b7f7799463,5fdf6bbcfe08e8c0191a7823,602cb8bf78d3fda29f330607,-40.14204218795331,85.15217195831967,2021-02-23,2021-02-27
252,7695,604cf485c4e5fa0b7f7799463,5fdf6bbcfe08e8c0191a7823,602cb8bf78d3fda29f330607,-40.14204218795331,85.15217195831967,2021-02-23,2021-02-27
253,7696,604cf485c4e5fa0b7f7799463,5fdf6bbcfe08e8c0191a7823,602cb8bf78d3fda29f330607,-40.14204218795331,85.15217195831967,2021-02-23,2021-02-27
254,7697,604cf485c4e5fa0b7f7799463,5fdf6bbcfe08e8c0191a7823,602cb8bf78d3fda29f330607,-40.14204218795331,85.15217195831967,2021-02-23,2021-02-27
255,7698,604cf485c4e5fa0b7f7799463,5fdf6bbcfe08e8c0191a7823,602cb8bf78d3fda29f330607,-40.14204218795331,85.15217195831967,2021-02-23,2021-02-27
256,7699,604cf485c4e5fa0b7f7799463,5fdf6bbcfe08e8c0191a7823,602cb8bf78d3fda29f330607,-40.14204218795331,85.15217195831967,2021-02-23,2021-02-27
257,7700,604cf485c4e5fa0b7f7799463,5fdf6bbcfe08e8c0191a7823,602cb8bf78d3fda29f330607,-40.14204218795331,85.15217195831967,2021-02-23,2021-02-27
258,7701,604cf485c4e5fa0b7f7799463,5fdf6bbcfe08e8c0191a7823,602cb8bf78d3fda29f330607,-40.14204218795331,85.15217195831967,2021-02-23,2021-02-27
259,7702,604cf485c4e5fa0b7f7799463,5fdf6bbcfe08e8c0191a7823,602cb8bf78d3fda29f330607,-40.14204218795331,85.15217195831967,2021-02-23,2021-02-27
260,7703,604cf485c4e5fa0b7f7799463,5fdf6bbcfe08e8c0191a7823,602cb8bf78d3fda29f330607,-40.14204218795331,85.15217195831967,2021-02-23,2021-02-27
261,7704,604cf485c4e5fa0b7f7799463,5fdf6bbcfe08e8c0191a7823,602cb8bf78d3fda29f330607,-40.14204218795331,85.15217195831967,2021-02-23,2021-02-27
262,7705,604cf485c4e5fa0b7f7799463,5fdf6bbcfe08e8c0191a7823,602cb8bf78d3fda29f330607,-40.14204218795331,85.15217195831967,2021-02-23,2021-02-27
263,7706,604cf485c4e5fa0b7f7799463,5fdf6bbcfe08e8c0191a7823,602cb8bf78d3fda29f330607,-40.14204218795331,85.15217195831967,2021-02-23,2021-02-27
264,7707,604cf485c4e5fa0b7f7799463,5fdf6bbcfe08e8c0191a7823,602cb8bf78d3fda29f330607,-40.14204218795331,85.15217195831967,2021-02-23,2021-02-27
265,7708,604cf485c4e5fa0b7f7799463,5fdf6bbcfe08e8c0191a7823,602cb8bf78d3fda29f330607,-40.14204218795331,85.15217195831967,2021-02-23,2021-02-27
266,7709,604cf485c4e5fa0b7f7799463,5fdf6bbcfe08e8c0191a7823,602cb8bf78d3fda29f330607,-40.14204218795331,85.15217195831967,2021-02-23,2021-02-27
267,7710,604cf485c4e5fa0b7f7799463,5fdf6bbcfe08e8c0191a7823,602cb8bf78d3fda29f330607,-40.14204218795331,85.15217195831967,2021-02-23,2021-02-27
268,7711,604cf485c4e5fa0b7f7799463,5fdf6bbcfe08e8c0191a7823,602cb8bf78d3fda29f330607,-40.14204218795331,85.15217195831967,2021-02-23,2021-02-27
269,7712,604cf485c4e5fa0b7f7799463,5fdf6bbcfe08e8c0191a7823,602cb8bf78d3fda29f330607,-40.14204218795331,85.15217195831967,2021-02-23,2021-02-27
270,7713,604cf485c4e5fa0b7f7799463,5fdf6bbcfe08e8c0191a7823,602cb8bf78d3fda29f330607,-40.14204218795331,85.15217195831967,2021-02-23,2021-02-27
271,7714,604cf485c4e5fa0b7f7799463,5fdf6bbcfe08e8c0191a7823,602cb8bf78d3fda29f330607,-40.14204218795331,85.15217195831967,2021-02-23,2021-02-27
272,7715,604cf485c4e5fa0b7f7799463,5fdf6bbcfe08e8c0191a7823,602cb8bf78d3fda29f330607,-40.14204218795331,85.15217195831967,2021-02-23,2021-02-27
273,7716,604cf485c4e5fa0b7f7799463,5fdf6bbcfe08e8c0191a7823,602cb8bf78d3fda29f330607,-40.14204218795331,85.15217195831967,2021-02-23,2021-02-27
274,7717,604cf485c4e5fa0b7f7799463,5fdf6bbcfe08e8c0191a7823,602cb8bf78d3fda29f330607,-40.14204218795331,85.15217195831967,2021-02-23,2021-02-27
275,7718,604cf485c4e5fa0b7f7799463,5fdf6bbcfe08e8c0191a7823,602cb8bf78d3fda29f330607,-40.14204218795331,85.15217195831967,2021-02-23,2021-02-27
276,7719,604cf485c4e5fa0b7f7799463,5fdf6bbcfe08e8c0191a7823,602cb8bf78d3fda29f330607,-40.14204218795331,85.15217195831967,2021-02-23,2021-02-27
277,7720,604cf485c4e5fa0b7f7799463,5fdf6bbcfe08e8c0191a7823,602cb8bf78d3fda29f330607,-40.14204218795331,85.15217195831967,2021-02-23,2021-02-27
278,7721,604cf485c4e5fa0b7f7799463,5fdf6bbcfe08e8c0191a7823,602cb8bf78d3fda29f330607,-40.14204218795331,85.15217195831967,2021-02-23,2021-02-27
279,7722,604cf485c4e5fa0b7f7799463,5fdf6bbcfe08e8c0191a7823,602cb8bf78d3fda29f330607,-40.14204218795331,85.15217195831967,2021-02-23,2021-02-27
280,7723,604cf485c4e5fa0b7f7799463,5fdf6bbcfe08e8c0191a7823,602cb8bf78d3fda29f330607,-40.14204218795331,85.15217195831967,2021-02-23,2021-02-27
281,7724,604cf485c4e5fa0b7f7799463,5fdf6bbcfe08e8c0191a7823,602cb8bf78d3fda29f330607,-40.14204218795331,85.15217195831967,2021-02-23,2021-02-27
282,7725,604cf485c4e5fa0b7f7799463,5fdf6bbcfe08e8c0191a7823,602cb8bf78d3fda29f330607,-40.14204218795331,85.15217195831967,2021-02-23,2021-02-27
283,7726,604cf485c4e5fa0b7f7799463,5fdf6bbcfe08e8c0191a7823,602cb8bf78d3fda29f330607,-40.14204218795331,85.15217195831967,2021-02-23,2021-02-27
284,7727,604cf485c4e5fa0b7f7799463,5fdf6bbcfe08e8c0191a7823,602cb8bf78d3fda29f330607,-40.14204218795331,85.15217195831967,2021-02-23,2021-02-27
285,7728,604cf485c4e5fa0b7f7799463,5fdf6bbcfe08e8c0191a7823,602cb8bf78d3fda29f330607,-40.14204218795331,85.15217195831967,2021-02-23,2021-02-27
286,7729,604cf485c4e5fa0b7f7799463,5fdf6bbcfe08e8c0191a7823,602cb8bf78d3fda29f330607,-40.14204218795331,85.15217195831967,2021-02-23,2021-02-27
287,7730,604cf485c4e5fa0b7f7799463,5fdf6bbcfe08e8c0191a7823,602cb8bf78d3fda29f330607,-40.14204218795331,85.15217195831967,2021-02-23,2021-02-27
288,7731,604cf485c4e5fa0b7f7799463,5fdf6bbcfe08e8c0191a7823,602cb8bf78d3fda29f330607,-40.14204218795331,85.15217195831967,2021-02-23,2021-02-27
289,7732,604cf485c4e5fa0b7f7799463,5fdf6bbcfe08e8c0191a7823,602cb8bf78d3fda29f330607,-40.14204218795331,85.15217195831967,2021-02-23,2021-02-27
