,resourceId,title,fromUserId_x,categoryId,name,longitude,latitude,created_dates,updated_dates
42042,604cf485c4e5fa0b7f7799737,samsung mobile is awesome,5fdf6bbcfe08e8c0191a7810,602cb9e778d3fda29f330608,,144.625235010569,285.394111065992,2021-03-12,2021-04-06
42043,604cf485c4e5fa0b7f7799737,samsung mobile is awesome,5fdf6bbcfe08e8c0191a7810,602cb9e778d3fda29f330608,,144.625235010569,285.394111065992,2021-03-12,2021-04-06
42044,604cf485c4e5fa0b7f7799737,samsung mobile is awesome,5fdf6bbcfe08e8c0191a7810,602cb9e778d3fda29f330608,,144.625235010569,285.394111065992,2021-03-12,2021-04-06
42045,604cf485c4e5fa0b7f7799737,samsung mobile is awesome,5fdf6bbcfe08e8c0191a7810,602cb9e778d3fda29f330608,,144.625235010569,285.394111065992,2021-03-12,2021-04-06
42046,604cf485c4e5fa0b7f7799737,samsung mobile is awesome,5fdf6bbcfe08e8c0191a7810,602cb9e778d3fda29f330608,,144.625235010569,285.394111065992,2021-03-12,2021-04-06
42047,604cf485c4e5fa0b7f7799737,samsung mobile is awesome,5fdf6bbcfe08e8c0191a7810,602cb9e778d3fda29f330608,,144.625235010569,285.394111065992,2021-03-12,2021-04-06
42048,604cf485c4e5fa0b7f7799737,samsung mobile is awesome,5fdf6bbcfe08e8c0191a7810,602cb9e778d3fda29f330608,,144.625235010569,285.394111065992,2021-03-12,2021-04-06
42049,604cf485c4e5fa0b7f7799737,samsung mobile is awesome,5fdf6bbcfe08e8c0191a7810,602cb9e778d3fda29f330608,,144.625235010569,285.394111065992,2021-03-12,2021-04-06
42050,604cf485c4e5fa0b7f7799737,samsung mobile is awesome,5fdf6bbcfe08e8c0191a7810,602cb9e778d3fda29f330608,,144.625235010569,285.394111065992,2021-03-12,2021-04-06
42051,604cf485c4e5fa0b7f7799737,samsung mobile is awesome,5fdf6bbcfe08e8c0191a7810,602cb9e778d3fda29f330608,,144.625235010569,285.394111065992,2021-03-12,2021-04-06
42052,604cf485c4e5fa0b7f7799737,samsung mobile is awesome,5fdf6bbcfe08e8c0191a7810,602cb9e778d3fda29f330608,,144.625235010569,285.394111065992,2021-03-12,2021-04-06
42053,604cf485c4e5fa0b7f7799737,samsung mobile is awesome,5fdf6bbcfe08e8c0191a7810,602cb9e778d3fda29f330608,,144.625235010569,285.394111065992,2021-03-12,2021-04-06
42054,604cf485c4e5fa0b7f7799737,samsung mobile is awesome,5fdf6bbcfe08e8c0191a7810,602cb9e778d3fda29f330608,,144.625235010569,285.394111065992,2021-03-12,2021-04-06
42055,604cf485c4e5fa0b7f7799737,samsung mobile is awesome,5fdf6bbcfe08e8c0191a7810,602cb9e778d3fda29f330608,,144.625235010569,285.394111065992,2021-03-12,2021-04-06
42056,604cf485c4e5fa0b7f7799737,samsung mobile is awesome,5fdf6bbcfe08e8c0191a7810,602cb9e778d3fda29f330608,,144.625235010569,285.394111065992,2021-03-12,2021-04-06
42057,604cf485c4e5fa0b7f7799737,samsung mobile is awesome,5fdf6bbcfe08e8c0191a7810,602cb9e778d3fda29f330608,,144.625235010569,285.394111065992,2021-03-12,2021-04-06
42058,604cf485c4e5fa0b7f7799737,samsung mobile is awesome,5fdf6bbcfe08e8c0191a7810,602cb9e778d3fda29f330608,,144.625235010569,285.394111065992,2021-03-12,2021-04-06
42059,604cf485c4e5fa0b7f7799737,samsung mobile is awesome,5fdf6bbcfe08e8c0191a7810,602cb9e778d3fda29f330608,,144.625235010569,285.394111065992,2021-03-12,2021-04-06
42060,604cf485c4e5fa0b7f7799737,samsung mobile is awesome,5fdf6bbcfe08e8c0191a7810,602cb9e778d3fda29f330608,,144.625235010569,285.394111065992,2021-03-12,2021-04-06
42061,604cf485c4e5fa0b7f7799737,samsung mobile is awesome,5fdf6bbcfe08e8c0191a7810,602cb9e778d3fda29f330608,,144.625235010569,285.394111065992,2021-03-12,2021-04-06
42062,604cf485c4e5fa0b7f7799737,samsung mobile is awesome,5fdf6bbcfe08e8c0191a7810,602cb9e778d3fda29f330608,,144.625235010569,285.394111065992,2021-03-12,2021-04-06
42063,604cf485c4e5fa0b7f7799737,samsung mobile is awesome,5fdf6bbcfe08e8c0191a7810,602cb9e778d3fda29f330608,,144.625235010569,285.394111065992,2021-03-12,2021-04-06
42064,604cf485c4e5fa0b7f7799737,samsung mobile is awesome,5fdf6bbcfe08e8c0191a7810,602cb9e778d3fda29f330608,,144.625235010569,285.394111065992,2021-03-12,2021-04-06
42065,604cf485c4e5fa0b7f7799737,samsung mobile is awesome,5fdf6bbcfe08e8c0191a7810,602cb9e778d3fda29f330608,,144.625235010569,285.394111065992,2021-03-12,2021-04-06
42066,604cf485c4e5fa0b7f7799737,samsung mobile is awesome,5fdf6bbcfe08e8c0191a7810,602cb9e778d3fda29f330608,,144.625235010569,285.394111065992,2021-03-12,2021-04-06
42067,604cf485c4e5fa0b7f7799737,samsung mobile is awesome,5fdf6bbcfe08e8c0191a7810,602cb9e778d3fda29f330608,,144.625235010569,285.394111065992,2021-03-12,2021-04-06
42068,604cf485c4e5fa0b7f7799737,samsung mobile is awesome,5fdf6bbcfe08e8c0191a7810,602cb9e778d3fda29f330608,,144.625235010569,285.394111065992,2021-03-12,2021-04-06
42069,604cf485c4e5fa0b7f7799737,samsung mobile is awesome,5fdf6bbcfe08e8c0191a7810,602cb9e778d3fda29f330608,,144.625235010569,285.394111065992,2021-03-12,2021-04-06
42070,604cf485c4e5fa0b7f7799737,samsung mobile is awesome,5fdf6bbcfe08e8c0191a7810,602cb9e778d3fda29f330608,,144.625235010569,285.394111065992,2021-03-12,2021-04-06
42071,604cf485c4e5fa0b7f7799737,samsung mobile is awesome,5fdf6bbcfe08e8c0191a7810,602cb9e778d3fda29f330608,,144.625235010569,285.394111065992,2021-03-12,2021-04-06
42072,604cf485c4e5fa0b7f7799737,samsung mobile is awesome,5fdf6bbcfe08e8c0191a7810,602cb9e778d3fda29f330608,,144.625235010569,285.394111065992,2021-03-12,2021-04-06
42073,604cf485c4e5fa0b7f7799737,samsung mobile is awesome,5fdf6bbcfe08e8c0191a7810,602cb9e778d3fda29f330608,,144.625235010569,285.394111065992,2021-03-12,2021-04-06
42074,604cf485c4e5fa0b7f7799737,samsung mobile is awesome,5fdf6bbcfe08e8c0191a7810,602cb9e778d3fda29f330608,,144.625235010569,285.394111065992,2021-03-12,2021-04-06
42075,604cf485c4e5fa0b7f7799737,samsung mobile is awesome,5fdf6bbcfe08e8c0191a7810,602cb9e778d3fda29f330608,,144.625235010569,285.394111065992,2021-03-12,2021-04-06
42076,604cf485c4e5fa0b7f7799737,samsung mobile is awesome,5fdf6bbcfe08e8c0191a7810,602cb9e778d3fda29f330608,,144.625235010569,285.394111065992,2021-03-12,2021-04-06
42077,604cf485c4e5fa0b7f7799737,samsung mobile is awesome,5fdf6bbcfe08e8c0191a7810,602cb9e778d3fda29f330608,,144.625235010569,285.394111065992,2021-03-12,2021-04-06
42078,604cf485c4e5fa0b7f7799737,samsung mobile is awesome,5fdf6bbcfe08e8c0191a7810,602cb9e778d3fda29f330608,,144.625235010569,285.394111065992,2021-03-12,2021-04-06
42079,604cf485c4e5fa0b7f7799737,samsung mobile is awesome,5fdf6bbcfe08e8c0191a7810,602cb9e778d3fda29f330608,,144.625235010569,285.394111065992,2021-03-12,2021-04-06
42080,604cf485c4e5fa0b7f7799737,samsung mobile is awesome,5fdf6bbcfe08e8c0191a7810,602cb9e778d3fda29f330608,,144.625235010569,285.394111065992,2021-03-12,2021-04-06
42081,604cf485c4e5fa0b7f7799737,samsung mobile is awesome,5fdf6bbcfe08e8c0191a7810,602cb9e778d3fda29f330608,,144.625235010569,285.394111065992,2021-03-12,2021-04-06
42082,604cf485c4e5fa0b7f7799737,samsung mobile is awesome,5fdf6bbcfe08e8c0191a7810,602cb9e778d3fda29f330608,,144.625235010569,285.394111065992,2021-03-12,2021-04-06
42083,604cf485c4e5fa0b7f7799737,samsung mobile is awesome,5fdf6bbcfe08e8c0191a7810,602cb9e778d3fda29f330608,,144.625235010569,285.394111065992,2021-03-12,2021-04-06
42084,604cf485c4e5fa0b7f7799737,samsung mobile is awesome,5fdf6bbcfe08e8c0191a7810,602cb9e778d3fda29f330608,,144.625235010569,285.394111065992,2021-03-12,2021-04-06
42085,604cf485c4e5fa0b7f7799737,samsung mobile is awesome,5fdf6bbcfe08e8c0191a7810,602cb9e778d3fda29f330608,,144.625235010569,285.394111065992,2021-03-12,2021-04-06
42086,604cf485c4e5fa0b7f7799737,samsung mobile is awesome,5fdf6bbcfe08e8c0191a7810,602cb9e778d3fda29f330608,,144.625235010569,285.394111065992,2021-03-12,2021-04-06
42087,604cf485c4e5fa0b7f7799737,samsung mobile is awesome,5fdf6bbcfe08e8c0191a7810,602cb9e778d3fda29f330608,,144.625235010569,285.394111065992,2021-03-12,2021-04-06
42088,604cf485c4e5fa0b7f7799737,samsung mobile is awesome,5fdf6bbcfe08e8c0191a7810,602cb9e778d3fda29f330608,,144.625235010569,285.394111065992,2021-03-12,2021-04-06
42089,604cf485c4e5fa0b7f7799737,samsung mobile is awesome,5fdf6bbcfe08e8c0191a7810,602cb9e778d3fda29f330608,,144.625235010569,285.394111065992,2021-03-12,2021-04-06
42090,604cf485c4e5fa0b7f7799737,samsung mobile is awesome,5fdf6bbcfe08e8c0191a7810,602cb9e778d3fda29f330608,,144.625235010569,285.394111065992,2021-03-12,2021-04-06
42091,604cf485c4e5fa0b7f7799737,samsung mobile is awesome,5fdf6bbcfe08e8c0191a7810,602cb9e778d3fda29f330608,,144.625235010569,285.394111065992,2021-03-12,2021-04-06
42092,604cf485c4e5fa0b7f7799737,samsung mobile is awesome,5fdf6bbcfe08e8c0191a7810,602cb9e778d3fda29f330608,,144.625235010569,285.394111065992,2021-03-12,2021-04-06
42093,604cf485c4e5fa0b7f7799737,samsung mobile is awesome,5fdf6bbcfe08e8c0191a7810,602cb9e778d3fda29f330608,,144.625235010569,285.394111065992,2021-03-12,2021-04-06
42094,604cf485c4e5fa0b7f7799737,samsung mobile is awesome,5fdf6bbcfe08e8c0191a7810,602cb9e778d3fda29f330608,,144.625235010569,285.394111065992,2021-03-12,2021-04-06
42095,604cf485c4e5fa0b7f7799737,samsung mobile is awesome,5fdf6bbcfe08e8c0191a7810,602cb9e778d3fda29f330608,,144.625235010569,285.394111065992,2021-03-12,2021-04-06
42096,604cf485c4e5fa0b7f7799737,samsung mobile is awesome,5fdf6bbcfe08e8c0191a7810,602cb9e778d3fda29f330608,,144.625235010569,285.394111065992,2021-03-12,2021-04-06
42097,604cf485c4e5fa0b7f7799737,samsung mobile is awesome,5fdf6bbcfe08e8c0191a7810,602cb9e778d3fda29f330608,,144.625235010569,285.394111065992,2021-03-12,2021-04-06
42098,604cf485c4e5fa0b7f7799737,samsung mobile is awesome,5fdf6bbcfe08e8c0191a7810,602cb9e778d3fda29f330608,,144.625235010569,285.394111065992,2021-03-12,2021-04-06
42099,604cf485c4e5fa0b7f7799737,samsung mobile is awesome,5fdf6bbcfe08e8c0191a7810,602cb9e778d3fda29f330608,,144.625235010569,285.394111065992,2021-03-12,2021-04-06
42100,604cf485c4e5fa0b7f7799737,samsung mobile is awesome,5fdf6bbcfe08e8c0191a7810,602cb9e778d3fda29f330608,,144.625235010569,285.394111065992,2021-03-12,2021-04-06
42101,604cf485c4e5fa0b7f7799737,samsung mobile is awesome,5fdf6bbcfe08e8c0191a7810,602cb9e778d3fda29f330608,,144.625235010569,285.394111065992,2021-03-12,2021-04-06
42102,604cf485c4e5fa0b7f7799737,samsung mobile is awesome,5fdf6bbcfe08e8c0191a7810,602cb9e778d3fda29f330608,,144.625235010569,285.394111065992,2021-03-12,2021-04-06
42103,604cf485c4e5fa0b7f7799737,samsung mobile is awesome,5fdf6bbcfe08e8c0191a7810,602cb9e778d3fda29f330608,,144.625235010569,285.394111065992,2021-03-12,2021-04-06
42104,604cf485c4e5fa0b7f7799737,samsung mobile is awesome,5fdf6bbcfe08e8c0191a7810,602cb9e778d3fda29f330608,,144.625235010569,285.394111065992,2021-03-12,2021-04-06
42105,604cf485c4e5fa0b7f7799737,samsung mobile is awesome,5fdf6bbcfe08e8c0191a7810,602cb9e778d3fda29f330608,,144.625235010569,285.394111065992,2021-03-12,2021-04-06
42106,604cf485c4e5fa0b7f7799737,samsung mobile is awesome,5fdf6bbcfe08e8c0191a7810,602cb9e778d3fda29f330608,,144.625235010569,285.394111065992,2021-03-12,2021-04-06
42107,604cf485c4e5fa0b7f7799737,samsung mobile is awesome,5fdf6bbcfe08e8c0191a7810,602cb9e778d3fda29f330608,,144.625235010569,285.394111065992,2021-03-12,2021-04-06
42108,604cf485c4e5fa0b7f7799737,samsung mobile is awesome,5fdf6bbcfe08e8c0191a7810,602cb9e778d3fda29f330608,,144.625235010569,285.394111065992,2021-03-12,2021-04-06
42109,604cf485c4e5fa0b7f7799737,samsung mobile is awesome,5fdf6bbcfe08e8c0191a7810,602cb9e778d3fda29f330608,,144.625235010569,285.394111065992,2021-03-12,2021-04-06
42110,604cf485c4e5fa0b7f7799737,samsung mobile is awesome,5fdf6bbcfe08e8c0191a7810,602cb9e778d3fda29f330608,,144.625235010569,285.394111065992,2021-03-12,2021-04-06
42111,604cf485c4e5fa0b7f7799737,samsung mobile is awesome,5fdf6bbcfe08e8c0191a7810,602cb9e778d3fda29f330608,,144.625235010569,285.394111065992,2021-03-12,2021-04-06
42112,604cf485c4e5fa0b7f7799737,samsung mobile is awesome,5fdf6bbcfe08e8c0191a7810,602cb9e778d3fda29f330608,,144.625235010569,285.394111065992,2021-03-12,2021-04-06
42113,604cf485c4e5fa0b7f7799737,samsung mobile is awesome,5fdf6bbcfe08e8c0191a7810,602cb9e778d3fda29f330608,,144.625235010569,285.394111065992,2021-03-12,2021-04-06
42114,604cf485c4e5fa0b7f7799737,samsung mobile is awesome,5fdf6bbcfe08e8c0191a7810,602cb9e778d3fda29f330608,,144.625235010569,285.394111065992,2021-03-12,2021-04-06
42115,604cf485c4e5fa0b7f7799737,samsung mobile is awesome,5fdf6bbcfe08e8c0191a7810,602cb9e778d3fda29f330608,,144.625235010569,285.394111065992,2021-03-12,2021-04-06
42116,604cf485c4e5fa0b7f7799737,samsung mobile is awesome,5fdf6bbcfe08e8c0191a7810,602cb9e778d3fda29f330608,,144.625235010569,285.394111065992,2021-03-12,2021-04-06
42117,604cf485c4e5fa0b7f7799737,samsung mobile is awesome,5fdf6bbcfe08e8c0191a7810,602cb9e778d3fda29f330608,,144.625235010569,285.394111065992,2021-03-12,2021-04-06
42118,604cf485c4e5fa0b7f7799737,samsung mobile is awesome,5fdf6bbcfe08e8c0191a7810,602cb9e778d3fda29f330608,,144.625235010569,285.394111065992,2021-03-12,2021-04-06
42119,604cf485c4e5fa0b7f7799737,samsung mobile is awesome,5fdf6bbcfe08e8c0191a7810,602cb9e778d3fda29f330608,,144.625235010569,285.394111065992,2021-03-12,2021-04-06
42120,604cf485c4e5fa0b7f7799737,samsung mobile is awesome,5fdf6bbcfe08e8c0191a7810,602cb9e778d3fda29f330608,,144.625235010569,285.394111065992,2021-03-12,2021-04-06
42121,604cf485c4e5fa0b7f7799737,samsung mobile is awesome,5fdf6bbcfe08e8c0191a7810,602cb9e778d3fda29f330608,,144.625235010569,285.394111065992,2021-03-12,2021-04-06
42122,604cf485c4e5fa0b7f7799737,samsung mobile is awesome,5fdf6bbcfe08e8c0191a7810,602cb9e778d3fda29f330608,,144.625235010569,285.394111065992,2021-03-12,2021-04-06
42123,604cf485c4e5fa0b7f7799737,samsung mobile is awesome,5fdf6bbcfe08e8c0191a7810,602cb9e778d3fda29f330608,,144.625235010569,285.394111065992,2021-03-12,2021-04-06
42124,604cf485c4e5fa0b7f7799737,samsung mobile is awesome,5fdf6bbcfe08e8c0191a7810,602cb9e778d3fda29f330608,,144.625235010569,285.394111065992,2021-03-12,2021-04-06
42125,604cf485c4e5fa0b7f7799737,samsung mobile is awesome,5fdf6bbcfe08e8c0191a7810,602cb9e778d3fda29f330608,,144.625235010569,285.394111065992,2021-03-12,2021-04-06
42126,604cf485c4e5fa0b7f7799737,samsung mobile is awesome,5fdf6bbcfe08e8c0191a7810,602cb9e778d3fda29f330608,,144.625235010569,285.394111065992,2021-03-12,2021-04-06
42127,604cf485c4e5fa0b7f7799737,samsung mobile is awesome,5fdf6bbcfe08e8c0191a7810,602cb9e778d3fda29f330608,,144.625235010569,285.394111065992,2021-03-12,2021-04-06
42128,604cf485c4e5fa0b7f7799737,samsung mobile is awesome,5fdf6bbcfe08e8c0191a7810,602cb9e778d3fda29f330608,,144.625235010569,285.394111065992,2021-03-12,2021-04-06
42129,604cf485c4e5fa0b7f7799737,samsung mobile is awesome,5fdf6bbcfe08e8c0191a7810,602cb9e778d3fda29f330608,,144.625235010569,285.394111065992,2021-03-12,2021-04-06
42130,604cf485c4e5fa0b7f7799737,samsung mobile is awesome,5fdf6bbcfe08e8c0191a7810,602cb9e778d3fda29f330608,,144.625235010569,285.394111065992,2021-03-12,2021-04-06
42131,604cf485c4e5fa0b7f7799737,samsung mobile is awesome,5fdf6bbcfe08e8c0191a7810,602cb9e778d3fda29f330608,,144.625235010569,285.394111065992,2021-03-12,2021-04-06
42132,604cf485c4e5fa0b7f7799737,samsung mobile is awesome,5fdf6bbcfe08e8c0191a7810,602cb9e778d3fda29f330608,,144.625235010569,285.394111065992,2021-03-12,2021-04-06
42133,604cf485c4e5fa0b7f7799737,samsung mobile is awesome,5fdf6bbcfe08e8c0191a7810,602cb9e778d3fda29f330608,,144.625235010569,285.394111065992,2021-03-12,2021-04-06
42134,604cf485c4e5fa0b7f7799737,samsung mobile is awesome,5fdf6bbcfe08e8c0191a7810,602cb9e778d3fda29f330608,,144.625235010569,285.394111065992,2021-03-12,2021-04-06
42135,604cf485c4e5fa0b7f7799737,samsung mobile is awesome,5fdf6bbcfe08e8c0191a7810,602cb9e778d3fda29f330608,,144.625235010569,285.394111065992,2021-03-12,2021-04-06
42136,604cf485c4e5fa0b7f7799737,samsung mobile is awesome,5fdf6bbcfe08e8c0191a7810,602cb9e778d3fda29f330608,,144.625235010569,285.394111065992,2021-03-12,2021-04-06
42137,604cf485c4e5fa0b7f7799737,samsung mobile is awesome,5fdf6bbcfe08e8c0191a7810,602cb9e778d3fda29f330608,,144.625235010569,285.394111065992,2021-03-12,2021-04-06
42138,604cf485c4e5fa0b7f7799737,samsung mobile is awesome,5fdf6bbcfe08e8c0191a7810,602cb9e778d3fda29f330608,,144.625235010569,285.394111065992,2021-03-12,2021-04-06
42139,604cf485c4e5fa0b7f7799737,samsung mobile is awesome,5fdf6bbcfe08e8c0191a7810,602cb9e778d3fda29f330608,,144.625235010569,285.394111065992,2021-03-12,2021-04-06
42140,604cf485c4e5fa0b7f7799737,samsung mobile is awesome,5fdf6bbcfe08e8c0191a7810,602cb9e778d3fda29f330608,,144.625235010569,285.394111065992,2021-03-12,2021-04-06
42141,604cf485c4e5fa0b7f7799737,samsung mobile is awesome,5fdf6bbcfe08e8c0191a7810,602cb9e778d3fda29f330608,,144.625235010569,285.394111065992,2021-03-12,2021-04-06
42142,604cf485c4e5fa0b7f7799737,samsung mobile is awesome,5fdf6bbcfe08e8c0191a7810,602cb9e778d3fda29f330608,,144.625235010569,285.394111065992,2021-03-12,2021-04-06
42143,604cf485c4e5fa0b7f7799737,samsung mobile is awesome,5fdf6bbcfe08e8c0191a7810,602cb9e778d3fda29f330608,,144.625235010569,285.394111065992,2021-03-12,2021-04-06
42144,604cf485c4e5fa0b7f7799737,samsung mobile is awesome,5fdf6bbcfe08e8c0191a7810,602cb9e778d3fda29f330608,,144.625235010569,285.394111065992,2021-03-12,2021-04-06
42145,604cf485c4e5fa0b7f7799737,samsung mobile is awesome,5fdf6bbcfe08e8c0191a7810,602cb9e778d3fda29f330608,,144.625235010569,285.394111065992,2021-03-12,2021-04-06
42146,604cf485c4e5fa0b7f7799737,samsung mobile is awesome,5fdf6bbcfe08e8c0191a7810,602cb9e778d3fda29f330608,,144.625235010569,285.394111065992,2021-03-12,2021-04-06
42147,604cf485c4e5fa0b7f7799737,samsung mobile is awesome,5fdf6bbcfe08e8c0191a7810,602cb9e778d3fda29f330608,,144.625235010569,285.394111065992,2021-03-12,2021-04-06
42148,604cf485c4e5fa0b7f7799737,samsung mobile is awesome,5fdf6bbcfe08e8c0191a7810,602cb9e778d3fda29f330608,,144.625235010569,285.394111065992,2021-03-12,2021-04-06
42149,604cf485c4e5fa0b7f7799737,samsung mobile is awesome,5fdf6bbcfe08e8c0191a7810,602cb9e778d3fda29f330608,,144.625235010569,285.394111065992,2021-03-12,2021-04-06
42150,604cf485c4e5fa0b7f7799737,samsung mobile is awesome,5fdf6bbcfe08e8c0191a7810,602cb9e778d3fda29f330608,,144.625235010569,285.394111065992,2021-03-12,2021-04-06
42151,604cf485c4e5fa0b7f7799737,samsung mobile is awesome,5fdf6bbcfe08e8c0191a7810,602cb9e778d3fda29f330608,,144.625235010569,285.394111065992,2021-03-12,2021-04-06
42152,604cf485c4e5fa0b7f7799737,samsung mobile is awesome,5fdf6bbcfe08e8c0191a7810,602cb9e778d3fda29f330608,,144.625235010569,285.394111065992,2021-03-12,2021-04-06
50848,604cf485c4e5fa0b7f7799796,samsung mobile is awesome,5fdf6bbcfe08e8c0191a7810,602cba7678d3fda29f33060e,,181.89065501194517,322.73862608805507,2021-04-20,2021-03-23
50849,604cf485c4e5fa0b7f7799796,samsung mobile is awesome,5fdf6bbcfe08e8c0191a7810,602cba7678d3fda29f33060e,,181.89065501194517,322.73862608805507,2021-04-20,2021-03-23
50850,604cf485c4e5fa0b7f7799796,samsung mobile is awesome,5fdf6bbcfe08e8c0191a7810,602cba7678d3fda29f33060e,,181.89065501194517,322.73862608805507,2021-04-20,2021-03-23
50851,604cf485c4e5fa0b7f7799796,samsung mobile is awesome,5fdf6bbcfe08e8c0191a7810,602cba7678d3fda29f33060e,,181.89065501194517,322.73862608805507,2021-04-20,2021-03-23
50852,604cf485c4e5fa0b7f7799796,samsung mobile is awesome,5fdf6bbcfe08e8c0191a7810,602cba7678d3fda29f33060e,,181.89065501194517,322.73862608805507,2021-04-20,2021-03-23
50853,604cf485c4e5fa0b7f7799796,samsung mobile is awesome,5fdf6bbcfe08e8c0191a7810,602cba7678d3fda29f33060e,,181.89065501194517,322.73862608805507,2021-04-20,2021-03-23
50854,604cf485c4e5fa0b7f7799796,samsung mobile is awesome,5fdf6bbcfe08e8c0191a7810,602cba7678d3fda29f33060e,,181.89065501194517,322.73862608805507,2021-04-20,2021-03-23
50855,604cf485c4e5fa0b7f7799796,samsung mobile is awesome,5fdf6bbcfe08e8c0191a7810,602cba7678d3fda29f33060e,,181.89065501194517,322.73862608805507,2021-04-20,2021-03-23
50856,604cf485c4e5fa0b7f7799796,samsung mobile is awesome,5fdf6bbcfe08e8c0191a7810,602cba7678d3fda29f33060e,,181.89065501194517,322.73862608805507,2021-04-20,2021-03-23
50857,604cf485c4e5fa0b7f7799796,samsung mobile is awesome,5fdf6bbcfe08e8c0191a7810,602cba7678d3fda29f33060e,,181.89065501194517,322.73862608805507,2021-04-20,2021-03-23
50858,604cf485c4e5fa0b7f7799796,samsung mobile is awesome,5fdf6bbcfe08e8c0191a7810,602cba7678d3fda29f33060e,,181.89065501194517,322.73862608805507,2021-04-20,2021-03-23
50859,604cf485c4e5fa0b7f7799796,samsung mobile is awesome,5fdf6bbcfe08e8c0191a7810,602cba7678d3fda29f33060e,,181.89065501194517,322.73862608805507,2021-04-20,2021-03-23
50860,604cf485c4e5fa0b7f7799796,samsung mobile is awesome,5fdf6bbcfe08e8c0191a7810,602cba7678d3fda29f33060e,,181.89065501194517,322.73862608805507,2021-04-20,2021-03-23
50861,604cf485c4e5fa0b7f7799796,samsung mobile is awesome,5fdf6bbcfe08e8c0191a7810,602cba7678d3fda29f33060e,,181.89065501194517,322.73862608805507,2021-04-20,2021-03-23
50862,604cf485c4e5fa0b7f7799796,samsung mobile is awesome,5fdf6bbcfe08e8c0191a7810,602cba7678d3fda29f33060e,,181.89065501194517,322.73862608805507,2021-04-20,2021-03-23
50863,604cf485c4e5fa0b7f7799796,samsung mobile is awesome,5fdf6bbcfe08e8c0191a7810,602cba7678d3fda29f33060e,,181.89065501194517,322.73862608805507,2021-04-20,2021-03-23
50864,604cf485c4e5fa0b7f7799796,samsung mobile is awesome,5fdf6bbcfe08e8c0191a7810,602cba7678d3fda29f33060e,,181.89065501194517,322.73862608805507,2021-04-20,2021-03-23
50865,604cf485c4e5fa0b7f7799796,samsung mobile is awesome,5fdf6bbcfe08e8c0191a7810,602cba7678d3fda29f33060e,,181.89065501194517,322.73862608805507,2021-04-20,2021-03-23
50866,604cf485c4e5fa0b7f7799796,samsung mobile is awesome,5fdf6bbcfe08e8c0191a7810,602cba7678d3fda29f33060e,,181.89065501194517,322.73862608805507,2021-04-20,2021-03-23
50867,604cf485c4e5fa0b7f7799796,samsung mobile is awesome,5fdf6bbcfe08e8c0191a7810,602cba7678d3fda29f33060e,,181.89065501194517,322.73862608805507,2021-04-20,2021-03-23
50868,604cf485c4e5fa0b7f7799796,samsung mobile is awesome,5fdf6bbcfe08e8c0191a7810,602cba7678d3fda29f33060e,,181.89065501194517,322.73862608805507,2021-04-20,2021-03-23
50869,604cf485c4e5fa0b7f7799796,samsung mobile is awesome,5fdf6bbcfe08e8c0191a7810,602cba7678d3fda29f33060e,,181.89065501194517,322.73862608805507,2021-04-20,2021-03-23
50870,604cf485c4e5fa0b7f7799796,samsung mobile is awesome,5fdf6bbcfe08e8c0191a7810,602cba7678d3fda29f33060e,,181.89065501194517,322.73862608805507,2021-04-20,2021-03-23
50871,604cf485c4e5fa0b7f7799796,samsung mobile is awesome,5fdf6bbcfe08e8c0191a7810,602cba7678d3fda29f33060e,,181.89065501194517,322.73862608805507,2021-04-20,2021-03-23
50872,604cf485c4e5fa0b7f7799796,samsung mobile is awesome,5fdf6bbcfe08e8c0191a7810,602cba7678d3fda29f33060e,,181.89065501194517,322.73862608805507,2021-04-20,2021-03-23
50873,604cf485c4e5fa0b7f7799796,samsung mobile is awesome,5fdf6bbcfe08e8c0191a7810,602cba7678d3fda29f33060e,,181.89065501194517,322.73862608805507,2021-04-20,2021-03-23
50874,604cf485c4e5fa0b7f7799796,samsung mobile is awesome,5fdf6bbcfe08e8c0191a7810,602cba7678d3fda29f33060e,,181.89065501194517,322.73862608805507,2021-04-20,2021-03-23
50875,604cf485c4e5fa0b7f7799796,samsung mobile is awesome,5fdf6bbcfe08e8c0191a7810,602cba7678d3fda29f33060e,,181.89065501194517,322.73862608805507,2021-04-20,2021-03-23
50876,604cf485c4e5fa0b7f7799796,samsung mobile is awesome,5fdf6bbcfe08e8c0191a7810,602cba7678d3fda29f33060e,,181.89065501194517,322.73862608805507,2021-04-20,2021-03-23
50877,604cf485c4e5fa0b7f7799796,samsung mobile is awesome,5fdf6bbcfe08e8c0191a7810,602cba7678d3fda29f33060e,,181.89065501194517,322.73862608805507,2021-04-20,2021-03-23
50878,604cf485c4e5fa0b7f7799796,samsung mobile is awesome,5fdf6bbcfe08e8c0191a7810,602cba7678d3fda29f33060e,,181.89065501194517,322.73862608805507,2021-04-20,2021-03-23
50879,604cf485c4e5fa0b7f7799796,samsung mobile is awesome,5fdf6bbcfe08e8c0191a7810,602cba7678d3fda29f33060e,,181.89065501194517,322.73862608805507,2021-04-20,2021-03-23
50880,604cf485c4e5fa0b7f7799796,samsung mobile is awesome,5fdf6bbcfe08e8c0191a7810,602cba7678d3fda29f33060e,,181.89065501194517,322.73862608805507,2021-04-20,2021-03-23
50881,604cf485c4e5fa0b7f7799796,samsung mobile is awesome,5fdf6bbcfe08e8c0191a7810,602cba7678d3fda29f33060e,,181.89065501194517,322.73862608805507,2021-04-20,2021-03-23
50882,604cf485c4e5fa0b7f7799796,samsung mobile is awesome,5fdf6bbcfe08e8c0191a7810,602cba7678d3fda29f33060e,,181.89065501194517,322.73862608805507,2021-04-20,2021-03-23
50883,604cf485c4e5fa0b7f7799796,samsung mobile is awesome,5fdf6bbcfe08e8c0191a7810,602cba7678d3fda29f33060e,,181.89065501194517,322.73862608805507,2021-04-20,2021-03-23
50884,604cf485c4e5fa0b7f7799796,samsung mobile is awesome,5fdf6bbcfe08e8c0191a7810,602cba7678d3fda29f33060e,,181.89065501194517,322.73862608805507,2021-04-20,2021-03-23
50885,604cf485c4e5fa0b7f7799796,samsung mobile is awesome,5fdf6bbcfe08e8c0191a7810,602cba7678d3fda29f33060e,,181.89065501194517,322.73862608805507,2021-04-20,2021-03-23
50886,604cf485c4e5fa0b7f7799796,samsung mobile is awesome,5fdf6bbcfe08e8c0191a7810,602cba7678d3fda29f33060e,,181.89065501194517,322.73862608805507,2021-04-20,2021-03-23
50887,604cf485c4e5fa0b7f7799796,samsung mobile is awesome,5fdf6bbcfe08e8c0191a7810,602cba7678d3fda29f33060e,,181.89065501194517,322.73862608805507,2021-04-20,2021-03-23
50888,604cf485c4e5fa0b7f7799796,samsung mobile is awesome,5fdf6bbcfe08e8c0191a7810,602cba7678d3fda29f33060e,,181.89065501194517,322.73862608805507,2021-04-20,2021-03-23
50889,604cf485c4e5fa0b7f7799796,samsung mobile is awesome,5fdf6bbcfe08e8c0191a7810,602cba7678d3fda29f33060e,,181.89065501194517,322.73862608805507,2021-04-20,2021-03-23
50890,604cf485c4e5fa0b7f7799796,samsung mobile is awesome,5fdf6bbcfe08e8c0191a7810,602cba7678d3fda29f33060e,,181.89065501194517,322.73862608805507,2021-04-20,2021-03-23
50891,604cf485c4e5fa0b7f7799796,samsung mobile is awesome,5fdf6bbcfe08e8c0191a7810,602cba7678d3fda29f33060e,,181.89065501194517,322.73862608805507,2021-04-20,2021-03-23
50892,604cf485c4e5fa0b7f7799796,samsung mobile is awesome,5fdf6bbcfe08e8c0191a7810,602cba7678d3fda29f33060e,,181.89065501194517,322.73862608805507,2021-04-20,2021-03-23
50893,604cf485c4e5fa0b7f7799796,samsung mobile is awesome,5fdf6bbcfe08e8c0191a7810,602cba7678d3fda29f33060e,,181.89065501194517,322.73862608805507,2021-04-20,2021-03-23
50894,604cf485c4e5fa0b7f7799796,samsung mobile is awesome,5fdf6bbcfe08e8c0191a7810,602cba7678d3fda29f33060e,,181.89065501194517,322.73862608805507,2021-04-20,2021-03-23
50895,604cf485c4e5fa0b7f7799796,samsung mobile is awesome,5fdf6bbcfe08e8c0191a7810,602cba7678d3fda29f33060e,,181.89065501194517,322.73862608805507,2021-04-20,2021-03-23
50896,604cf485c4e5fa0b7f7799796,samsung mobile is awesome,5fdf6bbcfe08e8c0191a7810,602cba7678d3fda29f33060e,,181.89065501194517,322.73862608805507,2021-04-20,2021-03-23
50897,604cf485c4e5fa0b7f7799796,samsung mobile is awesome,5fdf6bbcfe08e8c0191a7810,602cba7678d3fda29f33060e,,181.89065501194517,322.73862608805507,2021-04-20,2021-03-23
50898,604cf485c4e5fa0b7f7799796,samsung mobile is awesome,5fdf6bbcfe08e8c0191a7810,602cba7678d3fda29f33060e,,181.89065501194517,322.73862608805507,2021-04-20,2021-03-23
50899,604cf485c4e5fa0b7f7799796,samsung mobile is awesome,5fdf6bbcfe08e8c0191a7810,602cba7678d3fda29f33060e,,181.89065501194517,322.73862608805507,2021-04-20,2021-03-23
50900,604cf485c4e5fa0b7f7799796,samsung mobile is awesome,5fdf6bbcfe08e8c0191a7810,602cba7678d3fda29f33060e,,181.89065501194517,322.73862608805507,2021-04-20,2021-03-23
50901,604cf485c4e5fa0b7f7799796,samsung mobile is awesome,5fdf6bbcfe08e8c0191a7810,602cba7678d3fda29f33060e,,181.89065501194517,322.73862608805507,2021-04-20,2021-03-23
50902,604cf485c4e5fa0b7f7799796,samsung mobile is awesome,5fdf6bbcfe08e8c0191a7810,602cba7678d3fda29f33060e,,181.89065501194517,322.73862608805507,2021-04-20,2021-03-23
50903,604cf485c4e5fa0b7f7799796,samsung mobile is awesome,5fdf6bbcfe08e8c0191a7810,602cba7678d3fda29f33060e,,181.89065501194517,322.73862608805507,2021-04-20,2021-03-23
50904,604cf485c4e5fa0b7f7799796,samsung mobile is awesome,5fdf6bbcfe08e8c0191a7810,602cba7678d3fda29f33060e,,181.89065501194517,322.73862608805507,2021-04-20,2021-03-23
50905,604cf485c4e5fa0b7f7799796,samsung mobile is awesome,5fdf6bbcfe08e8c0191a7810,602cba7678d3fda29f33060e,,181.89065501194517,322.73862608805507,2021-04-20,2021-03-23
50906,604cf485c4e5fa0b7f7799796,samsung mobile is awesome,5fdf6bbcfe08e8c0191a7810,602cba7678d3fda29f33060e,,181.89065501194517,322.73862608805507,2021-04-20,2021-03-23
50907,604cf485c4e5fa0b7f7799796,samsung mobile is awesome,5fdf6bbcfe08e8c0191a7810,602cba7678d3fda29f33060e,,181.89065501194517,322.73862608805507,2021-04-20,2021-03-23
50908,604cf485c4e5fa0b7f7799796,samsung mobile is awesome,5fdf6bbcfe08e8c0191a7810,602cba7678d3fda29f33060e,,181.89065501194517,322.73862608805507,2021-04-20,2021-03-23
50909,604cf485c4e5fa0b7f7799796,samsung mobile is awesome,5fdf6bbcfe08e8c0191a7810,602cba7678d3fda29f33060e,,181.89065501194517,322.73862608805507,2021-04-20,2021-03-23
50910,604cf485c4e5fa0b7f7799796,samsung mobile is awesome,5fdf6bbcfe08e8c0191a7810,602cba7678d3fda29f33060e,,181.89065501194517,322.73862608805507,2021-04-20,2021-03-23
50911,604cf485c4e5fa0b7f7799796,samsung mobile is awesome,5fdf6bbcfe08e8c0191a7810,602cba7678d3fda29f33060e,,181.89065501194517,322.73862608805507,2021-04-20,2021-03-23
50912,604cf485c4e5fa0b7f7799796,samsung mobile is awesome,5fdf6bbcfe08e8c0191a7810,602cba7678d3fda29f33060e,,181.89065501194517,322.73862608805507,2021-04-20,2021-03-23
50913,604cf485c4e5fa0b7f7799796,samsung mobile is awesome,5fdf6bbcfe08e8c0191a7810,602cba7678d3fda29f33060e,,181.89065501194517,322.73862608805507,2021-04-20,2021-03-23
50914,604cf485c4e5fa0b7f7799796,samsung mobile is awesome,5fdf6bbcfe08e8c0191a7810,602cba7678d3fda29f33060e,,181.89065501194517,322.73862608805507,2021-04-20,2021-03-23
50915,604cf485c4e5fa0b7f7799796,samsung mobile is awesome,5fdf6bbcfe08e8c0191a7810,602cba7678d3fda29f33060e,,181.89065501194517,322.73862608805507,2021-04-20,2021-03-23
50916,604cf485c4e5fa0b7f7799796,samsung mobile is awesome,5fdf6bbcfe08e8c0191a7810,602cba7678d3fda29f33060e,,181.89065501194517,322.73862608805507,2021-04-20,2021-03-23
50917,604cf485c4e5fa0b7f7799796,samsung mobile is awesome,5fdf6bbcfe08e8c0191a7810,602cba7678d3fda29f33060e,,181.89065501194517,322.73862608805507,2021-04-20,2021-03-23
50918,604cf485c4e5fa0b7f7799796,samsung mobile is awesome,5fdf6bbcfe08e8c0191a7810,602cba7678d3fda29f33060e,,181.89065501194517,322.73862608805507,2021-04-20,2021-03-23
50919,604cf485c4e5fa0b7f7799796,samsung mobile is awesome,5fdf6bbcfe08e8c0191a7810,602cba7678d3fda29f33060e,,181.89065501194517,322.73862608805507,2021-04-20,2021-03-23
50920,604cf485c4e5fa0b7f7799796,samsung mobile is awesome,5fdf6bbcfe08e8c0191a7810,602cba7678d3fda29f33060e,,181.89065501194517,322.73862608805507,2021-04-20,2021-03-23
50921,604cf485c4e5fa0b7f7799796,samsung mobile is awesome,5fdf6bbcfe08e8c0191a7810,602cba7678d3fda29f33060e,,181.89065501194517,322.73862608805507,2021-04-20,2021-03-23
50922,604cf485c4e5fa0b7f7799796,samsung mobile is awesome,5fdf6bbcfe08e8c0191a7810,602cba7678d3fda29f33060e,,181.89065501194517,322.73862608805507,2021-04-20,2021-03-23
50923,604cf485c4e5fa0b7f7799796,samsung mobile is awesome,5fdf6bbcfe08e8c0191a7810,602cba7678d3fda29f33060e,,181.89065501194517,322.73862608805507,2021-04-20,2021-03-23
50924,604cf485c4e5fa0b7f7799796,samsung mobile is awesome,5fdf6bbcfe08e8c0191a7810,602cba7678d3fda29f33060e,,181.89065501194517,322.73862608805507,2021-04-20,2021-03-23
50925,604cf485c4e5fa0b7f7799796,samsung mobile is awesome,5fdf6bbcfe08e8c0191a7810,602cba7678d3fda29f33060e,,181.89065501194517,322.73862608805507,2021-04-20,2021-03-23
50926,604cf485c4e5fa0b7f7799796,samsung mobile is awesome,5fdf6bbcfe08e8c0191a7810,602cba7678d3fda29f33060e,,181.89065501194517,322.73862608805507,2021-04-20,2021-03-23
50927,604cf485c4e5fa0b7f7799796,samsung mobile is awesome,5fdf6bbcfe08e8c0191a7810,602cba7678d3fda29f33060e,,181.89065501194517,322.73862608805507,2021-04-20,2021-03-23
50928,604cf485c4e5fa0b7f7799796,samsung mobile is awesome,5fdf6bbcfe08e8c0191a7810,602cba7678d3fda29f33060e,,181.89065501194517,322.73862608805507,2021-04-20,2021-03-23
50929,604cf485c4e5fa0b7f7799796,samsung mobile is awesome,5fdf6bbcfe08e8c0191a7810,602cba7678d3fda29f33060e,,181.89065501194517,322.73862608805507,2021-04-20,2021-03-23
50930,604cf485c4e5fa0b7f7799796,samsung mobile is awesome,5fdf6bbcfe08e8c0191a7810,602cba7678d3fda29f33060e,,181.89065501194517,322.73862608805507,2021-04-20,2021-03-23
50931,604cf485c4e5fa0b7f7799796,samsung mobile is awesome,5fdf6bbcfe08e8c0191a7810,602cba7678d3fda29f33060e,,181.89065501194517,322.73862608805507,2021-04-20,2021-03-23
50932,604cf485c4e5fa0b7f7799796,samsung mobile is awesome,5fdf6bbcfe08e8c0191a7810,602cba7678d3fda29f33060e,,181.89065501194517,322.73862608805507,2021-04-20,2021-03-23
50933,604cf485c4e5fa0b7f7799796,samsung mobile is awesome,5fdf6bbcfe08e8c0191a7810,602cba7678d3fda29f33060e,,181.89065501194517,322.73862608805507,2021-04-20,2021-03-23
50934,604cf485c4e5fa0b7f7799796,samsung mobile is awesome,5fdf6bbcfe08e8c0191a7810,602cba7678d3fda29f33060e,,181.89065501194517,322.73862608805507,2021-04-20,2021-03-23
50935,604cf485c4e5fa0b7f7799796,samsung mobile is awesome,5fdf6bbcfe08e8c0191a7810,602cba7678d3fda29f33060e,,181.89065501194517,322.73862608805507,2021-04-20,2021-03-23
50936,604cf485c4e5fa0b7f7799796,samsung mobile is awesome,5fdf6bbcfe08e8c0191a7810,602cba7678d3fda29f33060e,,181.89065501194517,322.73862608805507,2021-04-20,2021-03-23
50937,604cf485c4e5fa0b7f7799796,samsung mobile is awesome,5fdf6bbcfe08e8c0191a7810,602cba7678d3fda29f33060e,,181.89065501194517,322.73862608805507,2021-04-20,2021-03-23
50938,604cf485c4e5fa0b7f7799796,samsung mobile is awesome,5fdf6bbcfe08e8c0191a7810,602cba7678d3fda29f33060e,,181.89065501194517,322.73862608805507,2021-04-20,2021-03-23
50939,604cf485c4e5fa0b7f7799796,samsung mobile is awesome,5fdf6bbcfe08e8c0191a7810,602cba7678d3fda29f33060e,,181.89065501194517,322.73862608805507,2021-04-20,2021-03-23
50940,604cf485c4e5fa0b7f7799796,samsung mobile is awesome,5fdf6bbcfe08e8c0191a7810,602cba7678d3fda29f33060e,,181.89065501194517,322.73862608805507,2021-04-20,2021-03-23
50941,604cf485c4e5fa0b7f7799796,samsung mobile is awesome,5fdf6bbcfe08e8c0191a7810,602cba7678d3fda29f33060e,,181.89065501194517,322.73862608805507,2021-04-20,2021-03-23
50942,604cf485c4e5fa0b7f7799796,samsung mobile is awesome,5fdf6bbcfe08e8c0191a7810,602cba7678d3fda29f33060e,,181.89065501194517,322.73862608805507,2021-04-20,2021-03-23
50943,604cf485c4e5fa0b7f7799796,samsung mobile is awesome,5fdf6bbcfe08e8c0191a7810,602cba7678d3fda29f33060e,,181.89065501194517,322.73862608805507,2021-04-20,2021-03-23
50944,604cf485c4e5fa0b7f7799796,samsung mobile is awesome,5fdf6bbcfe08e8c0191a7810,602cba7678d3fda29f33060e,,181.89065501194517,322.73862608805507,2021-04-20,2021-03-23
50945,604cf485c4e5fa0b7f7799796,samsung mobile is awesome,5fdf6bbcfe08e8c0191a7810,602cba7678d3fda29f33060e,,181.89065501194517,322.73862608805507,2021-04-20,2021-03-23
50946,604cf485c4e5fa0b7f7799796,samsung mobile is awesome,5fdf6bbcfe08e8c0191a7810,602cba7678d3fda29f33060e,,181.89065501194517,322.73862608805507,2021-04-20,2021-03-23
50947,604cf485c4e5fa0b7f7799796,samsung mobile is awesome,5fdf6bbcfe08e8c0191a7810,602cba7678d3fda29f33060e,,181.89065501194517,322.73862608805507,2021-04-20,2021-03-23
50948,604cf485c4e5fa0b7f7799796,samsung mobile is awesome,5fdf6bbcfe08e8c0191a7810,602cba7678d3fda29f33060e,,181.89065501194517,322.73862608805507,2021-04-20,2021-03-23
50949,604cf485c4e5fa0b7f7799796,samsung mobile is awesome,5fdf6bbcfe08e8c0191a7810,602cba7678d3fda29f33060e,,181.89065501194517,322.73862608805507,2021-04-20,2021-03-23
50950,604cf485c4e5fa0b7f7799796,samsung mobile is awesome,5fdf6bbcfe08e8c0191a7810,602cba7678d3fda29f33060e,,181.89065501194517,322.73862608805507,2021-04-20,2021-03-23
65164,604cf485c4e5fa0b7f7799913,samsung mobile is awesome,5fdf6bbcfe08e8c0191a7816,602cbab678d3fda29f330611,,258.50075144654886,399.93355579564246,2021-02-03,2021-01-30
65165,604cf485c4e5fa0b7f7799913,samsung mobile is awesome,5fdf6bbcfe08e8c0191a7816,602cbab678d3fda29f330611,,258.50075144654886,399.93355579564246,2021-02-03,2021-01-30
65166,604cf485c4e5fa0b7f7799913,samsung mobile is awesome,5fdf6bbcfe08e8c0191a7816,602cbab678d3fda29f330611,,258.50075144654886,399.93355579564246,2021-02-03,2021-01-30
65167,604cf485c4e5fa0b7f7799913,samsung mobile is awesome,5fdf6bbcfe08e8c0191a7816,602cbab678d3fda29f330611,,258.50075144654886,399.93355579564246,2021-02-03,2021-01-30
65168,604cf485c4e5fa0b7f7799913,samsung mobile is awesome,5fdf6bbcfe08e8c0191a7816,602cbab678d3fda29f330611,,258.50075144654886,399.93355579564246,2021-02-03,2021-01-30
65169,604cf485c4e5fa0b7f7799913,samsung mobile is awesome,5fdf6bbcfe08e8c0191a7816,602cbab678d3fda29f330611,,258.50075144654886,399.93355579564246,2021-02-03,2021-01-30
65170,604cf485c4e5fa0b7f7799913,samsung mobile is awesome,5fdf6bbcfe08e8c0191a7816,602cbab678d3fda29f330611,,258.50075144654886,399.93355579564246,2021-02-03,2021-01-30
65171,604cf485c4e5fa0b7f7799913,samsung mobile is awesome,5fdf6bbcfe08e8c0191a7816,602cbab678d3fda29f330611,,258.50075144654886,399.93355579564246,2021-02-03,2021-01-30
65172,604cf485c4e5fa0b7f7799913,samsung mobile is awesome,5fdf6bbcfe08e8c0191a7816,602cbab678d3fda29f330611,,258.50075144654886,399.93355579564246,2021-02-03,2021-01-30
65173,604cf485c4e5fa0b7f7799913,samsung mobile is awesome,5fdf6bbcfe08e8c0191a7816,602cbab678d3fda29f330611,,258.50075144654886,399.93355579564246,2021-02-03,2021-01-30
65174,604cf485c4e5fa0b7f7799913,samsung mobile is awesome,5fdf6bbcfe08e8c0191a7816,602cbab678d3fda29f330611,,258.50075144654886,399.93355579564246,2021-02-03,2021-01-30
65175,604cf485c4e5fa0b7f7799913,samsung mobile is awesome,5fdf6bbcfe08e8c0191a7816,602cbab678d3fda29f330611,,258.50075144654886,399.93355579564246,2021-02-03,2021-01-30
65176,604cf485c4e5fa0b7f7799913,samsung mobile is awesome,5fdf6bbcfe08e8c0191a7816,602cbab678d3fda29f330611,,258.50075144654886,399.93355579564246,2021-02-03,2021-01-30
65177,604cf485c4e5fa0b7f7799913,samsung mobile is awesome,5fdf6bbcfe08e8c0191a7816,602cbab678d3fda29f330611,,258.50075144654886,399.93355579564246,2021-02-03,2021-01-30
65178,604cf485c4e5fa0b7f7799913,samsung mobile is awesome,5fdf6bbcfe08e8c0191a7816,602cbab678d3fda29f330611,,258.50075144654886,399.93355579564246,2021-02-03,2021-01-30
65179,604cf485c4e5fa0b7f7799913,samsung mobile is awesome,5fdf6bbcfe08e8c0191a7816,602cbab678d3fda29f330611,,258.50075144654886,399.93355579564246,2021-02-03,2021-01-30
65180,604cf485c4e5fa0b7f7799913,samsung mobile is awesome,5fdf6bbcfe08e8c0191a7816,602cbab678d3fda29f330611,,258.50075144654886,399.93355579564246,2021-02-03,2021-01-30
65181,604cf485c4e5fa0b7f7799913,samsung mobile is awesome,5fdf6bbcfe08e8c0191a7816,602cbab678d3fda29f330611,,258.50075144654886,399.93355579564246,2021-02-03,2021-01-30
65182,604cf485c4e5fa0b7f7799913,samsung mobile is awesome,5fdf6bbcfe08e8c0191a7816,602cbab678d3fda29f330611,,258.50075144654886,399.93355579564246,2021-02-03,2021-01-30
65183,604cf485c4e5fa0b7f7799913,samsung mobile is awesome,5fdf6bbcfe08e8c0191a7816,602cbab678d3fda29f330611,,258.50075144654886,399.93355579564246,2021-02-03,2021-01-30
65184,604cf485c4e5fa0b7f7799913,samsung mobile is awesome,5fdf6bbcfe08e8c0191a7816,602cbab678d3fda29f330611,,258.50075144654886,399.93355579564246,2021-02-03,2021-01-30
65185,604cf485c4e5fa0b7f7799913,samsung mobile is awesome,5fdf6bbcfe08e8c0191a7816,602cbab678d3fda29f330611,,258.50075144654886,399.93355579564246,2021-02-03,2021-01-30
65186,604cf485c4e5fa0b7f7799913,samsung mobile is awesome,5fdf6bbcfe08e8c0191a7816,602cbab678d3fda29f330611,,258.50075144654886,399.93355579564246,2021-02-03,2021-01-30
65187,604cf485c4e5fa0b7f7799913,samsung mobile is awesome,5fdf6bbcfe08e8c0191a7816,602cbab678d3fda29f330611,,258.50075144654886,399.93355579564246,2021-02-03,2021-01-30
65188,604cf485c4e5fa0b7f7799913,samsung mobile is awesome,5fdf6bbcfe08e8c0191a7816,602cbab678d3fda29f330611,,258.50075144654886,399.93355579564246,2021-02-03,2021-01-30
65189,604cf485c4e5fa0b7f7799913,samsung mobile is awesome,5fdf6bbcfe08e8c0191a7816,602cbab678d3fda29f330611,,258.50075144654886,399.93355579564246,2021-02-03,2021-01-30
65190,604cf485c4e5fa0b7f7799913,samsung mobile is awesome,5fdf6bbcfe08e8c0191a7816,602cbab678d3fda29f330611,,258.50075144654886,399.93355579564246,2021-02-03,2021-01-30
65191,604cf485c4e5fa0b7f7799913,samsung mobile is awesome,5fdf6bbcfe08e8c0191a7816,602cbab678d3fda29f330611,,258.50075144654886,399.93355579564246,2021-02-03,2021-01-30
65192,604cf485c4e5fa0b7f7799913,samsung mobile is awesome,5fdf6bbcfe08e8c0191a7816,602cbab678d3fda29f330611,,258.50075144654886,399.93355579564246,2021-02-03,2021-01-30
65193,604cf485c4e5fa0b7f7799913,samsung mobile is awesome,5fdf6bbcfe08e8c0191a7816,602cbab678d3fda29f330611,,258.50075144654886,399.93355579564246,2021-02-03,2021-01-30
65194,604cf485c4e5fa0b7f7799913,samsung mobile is awesome,5fdf6bbcfe08e8c0191a7816,602cbab678d3fda29f330611,,258.50075144654886,399.93355579564246,2021-02-03,2021-01-30
65195,604cf485c4e5fa0b7f7799913,samsung mobile is awesome,5fdf6bbcfe08e8c0191a7816,602cbab678d3fda29f330611,,258.50075144654886,399.93355579564246,2021-02-03,2021-01-30
65196,604cf485c4e5fa0b7f7799913,samsung mobile is awesome,5fdf6bbcfe08e8c0191a7816,602cbab678d3fda29f330611,,258.50075144654886,399.93355579564246,2021-02-03,2021-01-30
65197,604cf485c4e5fa0b7f7799913,samsung mobile is awesome,5fdf6bbcfe08e8c0191a7816,602cbab678d3fda29f330611,,258.50075144654886,399.93355579564246,2021-02-03,2021-01-30
65198,604cf485c4e5fa0b7f7799913,samsung mobile is awesome,5fdf6bbcfe08e8c0191a7816,602cbab678d3fda29f330611,,258.50075144654886,399.93355579564246,2021-02-03,2021-01-30
65199,604cf485c4e5fa0b7f7799913,samsung mobile is awesome,5fdf6bbcfe08e8c0191a7816,602cbab678d3fda29f330611,,258.50075144654886,399.93355579564246,2021-02-03,2021-01-30
65200,604cf485c4e5fa0b7f7799913,samsung mobile is awesome,5fdf6bbcfe08e8c0191a7816,602cbab678d3fda29f330611,,258.50075144654886,399.93355579564246,2021-02-03,2021-01-30
65201,604cf485c4e5fa0b7f7799913,samsung mobile is awesome,5fdf6bbcfe08e8c0191a7816,602cbab678d3fda29f330611,,258.50075144654886,399.93355579564246,2021-02-03,2021-01-30
65202,604cf485c4e5fa0b7f7799913,samsung mobile is awesome,5fdf6bbcfe08e8c0191a7816,602cbab678d3fda29f330611,,258.50075144654886,399.93355579564246,2021-02-03,2021-01-30
65203,604cf485c4e5fa0b7f7799913,samsung mobile is awesome,5fdf6bbcfe08e8c0191a7816,602cbab678d3fda29f330611,,258.50075144654886,399.93355579564246,2021-02-03,2021-01-30
65204,604cf485c4e5fa0b7f7799913,samsung mobile is awesome,5fdf6bbcfe08e8c0191a7816,602cbab678d3fda29f330611,,258.50075144654886,399.93355579564246,2021-02-03,2021-01-30
65205,604cf485c4e5fa0b7f7799913,samsung mobile is awesome,5fdf6bbcfe08e8c0191a7816,602cbab678d3fda29f330611,,258.50075144654886,399.93355579564246,2021-02-03,2021-01-30
65206,604cf485c4e5fa0b7f7799913,samsung mobile is awesome,5fdf6bbcfe08e8c0191a7816,602cbab678d3fda29f330611,,258.50075144654886,399.93355579564246,2021-02-03,2021-01-30
65207,604cf485c4e5fa0b7f7799913,samsung mobile is awesome,5fdf6bbcfe08e8c0191a7816,602cbab678d3fda29f330611,,258.50075144654886,399.93355579564246,2021-02-03,2021-01-30
65208,604cf485c4e5fa0b7f7799913,samsung mobile is awesome,5fdf6bbcfe08e8c0191a7816,602cbab678d3fda29f330611,,258.50075144654886,399.93355579564246,2021-02-03,2021-01-30
65209,604cf485c4e5fa0b7f7799913,samsung mobile is awesome,5fdf6bbcfe08e8c0191a7816,602cbab678d3fda29f330611,,258.50075144654886,399.93355579564246,2021-02-03,2021-01-30
65210,604cf485c4e5fa0b7f7799913,samsung mobile is awesome,5fdf6bbcfe08e8c0191a7816,602cbab678d3fda29f330611,,258.50075144654886,399.93355579564246,2021-02-03,2021-01-30
65211,604cf485c4e5fa0b7f7799913,samsung mobile is awesome,5fdf6bbcfe08e8c0191a7816,602cbab678d3fda29f330611,,258.50075144654886,399.93355579564246,2021-02-03,2021-01-30
65212,604cf485c4e5fa0b7f7799913,samsung mobile is awesome,5fdf6bbcfe08e8c0191a7816,602cbab678d3fda29f330611,,258.50075144654886,399.93355579564246,2021-02-03,2021-01-30
65213,604cf485c4e5fa0b7f7799913,samsung mobile is awesome,5fdf6bbcfe08e8c0191a7816,602cbab678d3fda29f330611,,258.50075144654886,399.93355579564246,2021-02-03,2021-01-30
65214,604cf485c4e5fa0b7f7799913,samsung mobile is awesome,5fdf6bbcfe08e8c0191a7816,602cbab678d3fda29f330611,,258.50075144654886,399.93355579564246,2021-02-03,2021-01-30
65215,604cf485c4e5fa0b7f7799913,samsung mobile is awesome,5fdf6bbcfe08e8c0191a7816,602cbab678d3fda29f330611,,258.50075144654886,399.93355579564246,2021-02-03,2021-01-30
65216,604cf485c4e5fa0b7f7799913,samsung mobile is awesome,5fdf6bbcfe08e8c0191a7816,602cbab678d3fda29f330611,,258.50075144654886,399.93355579564246,2021-02-03,2021-01-30
65217,604cf485c4e5fa0b7f7799913,samsung mobile is awesome,5fdf6bbcfe08e8c0191a7816,602cbab678d3fda29f330611,,258.50075144654886,399.93355579564246,2021-02-03,2021-01-30
65218,604cf485c4e5fa0b7f7799913,samsung mobile is awesome,5fdf6bbcfe08e8c0191a7816,602cbab678d3fda29f330611,,258.50075144654886,399.93355579564246,2021-02-03,2021-01-30
65219,604cf485c4e5fa0b7f7799913,samsung mobile is awesome,5fdf6bbcfe08e8c0191a7816,602cbab678d3fda29f330611,,258.50075144654886,399.93355579564246,2021-02-03,2021-01-30
65220,604cf485c4e5fa0b7f7799913,samsung mobile is awesome,5fdf6bbcfe08e8c0191a7816,602cbab678d3fda29f330611,,258.50075144654886,399.93355579564246,2021-02-03,2021-01-30
65221,604cf485c4e5fa0b7f7799913,samsung mobile is awesome,5fdf6bbcfe08e8c0191a7816,602cbab678d3fda29f330611,,258.50075144654886,399.93355579564246,2021-02-03,2021-01-30
65222,604cf485c4e5fa0b7f7799913,samsung mobile is awesome,5fdf6bbcfe08e8c0191a7816,602cbab678d3fda29f330611,,258.50075144654886,399.93355579564246,2021-02-03,2021-01-30
65223,604cf485c4e5fa0b7f7799913,samsung mobile is awesome,5fdf6bbcfe08e8c0191a7816,602cbab678d3fda29f330611,,258.50075144654886,399.93355579564246,2021-02-03,2021-01-30
65224,604cf485c4e5fa0b7f7799913,samsung mobile is awesome,5fdf6bbcfe08e8c0191a7816,602cbab678d3fda29f330611,,258.50075144654886,399.93355579564246,2021-02-03,2021-01-30
65225,604cf485c4e5fa0b7f7799913,samsung mobile is awesome,5fdf6bbcfe08e8c0191a7816,602cbab678d3fda29f330611,,258.50075144654886,399.93355579564246,2021-02-03,2021-01-30
65226,604cf485c4e5fa0b7f7799913,samsung mobile is awesome,5fdf6bbcfe08e8c0191a7816,602cbab678d3fda29f330611,,258.50075144654886,399.93355579564246,2021-02-03,2021-01-30
65227,604cf485c4e5fa0b7f7799913,samsung mobile is awesome,5fdf6bbcfe08e8c0191a7816,602cbab678d3fda29f330611,,258.50075144654886,399.93355579564246,2021-02-03,2021-01-30
65228,604cf485c4e5fa0b7f7799913,samsung mobile is awesome,5fdf6bbcfe08e8c0191a7816,602cbab678d3fda29f330611,,258.50075144654886,399.93355579564246,2021-02-03,2021-01-30
65229,604cf485c4e5fa0b7f7799913,samsung mobile is awesome,5fdf6bbcfe08e8c0191a7816,602cbab678d3fda29f330611,,258.50075144654886,399.93355579564246,2021-02-03,2021-01-30
65230,604cf485c4e5fa0b7f7799913,samsung mobile is awesome,5fdf6bbcfe08e8c0191a7816,602cbab678d3fda29f330611,,258.50075144654886,399.93355579564246,2021-02-03,2021-01-30
65231,604cf485c4e5fa0b7f7799913,samsung mobile is awesome,5fdf6bbcfe08e8c0191a7816,602cbab678d3fda29f330611,,258.50075144654886,399.93355579564246,2021-02-03,2021-01-30
65232,604cf485c4e5fa0b7f7799913,samsung mobile is awesome,5fdf6bbcfe08e8c0191a7816,602cbab678d3fda29f330611,,258.50075144654886,399.93355579564246,2021-02-03,2021-01-30
65233,604cf485c4e5fa0b7f7799913,samsung mobile is awesome,5fdf6bbcfe08e8c0191a7816,602cbab678d3fda29f330611,,258.50075144654886,399.93355579564246,2021-02-03,2021-01-30
65234,604cf485c4e5fa0b7f7799913,samsung mobile is awesome,5fdf6bbcfe08e8c0191a7816,602cbab678d3fda29f330611,,258.50075144654886,399.93355579564246,2021-02-03,2021-01-30
65235,604cf485c4e5fa0b7f7799913,samsung mobile is awesome,5fdf6bbcfe08e8c0191a7816,602cbab678d3fda29f330611,,258.50075144654886,399.93355579564246,2021-02-03,2021-01-30
65236,604cf485c4e5fa0b7f7799913,samsung mobile is awesome,5fdf6bbcfe08e8c0191a7816,602cbab678d3fda29f330611,,258.50075144654886,399.93355579564246,2021-02-03,2021-01-30
65237,604cf485c4e5fa0b7f7799913,samsung mobile is awesome,5fdf6bbcfe08e8c0191a7816,602cbab678d3fda29f330611,,258.50075144654886,399.93355579564246,2021-02-03,2021-01-30
65238,604cf485c4e5fa0b7f7799913,samsung mobile is awesome,5fdf6bbcfe08e8c0191a7816,602cbab678d3fda29f330611,,258.50075144654886,399.93355579564246,2021-02-03,2021-01-30
65239,604cf485c4e5fa0b7f7799913,samsung mobile is awesome,5fdf6bbcfe08e8c0191a7816,602cbab678d3fda29f330611,,258.50075144654886,399.93355579564246,2021-02-03,2021-01-30
65240,604cf485c4e5fa0b7f7799913,samsung mobile is awesome,5fdf6bbcfe08e8c0191a7816,602cbab678d3fda29f330611,,258.50075144654886,399.93355579564246,2021-02-03,2021-01-30
65241,604cf485c4e5fa0b7f7799913,samsung mobile is awesome,5fdf6bbcfe08e8c0191a7816,602cbab678d3fda29f330611,,258.50075144654886,399.93355579564246,2021-02-03,2021-01-30
65242,604cf485c4e5fa0b7f7799913,samsung mobile is awesome,5fdf6bbcfe08e8c0191a7816,602cbab678d3fda29f330611,,258.50075144654886,399.93355579564246,2021-02-03,2021-01-30
65243,604cf485c4e5fa0b7f7799913,samsung mobile is awesome,5fdf6bbcfe08e8c0191a7816,602cbab678d3fda29f330611,,258.50075144654886,399.93355579564246,2021-02-03,2021-01-30
65244,604cf485c4e5fa0b7f7799913,samsung mobile is awesome,5fdf6bbcfe08e8c0191a7816,602cbab678d3fda29f330611,,258.50075144654886,399.93355579564246,2021-02-03,2021-01-30
65245,604cf485c4e5fa0b7f7799913,samsung mobile is awesome,5fdf6bbcfe08e8c0191a7816,602cbab678d3fda29f330611,,258.50075144654886,399.93355579564246,2021-02-03,2021-01-30
65246,604cf485c4e5fa0b7f7799913,samsung mobile is awesome,5fdf6bbcfe08e8c0191a7816,602cbab678d3fda29f330611,,258.50075144654886,399.93355579564246,2021-02-03,2021-01-30
65247,604cf485c4e5fa0b7f7799913,samsung mobile is awesome,5fdf6bbcfe08e8c0191a7816,602cbab678d3fda29f330611,,258.50075144654886,399.93355579564246,2021-02-03,2021-01-30
65248,604cf485c4e5fa0b7f7799913,samsung mobile is awesome,5fdf6bbcfe08e8c0191a7816,602cbab678d3fda29f330611,,258.50075144654886,399.93355579564246,2021-02-03,2021-01-30
65249,604cf485c4e5fa0b7f7799913,samsung mobile is awesome,5fdf6bbcfe08e8c0191a7816,602cbab678d3fda29f330611,,258.50075144654886,399.93355579564246,2021-02-03,2021-01-30
65250,604cf485c4e5fa0b7f7799913,samsung mobile is awesome,5fdf6bbcfe08e8c0191a7816,602cbab678d3fda29f330611,,258.50075144654886,399.93355579564246,2021-02-03,2021-01-30
65251,604cf485c4e5fa0b7f7799913,samsung mobile is awesome,5fdf6bbcfe08e8c0191a7816,602cbab678d3fda29f330611,,258.50075144654886,399.93355579564246,2021-02-03,2021-01-30
65252,604cf485c4e5fa0b7f7799913,samsung mobile is awesome,5fdf6bbcfe08e8c0191a7816,602cbab678d3fda29f330611,,258.50075144654886,399.93355579564246,2021-02-03,2021-01-30
65253,604cf485c4e5fa0b7f7799913,samsung mobile is awesome,5fdf6bbcfe08e8c0191a7816,602cbab678d3fda29f330611,,258.50075144654886,399.93355579564246,2021-02-03,2021-01-30
65254,604cf485c4e5fa0b7f7799913,samsung mobile is awesome,5fdf6bbcfe08e8c0191a7816,602cbab678d3fda29f330611,,258.50075144654886,399.93355579564246,2021-02-03,2021-01-30
65255,604cf485c4e5fa0b7f7799913,samsung mobile is awesome,5fdf6bbcfe08e8c0191a7816,602cbab678d3fda29f330611,,258.50075144654886,399.93355579564246,2021-02-03,2021-01-30
65256,604cf485c4e5fa0b7f7799913,samsung mobile is awesome,5fdf6bbcfe08e8c0191a7816,602cbab678d3fda29f330611,,258.50075144654886,399.93355579564246,2021-02-03,2021-01-30
65257,604cf485c4e5fa0b7f7799913,samsung mobile is awesome,5fdf6bbcfe08e8c0191a7816,602cbab678d3fda29f330611,,258.50075144654886,399.93355579564246,2021-02-03,2021-01-30
65258,604cf485c4e5fa0b7f7799913,samsung mobile is awesome,5fdf6bbcfe08e8c0191a7816,602cbab678d3fda29f330611,,258.50075144654886,399.93355579564246,2021-02-03,2021-01-30
65259,604cf485c4e5fa0b7f7799913,samsung mobile is awesome,5fdf6bbcfe08e8c0191a7816,602cbab678d3fda29f330611,,258.50075144654886,399.93355579564246,2021-02-03,2021-01-30
65260,604cf485c4e5fa0b7f7799913,samsung mobile is awesome,5fdf6bbcfe08e8c0191a7816,602cbab678d3fda29f330611,,258.50075144654886,399.93355579564246,2021-02-03,2021-01-30
65261,604cf485c4e5fa0b7f7799913,samsung mobile is awesome,5fdf6bbcfe08e8c0191a7816,602cbab678d3fda29f330611,,258.50075144654886,399.93355579564246,2021-02-03,2021-01-30
65262,604cf485c4e5fa0b7f7799913,samsung mobile is awesome,5fdf6bbcfe08e8c0191a7816,602cbab678d3fda29f330611,,258.50075144654886,399.93355579564246,2021-02-03,2021-01-30
65263,604cf485c4e5fa0b7f7799913,samsung mobile is awesome,5fdf6bbcfe08e8c0191a7816,602cbab678d3fda29f330611,,258.50075144654886,399.93355579564246,2021-02-03,2021-01-30
65264,604cf485c4e5fa0b7f7799913,samsung mobile is awesome,5fdf6bbcfe08e8c0191a7816,602cbab678d3fda29f330611,,258.50075144654886,399.93355579564246,2021-02-03,2021-01-30
65265,604cf485c4e5fa0b7f7799913,samsung mobile is awesome,5fdf6bbcfe08e8c0191a7816,602cbab678d3fda29f330611,,258.50075144654886,399.93355579564246,2021-02-03,2021-01-30
65266,604cf485c4e5fa0b7f7799913,samsung mobile is awesome,5fdf6bbcfe08e8c0191a7816,602cbab678d3fda29f330611,,258.50075144654886,399.93355579564246,2021-02-03,2021-01-30
65267,604cf485c4e5fa0b7f7799913,samsung mobile is awesome,5fdf6bbcfe08e8c0191a7816,602cbab678d3fda29f330611,,258.50075144654886,399.93355579564246,2021-02-03,2021-01-30
65268,604cf485c4e5fa0b7f7799913,samsung mobile is awesome,5fdf6bbcfe08e8c0191a7816,602cbab678d3fda29f330611,,258.50075144654886,399.93355579564246,2021-02-03,2021-01-30
65269,604cf485c4e5fa0b7f7799913,samsung mobile is awesome,5fdf6bbcfe08e8c0191a7816,602cbab678d3fda29f330611,,258.50075144654886,399.93355579564246,2021-02-03,2021-01-30
65270,604cf485c4e5fa0b7f7799913,samsung mobile is awesome,5fdf6bbcfe08e8c0191a7816,602cbab678d3fda29f330611,,258.50075144654886,399.93355579564246,2021-02-03,2021-01-30
65271,604cf485c4e5fa0b7f7799913,samsung mobile is awesome,5fdf6bbcfe08e8c0191a7816,602cbab678d3fda29f330611,,258.50075144654886,399.93355579564246,2021-02-03,2021-01-30
65272,604cf485c4e5fa0b7f7799913,samsung mobile is awesome,5fdf6bbcfe08e8c0191a7816,602cbab678d3fda29f330611,,258.50075144654886,399.93355579564246,2021-02-03,2021-01-30
65273,604cf485c4e5fa0b7f7799913,samsung mobile is awesome,5fdf6bbcfe08e8c0191a7816,602cbab678d3fda29f330611,,258.50075144654886,399.93355579564246,2021-02-03,2021-01-30
65274,604cf485c4e5fa0b7f7799913,samsung mobile is awesome,5fdf6bbcfe08e8c0191a7816,602cbab678d3fda29f330611,,258.50075144654886,399.93355579564246,2021-02-03,2021-01-30
65275,604cf485c4e5fa0b7f7799913,samsung mobile is awesome,5fdf6bbcfe08e8c0191a7816,602cbab678d3fda29f330611,,258.50075144654886,399.93355579564246,2021-02-03,2021-01-30
65276,604cf485c4e5fa0b7f7799913,samsung mobile is awesome,5fdf6bbcfe08e8c0191a7816,602cbab678d3fda29f330611,,258.50075144654886,399.93355579564246,2021-02-03,2021-01-30
65277,604cf485c4e5fa0b7f7799913,samsung mobile is awesome,5fdf6bbcfe08e8c0191a7816,602cbab678d3fda29f330611,,258.50075144654886,399.93355579564246,2021-02-03,2021-01-30
65278,604cf485c4e5fa0b7f7799913,samsung mobile is awesome,5fdf6bbcfe08e8c0191a7816,602cbab678d3fda29f330611,,258.50075144654886,399.93355579564246,2021-02-03,2021-01-30
65279,604cf485c4e5fa0b7f7799913,samsung mobile is awesome,5fdf6bbcfe08e8c0191a7816,602cbab678d3fda29f330611,,258.50075144654886,399.93355579564246,2021-02-03,2021-01-30
65280,604cf485c4e5fa0b7f7799913,samsung mobile is awesome,5fdf6bbcfe08e8c0191a7816,602cbab678d3fda29f330611,,258.50075144654886,399.93355579564246,2021-02-03,2021-01-30
65281,604cf485c4e5fa0b7f7799913,samsung mobile is awesome,5fdf6bbcfe08e8c0191a7816,602cbab678d3fda29f330611,,258.50075144654886,399.93355579564246,2021-02-03,2021-01-30
65282,604cf485c4e5fa0b7f7799913,samsung mobile is awesome,5fdf6bbcfe08e8c0191a7816,602cbab678d3fda29f330611,,258.50075144654886,399.93355579564246,2021-02-03,2021-01-30
65283,604cf485c4e5fa0b7f7799913,samsung mobile is awesome,5fdf6bbcfe08e8c0191a7816,602cbab678d3fda29f330611,,258.50075144654886,399.93355579564246,2021-02-03,2021-01-30
65284,604cf485c4e5fa0b7f7799913,samsung mobile is awesome,5fdf6bbcfe08e8c0191a7816,602cbab678d3fda29f330611,,258.50075144654886,399.93355579564246,2021-02-03,2021-01-30
65285,604cf485c4e5fa0b7f7799913,samsung mobile is awesome,5fdf6bbcfe08e8c0191a7816,602cbab678d3fda29f330611,,258.50075144654886,399.93355579564246,2021-02-03,2021-01-30
65286,604cf485c4e5fa0b7f7799913,samsung mobile is awesome,5fdf6bbcfe08e8c0191a7816,602cbab678d3fda29f330611,,258.50075144654886,399.93355579564246,2021-02-03,2021-01-30
65287,604cf485c4e5fa0b7f7799913,samsung mobile is awesome,5fdf6bbcfe08e8c0191a7816,602cbab678d3fda29f330611,,258.50075144654886,399.93355579564246,2021-02-03,2021-01-30
65288,604cf485c4e5fa0b7f7799913,samsung mobile is awesome,5fdf6bbcfe08e8c0191a7816,602cbab678d3fda29f330611,,258.50075144654886,399.93355579564246,2021-02-03,2021-01-30
91166,604cf485c4e5fa0b7f7800126,samsung mobile is awesome,5fdf6bbcfe08e8c0191a7825,602cbab678d3fda29f330611,,390.14407325664763,531.8034518541798,2021-02-08,2021-04-19
91167,604cf485c4e5fa0b7f7800126,samsung mobile is awesome,5fdf6bbcfe08e8c0191a7825,602cbab678d3fda29f330611,,390.14407325664763,531.8034518541798,2021-02-08,2021-04-19
91168,604cf485c4e5fa0b7f7800126,samsung mobile is awesome,5fdf6bbcfe08e8c0191a7825,602cbab678d3fda29f330611,,390.14407325664763,531.8034518541798,2021-02-08,2021-04-19
91169,604cf485c4e5fa0b7f7800126,samsung mobile is awesome,5fdf6bbcfe08e8c0191a7825,602cbab678d3fda29f330611,,390.14407325664763,531.8034518541798,2021-02-08,2021-04-19
91170,604cf485c4e5fa0b7f7800126,samsung mobile is awesome,5fdf6bbcfe08e8c0191a7825,602cbab678d3fda29f330611,,390.14407325664763,531.8034518541798,2021-02-08,2021-04-19
91171,604cf485c4e5fa0b7f7800126,samsung mobile is awesome,5fdf6bbcfe08e8c0191a7825,602cbab678d3fda29f330611,,390.14407325664763,531.8034518541798,2021-02-08,2021-04-19
91172,604cf485c4e5fa0b7f7800126,samsung mobile is awesome,5fdf6bbcfe08e8c0191a7825,602cbab678d3fda29f330611,,390.14407325664763,531.8034518541798,2021-02-08,2021-04-19
91173,604cf485c4e5fa0b7f7800126,samsung mobile is awesome,5fdf6bbcfe08e8c0191a7825,602cbab678d3fda29f330611,,390.14407325664763,531.8034518541798,2021-02-08,2021-04-19
91174,604cf485c4e5fa0b7f7800126,samsung mobile is awesome,5fdf6bbcfe08e8c0191a7825,602cbab678d3fda29f330611,,390.14407325664763,531.8034518541798,2021-02-08,2021-04-19
91175,604cf485c4e5fa0b7f7800126,samsung mobile is awesome,5fdf6bbcfe08e8c0191a7825,602cbab678d3fda29f330611,,390.14407325664763,531.8034518541798,2021-02-08,2021-04-19
91176,604cf485c4e5fa0b7f7800126,samsung mobile is awesome,5fdf6bbcfe08e8c0191a7825,602cbab678d3fda29f330611,,390.14407325664763,531.8034518541798,2021-02-08,2021-04-19
91177,604cf485c4e5fa0b7f7800126,samsung mobile is awesome,5fdf6bbcfe08e8c0191a7825,602cbab678d3fda29f330611,,390.14407325664763,531.8034518541798,2021-02-08,2021-04-19
91178,604cf485c4e5fa0b7f7800126,samsung mobile is awesome,5fdf6bbcfe08e8c0191a7825,602cbab678d3fda29f330611,,390.14407325664763,531.8034518541798,2021-02-08,2021-04-19
91179,604cf485c4e5fa0b7f7800126,samsung mobile is awesome,5fdf6bbcfe08e8c0191a7825,602cbab678d3fda29f330611,,390.14407325664763,531.8034518541798,2021-02-08,2021-04-19
91180,604cf485c4e5fa0b7f7800126,samsung mobile is awesome,5fdf6bbcfe08e8c0191a7825,602cbab678d3fda29f330611,,390.14407325664763,531.8034518541798,2021-02-08,2021-04-19
91181,604cf485c4e5fa0b7f7800126,samsung mobile is awesome,5fdf6bbcfe08e8c0191a7825,602cbab678d3fda29f330611,,390.14407325664763,531.8034518541798,2021-02-08,2021-04-19
91182,604cf485c4e5fa0b7f7800126,samsung mobile is awesome,5fdf6bbcfe08e8c0191a7825,602cbab678d3fda29f330611,,390.14407325664763,531.8034518541798,2021-02-08,2021-04-19
91183,604cf485c4e5fa0b7f7800126,samsung mobile is awesome,5fdf6bbcfe08e8c0191a7825,602cbab678d3fda29f330611,,390.14407325664763,531.8034518541798,2021-02-08,2021-04-19
91184,604cf485c4e5fa0b7f7800126,samsung mobile is awesome,5fdf6bbcfe08e8c0191a7825,602cbab678d3fda29f330611,,390.14407325664763,531.8034518541798,2021-02-08,2021-04-19
91185,604cf485c4e5fa0b7f7800126,samsung mobile is awesome,5fdf6bbcfe08e8c0191a7825,602cbab678d3fda29f330611,,390.14407325664763,531.8034518541798,2021-02-08,2021-04-19
91186,604cf485c4e5fa0b7f7800126,samsung mobile is awesome,5fdf6bbcfe08e8c0191a7825,602cbab678d3fda29f330611,,390.14407325664763,531.8034518541798,2021-02-08,2021-04-19
91187,604cf485c4e5fa0b7f7800126,samsung mobile is awesome,5fdf6bbcfe08e8c0191a7825,602cbab678d3fda29f330611,,390.14407325664763,531.8034518541798,2021-02-08,2021-04-19
91188,604cf485c4e5fa0b7f7800126,samsung mobile is awesome,5fdf6bbcfe08e8c0191a7825,602cbab678d3fda29f330611,,390.14407325664763,531.8034518541798,2021-02-08,2021-04-19
91189,604cf485c4e5fa0b7f7800126,samsung mobile is awesome,5fdf6bbcfe08e8c0191a7825,602cbab678d3fda29f330611,,390.14407325664763,531.8034518541798,2021-02-08,2021-04-19
91190,604cf485c4e5fa0b7f7800126,samsung mobile is awesome,5fdf6bbcfe08e8c0191a7825,602cbab678d3fda29f330611,,390.14407325664763,531.8034518541798,2021-02-08,2021-04-19
91191,604cf485c4e5fa0b7f7800126,samsung mobile is awesome,5fdf6bbcfe08e8c0191a7825,602cbab678d3fda29f330611,,390.14407325664763,531.8034518541798,2021-02-08,2021-04-19
91192,604cf485c4e5fa0b7f7800126,samsung mobile is awesome,5fdf6bbcfe08e8c0191a7825,602cbab678d3fda29f330611,,390.14407325664763,531.8034518541798,2021-02-08,2021-04-19
91193,604cf485c4e5fa0b7f7800126,samsung mobile is awesome,5fdf6bbcfe08e8c0191a7825,602cbab678d3fda29f330611,,390.14407325664763,531.8034518541798,2021-02-08,2021-04-19
91194,604cf485c4e5fa0b7f7800126,samsung mobile is awesome,5fdf6bbcfe08e8c0191a7825,602cbab678d3fda29f330611,,390.14407325664763,531.8034518541798,2021-02-08,2021-04-19
91195,604cf485c4e5fa0b7f7800126,samsung mobile is awesome,5fdf6bbcfe08e8c0191a7825,602cbab678d3fda29f330611,,390.14407325664763,531.8034518541798,2021-02-08,2021-04-19
91196,604cf485c4e5fa0b7f7800126,samsung mobile is awesome,5fdf6bbcfe08e8c0191a7825,602cbab678d3fda29f330611,,390.14407325664763,531.8034518541798,2021-02-08,2021-04-19
91197,604cf485c4e5fa0b7f7800126,samsung mobile is awesome,5fdf6bbcfe08e8c0191a7825,602cbab678d3fda29f330611,,390.14407325664763,531.8034518541798,2021-02-08,2021-04-19
91198,604cf485c4e5fa0b7f7800126,samsung mobile is awesome,5fdf6bbcfe08e8c0191a7825,602cbab678d3fda29f330611,,390.14407325664763,531.8034518541798,2021-02-08,2021-04-19
91199,604cf485c4e5fa0b7f7800126,samsung mobile is awesome,5fdf6bbcfe08e8c0191a7825,602cbab678d3fda29f330611,,390.14407325664763,531.8034518541798,2021-02-08,2021-04-19
91200,604cf485c4e5fa0b7f7800126,samsung mobile is awesome,5fdf6bbcfe08e8c0191a7825,602cbab678d3fda29f330611,,390.14407325664763,531.8034518541798,2021-02-08,2021-04-19
91201,604cf485c4e5fa0b7f7800126,samsung mobile is awesome,5fdf6bbcfe08e8c0191a7825,602cbab678d3fda29f330611,,390.14407325664763,531.8034518541798,2021-02-08,2021-04-19
91202,604cf485c4e5fa0b7f7800126,samsung mobile is awesome,5fdf6bbcfe08e8c0191a7825,602cbab678d3fda29f330611,,390.14407325664763,531.8034518541798,2021-02-08,2021-04-19
91203,604cf485c4e5fa0b7f7800126,samsung mobile is awesome,5fdf6bbcfe08e8c0191a7825,602cbab678d3fda29f330611,,390.14407325664763,531.8034518541798,2021-02-08,2021-04-19
91204,604cf485c4e5fa0b7f7800126,samsung mobile is awesome,5fdf6bbcfe08e8c0191a7825,602cbab678d3fda29f330611,,390.14407325664763,531.8034518541798,2021-02-08,2021-04-19
91205,604cf485c4e5fa0b7f7800126,samsung mobile is awesome,5fdf6bbcfe08e8c0191a7825,602cbab678d3fda29f330611,,390.14407325664763,531.8034518541798,2021-02-08,2021-04-19
91206,604cf485c4e5fa0b7f7800126,samsung mobile is awesome,5fdf6bbcfe08e8c0191a7825,602cbab678d3fda29f330611,,390.14407325664763,531.8034518541798,2021-02-08,2021-04-19
91207,604cf485c4e5fa0b7f7800126,samsung mobile is awesome,5fdf6bbcfe08e8c0191a7825,602cbab678d3fda29f330611,,390.14407325664763,531.8034518541798,2021-02-08,2021-04-19
91208,604cf485c4e5fa0b7f7800126,samsung mobile is awesome,5fdf6bbcfe08e8c0191a7825,602cbab678d3fda29f330611,,390.14407325664763,531.8034518541798,2021-02-08,2021-04-19
91209,604cf485c4e5fa0b7f7800126,samsung mobile is awesome,5fdf6bbcfe08e8c0191a7825,602cbab678d3fda29f330611,,390.14407325664763,531.8034518541798,2021-02-08,2021-04-19
91210,604cf485c4e5fa0b7f7800126,samsung mobile is awesome,5fdf6bbcfe08e8c0191a7825,602cbab678d3fda29f330611,,390.14407325664763,531.8034518541798,2021-02-08,2021-04-19
91211,604cf485c4e5fa0b7f7800126,samsung mobile is awesome,5fdf6bbcfe08e8c0191a7825,602cbab678d3fda29f330611,,390.14407325664763,531.8034518541798,2021-02-08,2021-04-19
91212,604cf485c4e5fa0b7f7800126,samsung mobile is awesome,5fdf6bbcfe08e8c0191a7825,602cbab678d3fda29f330611,,390.14407325664763,531.8034518541798,2021-02-08,2021-04-19
91213,604cf485c4e5fa0b7f7800126,samsung mobile is awesome,5fdf6bbcfe08e8c0191a7825,602cbab678d3fda29f330611,,390.14407325664763,531.8034518541798,2021-02-08,2021-04-19
91214,604cf485c4e5fa0b7f7800126,samsung mobile is awesome,5fdf6bbcfe08e8c0191a7825,602cbab678d3fda29f330611,,390.14407325664763,531.8034518541798,2021-02-08,2021-04-19
91215,604cf485c4e5fa0b7f7800126,samsung mobile is awesome,5fdf6bbcfe08e8c0191a7825,602cbab678d3fda29f330611,,390.14407325664763,531.8034518541798,2021-02-08,2021-04-19
91216,604cf485c4e5fa0b7f7800126,samsung mobile is awesome,5fdf6bbcfe08e8c0191a7825,602cbab678d3fda29f330611,,390.14407325664763,531.8034518541798,2021-02-08,2021-04-19
91217,604cf485c4e5fa0b7f7800126,samsung mobile is awesome,5fdf6bbcfe08e8c0191a7825,602cbab678d3fda29f330611,,390.14407325664763,531.8034518541798,2021-02-08,2021-04-19
91218,604cf485c4e5fa0b7f7800126,samsung mobile is awesome,5fdf6bbcfe08e8c0191a7825,602cbab678d3fda29f330611,,390.14407325664763,531.8034518541798,2021-02-08,2021-04-19
91219,604cf485c4e5fa0b7f7800126,samsung mobile is awesome,5fdf6bbcfe08e8c0191a7825,602cbab678d3fda29f330611,,390.14407325664763,531.8034518541798,2021-02-08,2021-04-19
91220,604cf485c4e5fa0b7f7800126,samsung mobile is awesome,5fdf6bbcfe08e8c0191a7825,602cbab678d3fda29f330611,,390.14407325664763,531.8034518541798,2021-02-08,2021-04-19
91221,604cf485c4e5fa0b7f7800126,samsung mobile is awesome,5fdf6bbcfe08e8c0191a7825,602cbab678d3fda29f330611,,390.14407325664763,531.8034518541798,2021-02-08,2021-04-19
91222,604cf485c4e5fa0b7f7800126,samsung mobile is awesome,5fdf6bbcfe08e8c0191a7825,602cbab678d3fda29f330611,,390.14407325664763,531.8034518541798,2021-02-08,2021-04-19
91223,604cf485c4e5fa0b7f7800126,samsung mobile is awesome,5fdf6bbcfe08e8c0191a7825,602cbab678d3fda29f330611,,390.14407325664763,531.8034518541798,2021-02-08,2021-04-19
91224,604cf485c4e5fa0b7f7800126,samsung mobile is awesome,5fdf6bbcfe08e8c0191a7825,602cbab678d3fda29f330611,,390.14407325664763,531.8034518541798,2021-02-08,2021-04-19
91225,604cf485c4e5fa0b7f7800126,samsung mobile is awesome,5fdf6bbcfe08e8c0191a7825,602cbab678d3fda29f330611,,390.14407325664763,531.8034518541798,2021-02-08,2021-04-19
91226,604cf485c4e5fa0b7f7800126,samsung mobile is awesome,5fdf6bbcfe08e8c0191a7825,602cbab678d3fda29f330611,,390.14407325664763,531.8034518541798,2021-02-08,2021-04-19
91227,604cf485c4e5fa0b7f7800126,samsung mobile is awesome,5fdf6bbcfe08e8c0191a7825,602cbab678d3fda29f330611,,390.14407325664763,531.8034518541798,2021-02-08,2021-04-19
91228,604cf485c4e5fa0b7f7800126,samsung mobile is awesome,5fdf6bbcfe08e8c0191a7825,602cbab678d3fda29f330611,,390.14407325664763,531.8034518541798,2021-02-08,2021-04-19
91229,604cf485c4e5fa0b7f7800126,samsung mobile is awesome,5fdf6bbcfe08e8c0191a7825,602cbab678d3fda29f330611,,390.14407325664763,531.8034518541798,2021-02-08,2021-04-19
91230,604cf485c4e5fa0b7f7800126,samsung mobile is awesome,5fdf6bbcfe08e8c0191a7825,602cbab678d3fda29f330611,,390.14407325664763,531.8034518541798,2021-02-08,2021-04-19
91231,604cf485c4e5fa0b7f7800126,samsung mobile is awesome,5fdf6bbcfe08e8c0191a7825,602cbab678d3fda29f330611,,390.14407325664763,531.8034518541798,2021-02-08,2021-04-19
91232,604cf485c4e5fa0b7f7800126,samsung mobile is awesome,5fdf6bbcfe08e8c0191a7825,602cbab678d3fda29f330611,,390.14407325664763,531.8034518541798,2021-02-08,2021-04-19
91233,604cf485c4e5fa0b7f7800126,samsung mobile is awesome,5fdf6bbcfe08e8c0191a7825,602cbab678d3fda29f330611,,390.14407325664763,531.8034518541798,2021-02-08,2021-04-19
91234,604cf485c4e5fa0b7f7800126,samsung mobile is awesome,5fdf6bbcfe08e8c0191a7825,602cbab678d3fda29f330611,,390.14407325664763,531.8034518541798,2021-02-08,2021-04-19
91235,604cf485c4e5fa0b7f7800126,samsung mobile is awesome,5fdf6bbcfe08e8c0191a7825,602cbab678d3fda29f330611,,390.14407325664763,531.8034518541798,2021-02-08,2021-04-19
91236,604cf485c4e5fa0b7f7800126,samsung mobile is awesome,5fdf6bbcfe08e8c0191a7825,602cbab678d3fda29f330611,,390.14407325664763,531.8034518541798,2021-02-08,2021-04-19
91237,604cf485c4e5fa0b7f7800126,samsung mobile is awesome,5fdf6bbcfe08e8c0191a7825,602cbab678d3fda29f330611,,390.14407325664763,531.8034518541798,2021-02-08,2021-04-19
91238,604cf485c4e5fa0b7f7800126,samsung mobile is awesome,5fdf6bbcfe08e8c0191a7825,602cbab678d3fda29f330611,,390.14407325664763,531.8034518541798,2021-02-08,2021-04-19
91239,604cf485c4e5fa0b7f7800126,samsung mobile is awesome,5fdf6bbcfe08e8c0191a7825,602cbab678d3fda29f330611,,390.14407325664763,531.8034518541798,2021-02-08,2021-04-19
91240,604cf485c4e5fa0b7f7800126,samsung mobile is awesome,5fdf6bbcfe08e8c0191a7825,602cbab678d3fda29f330611,,390.14407325664763,531.8034518541798,2021-02-08,2021-04-19
91241,604cf485c4e5fa0b7f7800126,samsung mobile is awesome,5fdf6bbcfe08e8c0191a7825,602cbab678d3fda29f330611,,390.14407325664763,531.8034518541798,2021-02-08,2021-04-19
91242,604cf485c4e5fa0b7f7800126,samsung mobile is awesome,5fdf6bbcfe08e8c0191a7825,602cbab678d3fda29f330611,,390.14407325664763,531.8034518541798,2021-02-08,2021-04-19
91243,604cf485c4e5fa0b7f7800126,samsung mobile is awesome,5fdf6bbcfe08e8c0191a7825,602cbab678d3fda29f330611,,390.14407325664763,531.8034518541798,2021-02-08,2021-04-19
91244,604cf485c4e5fa0b7f7800126,samsung mobile is awesome,5fdf6bbcfe08e8c0191a7825,602cbab678d3fda29f330611,,390.14407325664763,531.8034518541798,2021-02-08,2021-04-19
91245,604cf485c4e5fa0b7f7800126,samsung mobile is awesome,5fdf6bbcfe08e8c0191a7825,602cbab678d3fda29f330611,,390.14407325664763,531.8034518541798,2021-02-08,2021-04-19
91246,604cf485c4e5fa0b7f7800126,samsung mobile is awesome,5fdf6bbcfe08e8c0191a7825,602cbab678d3fda29f330611,,390.14407325664763,531.8034518541798,2021-02-08,2021-04-19
91247,604cf485c4e5fa0b7f7800126,samsung mobile is awesome,5fdf6bbcfe08e8c0191a7825,602cbab678d3fda29f330611,,390.14407325664763,531.8034518541798,2021-02-08,2021-04-19
91248,604cf485c4e5fa0b7f7800126,samsung mobile is awesome,5fdf6bbcfe08e8c0191a7825,602cbab678d3fda29f330611,,390.14407325664763,531.8034518541798,2021-02-08,2021-04-19
91249,604cf485c4e5fa0b7f7800126,samsung mobile is awesome,5fdf6bbcfe08e8c0191a7825,602cbab678d3fda29f330611,,390.14407325664763,531.8034518541798,2021-02-08,2021-04-19
91250,604cf485c4e5fa0b7f7800126,samsung mobile is awesome,5fdf6bbcfe08e8c0191a7825,602cbab678d3fda29f330611,,390.14407325664763,531.8034518541798,2021-02-08,2021-04-19
91251,604cf485c4e5fa0b7f7800126,samsung mobile is awesome,5fdf6bbcfe08e8c0191a7825,602cbab678d3fda29f330611,,390.14407325664763,531.8034518541798,2021-02-08,2021-04-19
91252,604cf485c4e5fa0b7f7800126,samsung mobile is awesome,5fdf6bbcfe08e8c0191a7825,602cbab678d3fda29f330611,,390.14407325664763,531.8034518541798,2021-02-08,2021-04-19
91253,604cf485c4e5fa0b7f7800126,samsung mobile is awesome,5fdf6bbcfe08e8c0191a7825,602cbab678d3fda29f330611,,390.14407325664763,531.8034518541798,2021-02-08,2021-04-19
91254,604cf485c4e5fa0b7f7800126,samsung mobile is awesome,5fdf6bbcfe08e8c0191a7825,602cbab678d3fda29f330611,,390.14407325664763,531.8034518541798,2021-02-08,2021-04-19
91255,604cf485c4e5fa0b7f7800126,samsung mobile is awesome,5fdf6bbcfe08e8c0191a7825,602cbab678d3fda29f330611,,390.14407325664763,531.8034518541798,2021-02-08,2021-04-19
91256,604cf485c4e5fa0b7f7800126,samsung mobile is awesome,5fdf6bbcfe08e8c0191a7825,602cbab678d3fda29f330611,,390.14407325664763,531.8034518541798,2021-02-08,2021-04-19
91257,604cf485c4e5fa0b7f7800126,samsung mobile is awesome,5fdf6bbcfe08e8c0191a7825,602cbab678d3fda29f330611,,390.14407325664763,531.8034518541798,2021-02-08,2021-04-19
91258,604cf485c4e5fa0b7f7800126,samsung mobile is awesome,5fdf6bbcfe08e8c0191a7825,602cbab678d3fda29f330611,,390.14407325664763,531.8034518541798,2021-02-08,2021-04-19
91259,604cf485c4e5fa0b7f7800126,samsung mobile is awesome,5fdf6bbcfe08e8c0191a7825,602cbab678d3fda29f330611,,390.14407325664763,531.8034518541798,2021-02-08,2021-04-19
91260,604cf485c4e5fa0b7f7800126,samsung mobile is awesome,5fdf6bbcfe08e8c0191a7825,602cbab678d3fda29f330611,,390.14407325664763,531.8034518541798,2021-02-08,2021-04-19
91261,604cf485c4e5fa0b7f7800126,samsung mobile is awesome,5fdf6bbcfe08e8c0191a7825,602cbab678d3fda29f330611,,390.14407325664763,531.8034518541798,2021-02-08,2021-04-19
91262,604cf485c4e5fa0b7f7800126,samsung mobile is awesome,5fdf6bbcfe08e8c0191a7825,602cbab678d3fda29f330611,,390.14407325664763,531.8034518541798,2021-02-08,2021-04-19
91263,604cf485c4e5fa0b7f7800126,samsung mobile is awesome,5fdf6bbcfe08e8c0191a7825,602cbab678d3fda29f330611,,390.14407325664763,531.8034518541798,2021-02-08,2021-04-19
91264,604cf485c4e5fa0b7f7800126,samsung mobile is awesome,5fdf6bbcfe08e8c0191a7825,602cbab678d3fda29f330611,,390.14407325664763,531.8034518541798,2021-02-08,2021-04-19
91265,604cf485c4e5fa0b7f7800126,samsung mobile is awesome,5fdf6bbcfe08e8c0191a7825,602cbab678d3fda29f330611,,390.14407325664763,531.8034518541798,2021-02-08,2021-04-19
91266,604cf485c4e5fa0b7f7800126,samsung mobile is awesome,5fdf6bbcfe08e8c0191a7825,602cbab678d3fda29f330611,,390.14407325664763,531.8034518541798,2021-02-08,2021-04-19
91267,604cf485c4e5fa0b7f7800126,samsung mobile is awesome,5fdf6bbcfe08e8c0191a7825,602cbab678d3fda29f330611,,390.14407325664763,531.8034518541798,2021-02-08,2021-04-19
91268,604cf485c4e5fa0b7f7800126,samsung mobile is awesome,5fdf6bbcfe08e8c0191a7825,602cbab678d3fda29f330611,,390.14407325664763,531.8034518541798,2021-02-08,2021-04-19
91269,604cf485c4e5fa0b7f7800126,samsung mobile is awesome,5fdf6bbcfe08e8c0191a7825,602cbab678d3fda29f330611,,390.14407325664763,531.8034518541798,2021-02-08,2021-04-19
91270,604cf485c4e5fa0b7f7800126,samsung mobile is awesome,5fdf6bbcfe08e8c0191a7825,602cbab678d3fda29f330611,,390.14407325664763,531.8034518541798,2021-02-08,2021-04-19
91271,604cf485c4e5fa0b7f7800126,samsung mobile is awesome,5fdf6bbcfe08e8c0191a7825,602cbab678d3fda29f330611,,390.14407325664763,531.8034518541798,2021-02-08,2021-04-19
91272,604cf485c4e5fa0b7f7800126,samsung mobile is awesome,5fdf6bbcfe08e8c0191a7825,602cbab678d3fda29f330611,,390.14407325664763,531.8034518541798,2021-02-08,2021-04-19
91273,604cf485c4e5fa0b7f7800126,samsung mobile is awesome,5fdf6bbcfe08e8c0191a7825,602cbab678d3fda29f330611,,390.14407325664763,531.8034518541798,2021-02-08,2021-04-19
91274,604cf485c4e5fa0b7f7800126,samsung mobile is awesome,5fdf6bbcfe08e8c0191a7825,602cbab678d3fda29f330611,,390.14407325664763,531.8034518541798,2021-02-08,2021-04-19
95871,604cf485c4e5fa0b7f7800168,samsung mobile is awesome,5fdf6bbcfe08e8c0191a7818,602cbafd78d3fda29f330615,,417.8450190640407,562.4235392581944,2021-04-12,2021-04-10
95872,604cf485c4e5fa0b7f7800168,samsung mobile is awesome,5fdf6bbcfe08e8c0191a7818,602cbafd78d3fda29f330615,,417.8450190640407,562.4235392581944,2021-04-12,2021-04-10
95873,604cf485c4e5fa0b7f7800168,samsung mobile is awesome,5fdf6bbcfe08e8c0191a7818,602cbafd78d3fda29f330615,,417.8450190640407,562.4235392581944,2021-04-12,2021-04-10
95874,604cf485c4e5fa0b7f7800168,samsung mobile is awesome,5fdf6bbcfe08e8c0191a7818,602cbafd78d3fda29f330615,,417.8450190640407,562.4235392581944,2021-04-12,2021-04-10
95875,604cf485c4e5fa0b7f7800168,samsung mobile is awesome,5fdf6bbcfe08e8c0191a7818,602cbafd78d3fda29f330615,,417.8450190640407,562.4235392581944,2021-04-12,2021-04-10
95876,604cf485c4e5fa0b7f7800168,samsung mobile is awesome,5fdf6bbcfe08e8c0191a7818,602cbafd78d3fda29f330615,,417.8450190640407,562.4235392581944,2021-04-12,2021-04-10
95877,604cf485c4e5fa0b7f7800168,samsung mobile is awesome,5fdf6bbcfe08e8c0191a7818,602cbafd78d3fda29f330615,,417.8450190640407,562.4235392581944,2021-04-12,2021-04-10
95878,604cf485c4e5fa0b7f7800168,samsung mobile is awesome,5fdf6bbcfe08e8c0191a7818,602cbafd78d3fda29f330615,,417.8450190640407,562.4235392581944,2021-04-12,2021-04-10
95879,604cf485c4e5fa0b7f7800168,samsung mobile is awesome,5fdf6bbcfe08e8c0191a7818,602cbafd78d3fda29f330615,,417.8450190640407,562.4235392581944,2021-04-12,2021-04-10
95880,604cf485c4e5fa0b7f7800168,samsung mobile is awesome,5fdf6bbcfe08e8c0191a7818,602cbafd78d3fda29f330615,,417.8450190640407,562.4235392581944,2021-04-12,2021-04-10
95881,604cf485c4e5fa0b7f7800168,samsung mobile is awesome,5fdf6bbcfe08e8c0191a7818,602cbafd78d3fda29f330615,,417.8450190640407,562.4235392581944,2021-04-12,2021-04-10
95882,604cf485c4e5fa0b7f7800168,samsung mobile is awesome,5fdf6bbcfe08e8c0191a7818,602cbafd78d3fda29f330615,,417.8450190640407,562.4235392581944,2021-04-12,2021-04-10
95883,604cf485c4e5fa0b7f7800168,samsung mobile is awesome,5fdf6bbcfe08e8c0191a7818,602cbafd78d3fda29f330615,,417.8450190640407,562.4235392581944,2021-04-12,2021-04-10
95884,604cf485c4e5fa0b7f7800168,samsung mobile is awesome,5fdf6bbcfe08e8c0191a7818,602cbafd78d3fda29f330615,,417.8450190640407,562.4235392581944,2021-04-12,2021-04-10
95885,604cf485c4e5fa0b7f7800168,samsung mobile is awesome,5fdf6bbcfe08e8c0191a7818,602cbafd78d3fda29f330615,,417.8450190640407,562.4235392581944,2021-04-12,2021-04-10
95886,604cf485c4e5fa0b7f7800168,samsung mobile is awesome,5fdf6bbcfe08e8c0191a7818,602cbafd78d3fda29f330615,,417.8450190640407,562.4235392581944,2021-04-12,2021-04-10
95887,604cf485c4e5fa0b7f7800168,samsung mobile is awesome,5fdf6bbcfe08e8c0191a7818,602cbafd78d3fda29f330615,,417.8450190640407,562.4235392581944,2021-04-12,2021-04-10
95888,604cf485c4e5fa0b7f7800168,samsung mobile is awesome,5fdf6bbcfe08e8c0191a7818,602cbafd78d3fda29f330615,,417.8450190640407,562.4235392581944,2021-04-12,2021-04-10
95889,604cf485c4e5fa0b7f7800168,samsung mobile is awesome,5fdf6bbcfe08e8c0191a7818,602cbafd78d3fda29f330615,,417.8450190640407,562.4235392581944,2021-04-12,2021-04-10
95890,604cf485c4e5fa0b7f7800168,samsung mobile is awesome,5fdf6bbcfe08e8c0191a7818,602cbafd78d3fda29f330615,,417.8450190640407,562.4235392581944,2021-04-12,2021-04-10
95891,604cf485c4e5fa0b7f7800168,samsung mobile is awesome,5fdf6bbcfe08e8c0191a7818,602cbafd78d3fda29f330615,,417.8450190640407,562.4235392581944,2021-04-12,2021-04-10
95892,604cf485c4e5fa0b7f7800168,samsung mobile is awesome,5fdf6bbcfe08e8c0191a7818,602cbafd78d3fda29f330615,,417.8450190640407,562.4235392581944,2021-04-12,2021-04-10
95893,604cf485c4e5fa0b7f7800168,samsung mobile is awesome,5fdf6bbcfe08e8c0191a7818,602cbafd78d3fda29f330615,,417.8450190640407,562.4235392581944,2021-04-12,2021-04-10
95894,604cf485c4e5fa0b7f7800168,samsung mobile is awesome,5fdf6bbcfe08e8c0191a7818,602cbafd78d3fda29f330615,,417.8450190640407,562.4235392581944,2021-04-12,2021-04-10
95895,604cf485c4e5fa0b7f7800168,samsung mobile is awesome,5fdf6bbcfe08e8c0191a7818,602cbafd78d3fda29f330615,,417.8450190640407,562.4235392581944,2021-04-12,2021-04-10
95896,604cf485c4e5fa0b7f7800168,samsung mobile is awesome,5fdf6bbcfe08e8c0191a7818,602cbafd78d3fda29f330615,,417.8450190640407,562.4235392581944,2021-04-12,2021-04-10
95897,604cf485c4e5fa0b7f7800168,samsung mobile is awesome,5fdf6bbcfe08e8c0191a7818,602cbafd78d3fda29f330615,,417.8450190640407,562.4235392581944,2021-04-12,2021-04-10
95898,604cf485c4e5fa0b7f7800168,samsung mobile is awesome,5fdf6bbcfe08e8c0191a7818,602cbafd78d3fda29f330615,,417.8450190640407,562.4235392581944,2021-04-12,2021-04-10
95899,604cf485c4e5fa0b7f7800168,samsung mobile is awesome,5fdf6bbcfe08e8c0191a7818,602cbafd78d3fda29f330615,,417.8450190640407,562.4235392581944,2021-04-12,2021-04-10
95900,604cf485c4e5fa0b7f7800168,samsung mobile is awesome,5fdf6bbcfe08e8c0191a7818,602cbafd78d3fda29f330615,,417.8450190640407,562.4235392581944,2021-04-12,2021-04-10
95901,604cf485c4e5fa0b7f7800168,samsung mobile is awesome,5fdf6bbcfe08e8c0191a7818,602cbafd78d3fda29f330615,,417.8450190640407,562.4235392581944,2021-04-12,2021-04-10
95902,604cf485c4e5fa0b7f7800168,samsung mobile is awesome,5fdf6bbcfe08e8c0191a7818,602cbafd78d3fda29f330615,,417.8450190640407,562.4235392581944,2021-04-12,2021-04-10
95903,604cf485c4e5fa0b7f7800168,samsung mobile is awesome,5fdf6bbcfe08e8c0191a7818,602cbafd78d3fda29f330615,,417.8450190640407,562.4235392581944,2021-04-12,2021-04-10
95904,604cf485c4e5fa0b7f7800168,samsung mobile is awesome,5fdf6bbcfe08e8c0191a7818,602cbafd78d3fda29f330615,,417.8450190640407,562.4235392581944,2021-04-12,2021-04-10
95905,604cf485c4e5fa0b7f7800168,samsung mobile is awesome,5fdf6bbcfe08e8c0191a7818,602cbafd78d3fda29f330615,,417.8450190640407,562.4235392581944,2021-04-12,2021-04-10
95906,604cf485c4e5fa0b7f7800168,samsung mobile is awesome,5fdf6bbcfe08e8c0191a7818,602cbafd78d3fda29f330615,,417.8450190640407,562.4235392581944,2021-04-12,2021-04-10
95907,604cf485c4e5fa0b7f7800168,samsung mobile is awesome,5fdf6bbcfe08e8c0191a7818,602cbafd78d3fda29f330615,,417.8450190640407,562.4235392581944,2021-04-12,2021-04-10
95908,604cf485c4e5fa0b7f7800168,samsung mobile is awesome,5fdf6bbcfe08e8c0191a7818,602cbafd78d3fda29f330615,,417.8450190640407,562.4235392581944,2021-04-12,2021-04-10
95909,604cf485c4e5fa0b7f7800168,samsung mobile is awesome,5fdf6bbcfe08e8c0191a7818,602cbafd78d3fda29f330615,,417.8450190640407,562.4235392581944,2021-04-12,2021-04-10
95910,604cf485c4e5fa0b7f7800168,samsung mobile is awesome,5fdf6bbcfe08e8c0191a7818,602cbafd78d3fda29f330615,,417.8450190640407,562.4235392581944,2021-04-12,2021-04-10
95911,604cf485c4e5fa0b7f7800168,samsung mobile is awesome,5fdf6bbcfe08e8c0191a7818,602cbafd78d3fda29f330615,,417.8450190640407,562.4235392581944,2021-04-12,2021-04-10
95912,604cf485c4e5fa0b7f7800168,samsung mobile is awesome,5fdf6bbcfe08e8c0191a7818,602cbafd78d3fda29f330615,,417.8450190640407,562.4235392581944,2021-04-12,2021-04-10
95913,604cf485c4e5fa0b7f7800168,samsung mobile is awesome,5fdf6bbcfe08e8c0191a7818,602cbafd78d3fda29f330615,,417.8450190640407,562.4235392581944,2021-04-12,2021-04-10
95914,604cf485c4e5fa0b7f7800168,samsung mobile is awesome,5fdf6bbcfe08e8c0191a7818,602cbafd78d3fda29f330615,,417.8450190640407,562.4235392581944,2021-04-12,2021-04-10
95915,604cf485c4e5fa0b7f7800168,samsung mobile is awesome,5fdf6bbcfe08e8c0191a7818,602cbafd78d3fda29f330615,,417.8450190640407,562.4235392581944,2021-04-12,2021-04-10
95916,604cf485c4e5fa0b7f7800168,samsung mobile is awesome,5fdf6bbcfe08e8c0191a7818,602cbafd78d3fda29f330615,,417.8450190640407,562.4235392581944,2021-04-12,2021-04-10
95917,604cf485c4e5fa0b7f7800168,samsung mobile is awesome,5fdf6bbcfe08e8c0191a7818,602cbafd78d3fda29f330615,,417.8450190640407,562.4235392581944,2021-04-12,2021-04-10
95918,604cf485c4e5fa0b7f7800168,samsung mobile is awesome,5fdf6bbcfe08e8c0191a7818,602cbafd78d3fda29f330615,,417.8450190640407,562.4235392581944,2021-04-12,2021-04-10
95919,604cf485c4e5fa0b7f7800168,samsung mobile is awesome,5fdf6bbcfe08e8c0191a7818,602cbafd78d3fda29f330615,,417.8450190640407,562.4235392581944,2021-04-12,2021-04-10
95920,604cf485c4e5fa0b7f7800168,samsung mobile is awesome,5fdf6bbcfe08e8c0191a7818,602cbafd78d3fda29f330615,,417.8450190640407,562.4235392581944,2021-04-12,2021-04-10
95921,604cf485c4e5fa0b7f7800168,samsung mobile is awesome,5fdf6bbcfe08e8c0191a7818,602cbafd78d3fda29f330615,,417.8450190640407,562.4235392581944,2021-04-12,2021-04-10
95922,604cf485c4e5fa0b7f7800168,samsung mobile is awesome,5fdf6bbcfe08e8c0191a7818,602cbafd78d3fda29f330615,,417.8450190640407,562.4235392581944,2021-04-12,2021-04-10
95923,604cf485c4e5fa0b7f7800168,samsung mobile is awesome,5fdf6bbcfe08e8c0191a7818,602cbafd78d3fda29f330615,,417.8450190640407,562.4235392581944,2021-04-12,2021-04-10
95924,604cf485c4e5fa0b7f7800168,samsung mobile is awesome,5fdf6bbcfe08e8c0191a7818,602cbafd78d3fda29f330615,,417.8450190640407,562.4235392581944,2021-04-12,2021-04-10
95925,604cf485c4e5fa0b7f7800168,samsung mobile is awesome,5fdf6bbcfe08e8c0191a7818,602cbafd78d3fda29f330615,,417.8450190640407,562.4235392581944,2021-04-12,2021-04-10
95926,604cf485c4e5fa0b7f7800168,samsung mobile is awesome,5fdf6bbcfe08e8c0191a7818,602cbafd78d3fda29f330615,,417.8450190640407,562.4235392581944,2021-04-12,2021-04-10
95927,604cf485c4e5fa0b7f7800168,samsung mobile is awesome,5fdf6bbcfe08e8c0191a7818,602cbafd78d3fda29f330615,,417.8450190640407,562.4235392581944,2021-04-12,2021-04-10
95928,604cf485c4e5fa0b7f7800168,samsung mobile is awesome,5fdf6bbcfe08e8c0191a7818,602cbafd78d3fda29f330615,,417.8450190640407,562.4235392581944,2021-04-12,2021-04-10
95929,604cf485c4e5fa0b7f7800168,samsung mobile is awesome,5fdf6bbcfe08e8c0191a7818,602cbafd78d3fda29f330615,,417.8450190640407,562.4235392581944,2021-04-12,2021-04-10
95930,604cf485c4e5fa0b7f7800168,samsung mobile is awesome,5fdf6bbcfe08e8c0191a7818,602cbafd78d3fda29f330615,,417.8450190640407,562.4235392581944,2021-04-12,2021-04-10
95931,604cf485c4e5fa0b7f7800168,samsung mobile is awesome,5fdf6bbcfe08e8c0191a7818,602cbafd78d3fda29f330615,,417.8450190640407,562.4235392581944,2021-04-12,2021-04-10
95932,604cf485c4e5fa0b7f7800168,samsung mobile is awesome,5fdf6bbcfe08e8c0191a7818,602cbafd78d3fda29f330615,,417.8450190640407,562.4235392581944,2021-04-12,2021-04-10
95933,604cf485c4e5fa0b7f7800168,samsung mobile is awesome,5fdf6bbcfe08e8c0191a7818,602cbafd78d3fda29f330615,,417.8450190640407,562.4235392581944,2021-04-12,2021-04-10
95934,604cf485c4e5fa0b7f7800168,samsung mobile is awesome,5fdf6bbcfe08e8c0191a7818,602cbafd78d3fda29f330615,,417.8450190640407,562.4235392581944,2021-04-12,2021-04-10
95935,604cf485c4e5fa0b7f7800168,samsung mobile is awesome,5fdf6bbcfe08e8c0191a7818,602cbafd78d3fda29f330615,,417.8450190640407,562.4235392581944,2021-04-12,2021-04-10
95936,604cf485c4e5fa0b7f7800168,samsung mobile is awesome,5fdf6bbcfe08e8c0191a7818,602cbafd78d3fda29f330615,,417.8450190640407,562.4235392581944,2021-04-12,2021-04-10
95937,604cf485c4e5fa0b7f7800168,samsung mobile is awesome,5fdf6bbcfe08e8c0191a7818,602cbafd78d3fda29f330615,,417.8450190640407,562.4235392581944,2021-04-12,2021-04-10
95938,604cf485c4e5fa0b7f7800168,samsung mobile is awesome,5fdf6bbcfe08e8c0191a7818,602cbafd78d3fda29f330615,,417.8450190640407,562.4235392581944,2021-04-12,2021-04-10
95939,604cf485c4e5fa0b7f7800168,samsung mobile is awesome,5fdf6bbcfe08e8c0191a7818,602cbafd78d3fda29f330615,,417.8450190640407,562.4235392581944,2021-04-12,2021-04-10
95940,604cf485c4e5fa0b7f7800168,samsung mobile is awesome,5fdf6bbcfe08e8c0191a7818,602cbafd78d3fda29f330615,,417.8450190640407,562.4235392581944,2021-04-12,2021-04-10
95941,604cf485c4e5fa0b7f7800168,samsung mobile is awesome,5fdf6bbcfe08e8c0191a7818,602cbafd78d3fda29f330615,,417.8450190640407,562.4235392581944,2021-04-12,2021-04-10
95942,604cf485c4e5fa0b7f7800168,samsung mobile is awesome,5fdf6bbcfe08e8c0191a7818,602cbafd78d3fda29f330615,,417.8450190640407,562.4235392581944,2021-04-12,2021-04-10
95943,604cf485c4e5fa0b7f7800168,samsung mobile is awesome,5fdf6bbcfe08e8c0191a7818,602cbafd78d3fda29f330615,,417.8450190640407,562.4235392581944,2021-04-12,2021-04-10
95944,604cf485c4e5fa0b7f7800168,samsung mobile is awesome,5fdf6bbcfe08e8c0191a7818,602cbafd78d3fda29f330615,,417.8450190640407,562.4235392581944,2021-04-12,2021-04-10
95945,604cf485c4e5fa0b7f7800168,samsung mobile is awesome,5fdf6bbcfe08e8c0191a7818,602cbafd78d3fda29f330615,,417.8450190640407,562.4235392581944,2021-04-12,2021-04-10
95946,604cf485c4e5fa0b7f7800168,samsung mobile is awesome,5fdf6bbcfe08e8c0191a7818,602cbafd78d3fda29f330615,,417.8450190640407,562.4235392581944,2021-04-12,2021-04-10
95947,604cf485c4e5fa0b7f7800168,samsung mobile is awesome,5fdf6bbcfe08e8c0191a7818,602cbafd78d3fda29f330615,,417.8450190640407,562.4235392581944,2021-04-12,2021-04-10
95948,604cf485c4e5fa0b7f7800168,samsung mobile is awesome,5fdf6bbcfe08e8c0191a7818,602cbafd78d3fda29f330615,,417.8450190640407,562.4235392581944,2021-04-12,2021-04-10
95949,604cf485c4e5fa0b7f7800168,samsung mobile is awesome,5fdf6bbcfe08e8c0191a7818,602cbafd78d3fda29f330615,,417.8450190640407,562.4235392581944,2021-04-12,2021-04-10
95950,604cf485c4e5fa0b7f7800168,samsung mobile is awesome,5fdf6bbcfe08e8c0191a7818,602cbafd78d3fda29f330615,,417.8450190640407,562.4235392581944,2021-04-12,2021-04-10
95951,604cf485c4e5fa0b7f7800168,samsung mobile is awesome,5fdf6bbcfe08e8c0191a7818,602cbafd78d3fda29f330615,,417.8450190640407,562.4235392581944,2021-04-12,2021-04-10
95952,604cf485c4e5fa0b7f7800168,samsung mobile is awesome,5fdf6bbcfe08e8c0191a7818,602cbafd78d3fda29f330615,,417.8450190640407,562.4235392581944,2021-04-12,2021-04-10
95953,604cf485c4e5fa0b7f7800168,samsung mobile is awesome,5fdf6bbcfe08e8c0191a7818,602cbafd78d3fda29f330615,,417.8450190640407,562.4235392581944,2021-04-12,2021-04-10
95954,604cf485c4e5fa0b7f7800168,samsung mobile is awesome,5fdf6bbcfe08e8c0191a7818,602cbafd78d3fda29f330615,,417.8450190640407,562.4235392581944,2021-04-12,2021-04-10
95955,604cf485c4e5fa0b7f7800168,samsung mobile is awesome,5fdf6bbcfe08e8c0191a7818,602cbafd78d3fda29f330615,,417.8450190640407,562.4235392581944,2021-04-12,2021-04-10
95956,604cf485c4e5fa0b7f7800168,samsung mobile is awesome,5fdf6bbcfe08e8c0191a7818,602cbafd78d3fda29f330615,,417.8450190640407,562.4235392581944,2021-04-12,2021-04-10
95957,604cf485c4e5fa0b7f7800168,samsung mobile is awesome,5fdf6bbcfe08e8c0191a7818,602cbafd78d3fda29f330615,,417.8450190640407,562.4235392581944,2021-04-12,2021-04-10
95958,604cf485c4e5fa0b7f7800168,samsung mobile is awesome,5fdf6bbcfe08e8c0191a7818,602cbafd78d3fda29f330615,,417.8450190640407,562.4235392581944,2021-04-12,2021-04-10
95959,604cf485c4e5fa0b7f7800168,samsung mobile is awesome,5fdf6bbcfe08e8c0191a7818,602cbafd78d3fda29f330615,,417.8450190640407,562.4235392581944,2021-04-12,2021-04-10
95960,604cf485c4e5fa0b7f7800168,samsung mobile is awesome,5fdf6bbcfe08e8c0191a7818,602cbafd78d3fda29f330615,,417.8450190640407,562.4235392581944,2021-04-12,2021-04-10
95961,604cf485c4e5fa0b7f7800168,samsung mobile is awesome,5fdf6bbcfe08e8c0191a7818,602cbafd78d3fda29f330615,,417.8450190640407,562.4235392581944,2021-04-12,2021-04-10
95962,604cf485c4e5fa0b7f7800168,samsung mobile is awesome,5fdf6bbcfe08e8c0191a7818,602cbafd78d3fda29f330615,,417.8450190640407,562.4235392581944,2021-04-12,2021-04-10
95963,604cf485c4e5fa0b7f7800168,samsung mobile is awesome,5fdf6bbcfe08e8c0191a7818,602cbafd78d3fda29f330615,,417.8450190640407,562.4235392581944,2021-04-12,2021-04-10
95964,604cf485c4e5fa0b7f7800168,samsung mobile is awesome,5fdf6bbcfe08e8c0191a7818,602cbafd78d3fda29f330615,,417.8450190640407,562.4235392581944,2021-04-12,2021-04-10
95965,604cf485c4e5fa0b7f7800168,samsung mobile is awesome,5fdf6bbcfe08e8c0191a7818,602cbafd78d3fda29f330615,,417.8450190640407,562.4235392581944,2021-04-12,2021-04-10
95966,604cf485c4e5fa0b7f7800168,samsung mobile is awesome,5fdf6bbcfe08e8c0191a7818,602cbafd78d3fda29f330615,,417.8450190640407,562.4235392581944,2021-04-12,2021-04-10
95967,604cf485c4e5fa0b7f7800168,samsung mobile is awesome,5fdf6bbcfe08e8c0191a7818,602cbafd78d3fda29f330615,,417.8450190640407,562.4235392581944,2021-04-12,2021-04-10
95968,604cf485c4e5fa0b7f7800168,samsung mobile is awesome,5fdf6bbcfe08e8c0191a7818,602cbafd78d3fda29f330615,,417.8450190640407,562.4235392581944,2021-04-12,2021-04-10
95969,604cf485c4e5fa0b7f7800168,samsung mobile is awesome,5fdf6bbcfe08e8c0191a7818,602cbafd78d3fda29f330615,,417.8450190640407,562.4235392581944,2021-04-12,2021-04-10
95970,604cf485c4e5fa0b7f7800168,samsung mobile is awesome,5fdf6bbcfe08e8c0191a7818,602cbafd78d3fda29f330615,,417.8450190640407,562.4235392581944,2021-04-12,2021-04-10
95971,604cf485c4e5fa0b7f7800168,samsung mobile is awesome,5fdf6bbcfe08e8c0191a7818,602cbafd78d3fda29f330615,,417.8450190640407,562.4235392581944,2021-04-12,2021-04-10
95972,604cf485c4e5fa0b7f7800168,samsung mobile is awesome,5fdf6bbcfe08e8c0191a7818,602cbafd78d3fda29f330615,,417.8450190640407,562.4235392581944,2021-04-12,2021-04-10
95973,604cf485c4e5fa0b7f7800168,samsung mobile is awesome,5fdf6bbcfe08e8c0191a7818,602cbafd78d3fda29f330615,,417.8450190640407,562.4235392581944,2021-04-12,2021-04-10
95974,604cf485c4e5fa0b7f7800168,samsung mobile is awesome,5fdf6bbcfe08e8c0191a7818,602cbafd78d3fda29f330615,,417.8450190640407,562.4235392581944,2021-04-12,2021-04-10
