resourceId,5fdf6bbcfe08e8c0191a7805
604cf485c4e5fa0b7f7799386,109
604cf485c4e5fa0b7f7799387,102
604cf485c4e5fa0b7f7799388,103
604cf485c4e5fa0b7f7799389,118
604cf485c4e5fa0b7f7799390,107
604cf485c4e5fa0b7f7799391,123
604cf485c4e5fa0b7f7799392,91
604cf485c4e5fa0b7f7799393,123
604cf485c4e5fa0b7f7799394,123
604cf485c4e5fa0b7f7799395,120
604cf485c4e5fa0b7f7799396,110
604cf485c4e5fa0b7f7799397,100
604cf485c4e5fa0b7f7799398,108
604cf485c4e5fa0b7f7799399,114
604cf485c4e5fa0b7f7799400,92
604cf485c4e5fa0b7f7799401,121
604cf485c4e5fa0b7f7799402,109
604cf485c4e5fa0b7f7799403,91
604cf485c4e5fa0b7f7799404,131
604cf485c4e5fa0b7f7799405,128
604cf485c4e5fa0b7f7799406,120
604cf485c4e5fa0b7f7799407,131
604cf485c4e5fa0b7f7799408,110
604cf485c4e5fa0b7f7799409,117
604cf485c4e5fa0b7f7799410,119
604cf485c4e5fa0b7f7799411,104
604cf485c4e5fa0b7f7799412,105
604cf485c4e5fa0b7f7799413,121
604cf485c4e5fa0b7f7799414,121
604cf485c4e5fa0b7f7799415,118
604cf485c4e5fa0b7f7799416,110
604cf485c4e5fa0b7f7799417,124
604cf485c4e5fa0b7f7799418,97
604cf485c4e5fa0b7f7799419,108
604cf485c4e5fa0b7f7799420,110
604cf485c4e5fa0b7f7799421,118
604cf485c4e5fa0b7f7799422,122
604cf485c4e5fa0b7f7799423,109
604cf485c4e5fa0b7f7799424,104
604cf485c4e5fa0b7f7799425,96
604cf485c4e5fa0b7f7799426,100
604cf485c4e5fa0b7f7799427,117
604cf485c4e5fa0b7f7799428,111
604cf485c4e5fa0b7f7799429,116
604cf485c4e5fa0b7f7799430,121
604cf485c4e5fa0b7f7799431,108
604cf485c4e5fa0b7f7799432,128
604cf485c4e5fa0b7f7799433,98
604cf485c4e5fa0b7f7799434,138
604cf485c4e5fa0b7f7799435,94
604cf485c4e5fa0b7f7799436,99
604cf485c4e5fa0b7f7799437,101
604cf485c4e5fa0b7f7799438,112
604cf485c4e5fa0b7f7799439,100
604cf485c4e5fa0b7f7799440,107
604cf485c4e5fa0b7f7799441,123
604cf485c4e5fa0b7f7799442,135
604cf485c4e5fa0b7f7799443,109
604cf485c4e5fa0b7f7799444,109
604cf485c4e5fa0b7f7799445,130
604cf485c4e5fa0b7f7799446,96
604cf485c4e5fa0b7f7799447,108
604cf485c4e5fa0b7f7799448,120
604cf485c4e5fa0b7f7799449,102
604cf485c4e5fa0b7f7799450,123
604cf485c4e5fa0b7f7799451,97
604cf485c4e5fa0b7f7799452,125
604cf485c4e5fa0b7f7799453,99
604cf485c4e5fa0b7f7799454,110
604cf485c4e5fa0b7f7799455,100
604cf485c4e5fa0b7f7799456,109
604cf485c4e5fa0b7f7799457,109
604cf485c4e5fa0b7f7799458,112
604cf485c4e5fa0b7f7799459,102
604cf485c4e5fa0b7f7799460,116
604cf485c4e5fa0b7f7799461,142
604cf485c4e5fa0b7f7799462,90
604cf485c4e5fa0b7f7799463,112
604cf485c4e5fa0b7f7799464,114
604cf485c4e5fa0b7f7799465,124
604cf485c4e5fa0b7f7799466,101
604cf485c4e5fa0b7f7799467,146
604cf485c4e5fa0b7f7799468,106
604cf485c4e5fa0b7f7799469,108
604cf485c4e5fa0b7f7799470,97
604cf485c4e5fa0b7f7799471,106
604cf485c4e5fa0b7f7799472,91
604cf485c4e5fa0b7f7799473,111
604cf485c4e5fa0b7f7799474,106
604cf485c4e5fa0b7f7799475,111
604cf485c4e5fa0b7f7799476,94
604cf485c4e5fa0b7f7799477,115
604cf485c4e5fa0b7f7799478,117
604cf485c4e5fa0b7f7799479,101
604cf485c4e5fa0b7f7799480,102
604cf485c4e5fa0b7f7799481,124
604cf485c4e5fa0b7f7799482,116
604cf485c4e5fa0b7f7799483,111
604cf485c4e5fa0b7f7799484,113
604cf485c4e5fa0b7f7799485,123
604cf485c4e5fa0b7f7799486,112
604cf485c4e5fa0b7f7799487,104
604cf485c4e5fa0b7f7799488,102
604cf485c4e5fa0b7f7799489,108
604cf485c4e5fa0b7f7799490,96
604cf485c4e5fa0b7f7799491,107
604cf485c4e5fa0b7f7799492,103
604cf485c4e5fa0b7f7799493,102
604cf485c4e5fa0b7f7799494,119
604cf485c4e5fa0b7f7799495,115
604cf485c4e5fa0b7f7799496,132
604cf485c4e5fa0b7f7799497,99
604cf485c4e5fa0b7f7799498,94
604cf485c4e5fa0b7f7799499,116
604cf485c4e5fa0b7f7799500,104
604cf485c4e5fa0b7f7799501,114
604cf485c4e5fa0b7f7799502,139
604cf485c4e5fa0b7f7799503,105
604cf485c4e5fa0b7f7799504,96
604cf485c4e5fa0b7f7799505,87
604cf485c4e5fa0b7f7799506,85
604cf485c4e5fa0b7f7799507,109
604cf485c4e5fa0b7f7799508,121
604cf485c4e5fa0b7f7799509,126
604cf485c4e5fa0b7f7799510,114
604cf485c4e5fa0b7f7799511,110
604cf485c4e5fa0b7f7799512,89
604cf485c4e5fa0b7f7799513,116
604cf485c4e5fa0b7f7799514,97
604cf485c4e5fa0b7f7799515,120
604cf485c4e5fa0b7f7799516,116
604cf485c4e5fa0b7f7799517,111
604cf485c4e5fa0b7f7799518,91
604cf485c4e5fa0b7f7799519,106
604cf485c4e5fa0b7f7799520,110
604cf485c4e5fa0b7f7799521,123
604cf485c4e5fa0b7f7799522,121
604cf485c4e5fa0b7f7799523,118
604cf485c4e5fa0b7f7799524,119
604cf485c4e5fa0b7f7799525,113
604cf485c4e5fa0b7f7799526,108
604cf485c4e5fa0b7f7799527,115
604cf485c4e5fa0b7f7799528,128
604cf485c4e5fa0b7f7799529,116
604cf485c4e5fa0b7f7799530,104
604cf485c4e5fa0b7f7799531,102
604cf485c4e5fa0b7f7799532,106
604cf485c4e5fa0b7f7799533,120
604cf485c4e5fa0b7f7799534,124
604cf485c4e5fa0b7f7799535,107
604cf485c4e5fa0b7f7799536,107
604cf485c4e5fa0b7f7799537,103
604cf485c4e5fa0b7f7799538,93
604cf485c4e5fa0b7f7799539,102
604cf485c4e5fa0b7f7799540,113
604cf485c4e5fa0b7f7799541,124
604cf485c4e5fa0b7f7799542,106
604cf485c4e5fa0b7f7799543,112
604cf485c4e5fa0b7f7799544,109
604cf485c4e5fa0b7f7799545,114
604cf485c4e5fa0b7f7799546,130
604cf485c4e5fa0b7f7799547,116
604cf485c4e5fa0b7f7799548,105
604cf485c4e5fa0b7f7799549,116
604cf485c4e5fa0b7f7799550,103
604cf485c4e5fa0b7f7799551,99
604cf485c4e5fa0b7f7799552,109
604cf485c4e5fa0b7f7799553,109
604cf485c4e5fa0b7f7799554,131
604cf485c4e5fa0b7f7799555,133
604cf485c4e5fa0b7f7799556,114
604cf485c4e5fa0b7f7799557,103
604cf485c4e5fa0b7f7799558,103
604cf485c4e5fa0b7f7799559,121
604cf485c4e5fa0b7f7799560,130
604cf485c4e5fa0b7f7799561,116
604cf485c4e5fa0b7f7799562,102
604cf485c4e5fa0b7f7799563,113
604cf485c4e5fa0b7f7799564,124
604cf485c4e5fa0b7f7799565,138
604cf485c4e5fa0b7f7799566,127
604cf485c4e5fa0b7f7799567,117
604cf485c4e5fa0b7f7799568,109
604cf485c4e5fa0b7f7799569,120
604cf485c4e5fa0b7f7799570,102
604cf485c4e5fa0b7f7799571,111
604cf485c4e5fa0b7f7799572,92
604cf485c4e5fa0b7f7799573,111
604cf485c4e5fa0b7f7799574,115
604cf485c4e5fa0b7f7799575,116
604cf485c4e5fa0b7f7799576,113
604cf485c4e5fa0b7f7799577,116
604cf485c4e5fa0b7f7799578,96
604cf485c4e5fa0b7f7799579,115
604cf485c4e5fa0b7f7799580,107
604cf485c4e5fa0b7f7799581,121
604cf485c4e5fa0b7f7799582,114
604cf485c4e5fa0b7f7799583,114
604cf485c4e5fa0b7f7799584,109
604cf485c4e5fa0b7f7799585,123
604cf485c4e5fa0b7f7799586,115
604cf485c4e5fa0b7f7799587,112
604cf485c4e5fa0b7f7799588,128
604cf485c4e5fa0b7f7799589,112
604cf485c4e5fa0b7f7799590,92
604cf485c4e5fa0b7f7799591,122
604cf485c4e5fa0b7f7799592,85
604cf485c4e5fa0b7f7799593,95
604cf485c4e5fa0b7f7799594,129
604cf485c4e5fa0b7f7799595,109
604cf485c4e5fa0b7f7799596,99
604cf485c4e5fa0b7f7799597,94
604cf485c4e5fa0b7f7799598,118
604cf485c4e5fa0b7f7799599,118
604cf485c4e5fa0b7f7799600,100
604cf485c4e5fa0b7f7799601,114
604cf485c4e5fa0b7f7799602,110
604cf485c4e5fa0b7f7799603,117
604cf485c4e5fa0b7f7799604,132
604cf485c4e5fa0b7f7799605,107
604cf485c4e5fa0b7f7799606,119
604cf485c4e5fa0b7f7799607,110
604cf485c4e5fa0b7f7799608,106
604cf485c4e5fa0b7f7799609,103
604cf485c4e5fa0b7f7799610,110
604cf485c4e5fa0b7f7799611,119
604cf485c4e5fa0b7f7799612,95
604cf485c4e5fa0b7f7799613,114
604cf485c4e5fa0b7f7799614,120
604cf485c4e5fa0b7f7799615,113
604cf485c4e5fa0b7f7799616,109
604cf485c4e5fa0b7f7799617,114
604cf485c4e5fa0b7f7799618,113
604cf485c4e5fa0b7f7799619,98
604cf485c4e5fa0b7f7799620,122
604cf485c4e5fa0b7f7799621,122
604cf485c4e5fa0b7f7799622,118
604cf485c4e5fa0b7f7799623,132
604cf485c4e5fa0b7f7799624,111
604cf485c4e5fa0b7f7799625,107
604cf485c4e5fa0b7f7799626,117
604cf485c4e5fa0b7f7799627,126
604cf485c4e5fa0b7f7799628,112
604cf485c4e5fa0b7f7799629,118
604cf485c4e5fa0b7f7799630,96
604cf485c4e5fa0b7f7799631,107
604cf485c4e5fa0b7f7799632,107
604cf485c4e5fa0b7f7799633,118
604cf485c4e5fa0b7f7799634,110
604cf485c4e5fa0b7f7799635,106
604cf485c4e5fa0b7f7799636,99
604cf485c4e5fa0b7f7799637,96
604cf485c4e5fa0b7f7799638,99
604cf485c4e5fa0b7f7799639,125
604cf485c4e5fa0b7f7799640,103
604cf485c4e5fa0b7f7799641,94
604cf485c4e5fa0b7f7799642,109
604cf485c4e5fa0b7f7799643,103
604cf485c4e5fa0b7f7799644,100
604cf485c4e5fa0b7f7799645,91
604cf485c4e5fa0b7f7799646,101
604cf485c4e5fa0b7f7799647,113
604cf485c4e5fa0b7f7799648,115
604cf485c4e5fa0b7f7799649,103
604cf485c4e5fa0b7f7799650,109
604cf485c4e5fa0b7f7799651,107
604cf485c4e5fa0b7f7799652,98
604cf485c4e5fa0b7f7799653,105
604cf485c4e5fa0b7f7799654,119
604cf485c4e5fa0b7f7799655,106
604cf485c4e5fa0b7f7799656,132
604cf485c4e5fa0b7f7799657,119
604cf485c4e5fa0b7f7799658,95
604cf485c4e5fa0b7f7799659,116
604cf485c4e5fa0b7f7799660,125
604cf485c4e5fa0b7f7799661,110
604cf485c4e5fa0b7f7799662,104
604cf485c4e5fa0b7f7799663,118
604cf485c4e5fa0b7f7799664,131
604cf485c4e5fa0b7f7799665,112
604cf485c4e5fa0b7f7799666,93
604cf485c4e5fa0b7f7799667,118
604cf485c4e5fa0b7f7799668,113
604cf485c4e5fa0b7f7799669,116
604cf485c4e5fa0b7f7799670,131
604cf485c4e5fa0b7f7799671,108
604cf485c4e5fa0b7f7799672,103
604cf485c4e5fa0b7f7799673,110
604cf485c4e5fa0b7f7799674,109
604cf485c4e5fa0b7f7799675,110
604cf485c4e5fa0b7f7799676,123
604cf485c4e5fa0b7f7799677,111
604cf485c4e5fa0b7f7799678,128
604cf485c4e5fa0b7f7799679,129
604cf485c4e5fa0b7f7799680,107
604cf485c4e5fa0b7f7799681,127
604cf485c4e5fa0b7f7799682,131
604cf485c4e5fa0b7f7799683,123
604cf485c4e5fa0b7f7799684,123
604cf485c4e5fa0b7f7799685,74
604cf485c4e5fa0b7f7799686,133
604cf485c4e5fa0b7f7799687,132
604cf485c4e5fa0b7f7799688,117
604cf485c4e5fa0b7f7799689,106
604cf485c4e5fa0b7f7799690,136
604cf485c4e5fa0b7f7799691,109
604cf485c4e5fa0b7f7799692,123
604cf485c4e5fa0b7f7799693,117
604cf485c4e5fa0b7f7799694,94
604cf485c4e5fa0b7f7799695,95
604cf485c4e5fa0b7f7799696,82
604cf485c4e5fa0b7f7799697,113
604cf485c4e5fa0b7f7799698,104
604cf485c4e5fa0b7f7799699,94
604cf485c4e5fa0b7f7799700,110
604cf485c4e5fa0b7f7799701,123
604cf485c4e5fa0b7f7799702,100
604cf485c4e5fa0b7f7799703,111
604cf485c4e5fa0b7f7799704,89
604cf485c4e5fa0b7f7799705,113
604cf485c4e5fa0b7f7799706,131
604cf485c4e5fa0b7f7799707,116
604cf485c4e5fa0b7f7799708,99
604cf485c4e5fa0b7f7799709,88
604cf485c4e5fa0b7f7799710,117
604cf485c4e5fa0b7f7799711,102
604cf485c4e5fa0b7f7799712,91
604cf485c4e5fa0b7f7799713,101
604cf485c4e5fa0b7f7799714,119
604cf485c4e5fa0b7f7799715,132
604cf485c4e5fa0b7f7799716,118
604cf485c4e5fa0b7f7799717,115
604cf485c4e5fa0b7f7799718,114
604cf485c4e5fa0b7f7799719,116
604cf485c4e5fa0b7f7799720,95
604cf485c4e5fa0b7f7799721,103
604cf485c4e5fa0b7f7799722,95
604cf485c4e5fa0b7f7799723,104
604cf485c4e5fa0b7f7799724,133
604cf485c4e5fa0b7f7799725,117
604cf485c4e5fa0b7f7799726,128
604cf485c4e5fa0b7f7799727,125
604cf485c4e5fa0b7f7799728,98
604cf485c4e5fa0b7f7799729,96
604cf485c4e5fa0b7f7799730,108
604cf485c4e5fa0b7f7799731,104
604cf485c4e5fa0b7f7799732,96
604cf485c4e5fa0b7f7799733,104
604cf485c4e5fa0b7f7799734,104
604cf485c4e5fa0b7f7799735,118
604cf485c4e5fa0b7f7799736,125
604cf485c4e5fa0b7f7799737,104
604cf485c4e5fa0b7f7799738,132
604cf485c4e5fa0b7f7799739,98
604cf485c4e5fa0b7f7799740,116
604cf485c4e5fa0b7f7799741,115
604cf485c4e5fa0b7f7799742,128
604cf485c4e5fa0b7f7799743,105
604cf485c4e5fa0b7f7799744,88
604cf485c4e5fa0b7f7799745,101
604cf485c4e5fa0b7f7799746,101
604cf485c4e5fa0b7f7799747,113
604cf485c4e5fa0b7f7799748,110
604cf485c4e5fa0b7f7799749,97
604cf485c4e5fa0b7f7799750,98
604cf485c4e5fa0b7f7799751,102
604cf485c4e5fa0b7f7799752,121
604cf485c4e5fa0b7f7799753,117
604cf485c4e5fa0b7f7799754,105
604cf485c4e5fa0b7f7799755,104
604cf485c4e5fa0b7f7799756,123
604cf485c4e5fa0b7f7799757,115
604cf485c4e5fa0b7f7799758,111
604cf485c4e5fa0b7f7799759,95
604cf485c4e5fa0b7f7799760,110
604cf485c4e5fa0b7f7799761,106
604cf485c4e5fa0b7f7799762,100
604cf485c4e5fa0b7f7799763,110
604cf485c4e5fa0b7f7799764,131
604cf485c4e5fa0b7f7799765,108
604cf485c4e5fa0b7f7799766,123
604cf485c4e5fa0b7f7799767,97
604cf485c4e5fa0b7f7799768,112
604cf485c4e5fa0b7f7799769,89
604cf485c4e5fa0b7f7799770,105
604cf485c4e5fa0b7f7799771,122
604cf485c4e5fa0b7f7799772,130
604cf485c4e5fa0b7f7799773,121
604cf485c4e5fa0b7f7799774,115
604cf485c4e5fa0b7f7799775,112
604cf485c4e5fa0b7f7799776,113
604cf485c4e5fa0b7f7799777,124
604cf485c4e5fa0b7f7799778,110
604cf485c4e5fa0b7f7799779,118
604cf485c4e5fa0b7f7799780,104
604cf485c4e5fa0b7f7799781,107
604cf485c4e5fa0b7f7799782,121
604cf485c4e5fa0b7f7799783,114
604cf485c4e5fa0b7f7799784,130
604cf485c4e5fa0b7f7799785,99
604cf485c4e5fa0b7f7799786,108
604cf485c4e5fa0b7f7799787,109
604cf485c4e5fa0b7f7799788,126
604cf485c4e5fa0b7f7799789,111
604cf485c4e5fa0b7f7799790,109
604cf485c4e5fa0b7f7799791,99
604cf485c4e5fa0b7f7799792,114
604cf485c4e5fa0b7f7799793,116
604cf485c4e5fa0b7f7799794,104
604cf485c4e5fa0b7f7799795,114
604cf485c4e5fa0b7f7799796,98
604cf485c4e5fa0b7f7799797,117
604cf485c4e5fa0b7f7799798,101
604cf485c4e5fa0b7f7799799,103
604cf485c4e5fa0b7f7799800,123
604cf485c4e5fa0b7f7799801,124
604cf485c4e5fa0b7f7799802,106
604cf485c4e5fa0b7f7799803,107
604cf485c4e5fa0b7f7799804,127
604cf485c4e5fa0b7f7799805,118
604cf485c4e5fa0b7f7799806,118
604cf485c4e5fa0b7f7799807,106
604cf485c4e5fa0b7f7799808,118
604cf485c4e5fa0b7f7799809,109
604cf485c4e5fa0b7f7799810,100
604cf485c4e5fa0b7f7799811,104
604cf485c4e5fa0b7f7799812,111
604cf485c4e5fa0b7f7799813,116
604cf485c4e5fa0b7f7799814,101
604cf485c4e5fa0b7f7799815,118
604cf485c4e5fa0b7f7799816,103
604cf485c4e5fa0b7f7799817,127
604cf485c4e5fa0b7f7799818,127
604cf485c4e5fa0b7f7799819,106
604cf485c4e5fa0b7f7799820,101
604cf485c4e5fa0b7f7799821,113
604cf485c4e5fa0b7f7799822,105
604cf485c4e5fa0b7f7799823,110
604cf485c4e5fa0b7f7799824,102
604cf485c4e5fa0b7f7799825,113
604cf485c4e5fa0b7f7799826,115
604cf485c4e5fa0b7f7799827,97
604cf485c4e5fa0b7f7799828,102
604cf485c4e5fa0b7f7799829,111
604cf485c4e5fa0b7f7799830,99
604cf485c4e5fa0b7f7799831,121
604cf485c4e5fa0b7f7799832,104
604cf485c4e5fa0b7f7799833,115
604cf485c4e5fa0b7f7799834,107
604cf485c4e5fa0b7f7799835,131
604cf485c4e5fa0b7f7799836,109
604cf485c4e5fa0b7f7799837,111
604cf485c4e5fa0b7f7799838,130
604cf485c4e5fa0b7f7799839,98
604cf485c4e5fa0b7f7799840,111
604cf485c4e5fa0b7f7799841,101
604cf485c4e5fa0b7f7799842,116
604cf485c4e5fa0b7f7799843,101
604cf485c4e5fa0b7f7799844,132
604cf485c4e5fa0b7f7799845,106
604cf485c4e5fa0b7f7799846,140
604cf485c4e5fa0b7f7799847,109
604cf485c4e5fa0b7f7799848,103
604cf485c4e5fa0b7f7799849,91
604cf485c4e5fa0b7f7799850,97
604cf485c4e5fa0b7f7799851,139
604cf485c4e5fa0b7f7799852,113
604cf485c4e5fa0b7f7799853,116
604cf485c4e5fa0b7f7799854,88
604cf485c4e5fa0b7f7799855,111
604cf485c4e5fa0b7f7799856,125
604cf485c4e5fa0b7f7799857,108
604cf485c4e5fa0b7f7799858,112
604cf485c4e5fa0b7f7799859,110
604cf485c4e5fa0b7f7799860,112
604cf485c4e5fa0b7f7799861,119
604cf485c4e5fa0b7f7799862,110
604cf485c4e5fa0b7f7799863,129
604cf485c4e5fa0b7f7799864,98
604cf485c4e5fa0b7f7799865,94
604cf485c4e5fa0b7f7799866,116
604cf485c4e5fa0b7f7799867,99
604cf485c4e5fa0b7f7799868,97
604cf485c4e5fa0b7f7799869,113
604cf485c4e5fa0b7f7799870,106
604cf485c4e5fa0b7f7799871,106
604cf485c4e5fa0b7f7799872,92
604cf485c4e5fa0b7f7799873,104
604cf485c4e5fa0b7f7799874,119
604cf485c4e5fa0b7f7799875,107
604cf485c4e5fa0b7f7799876,120
604cf485c4e5fa0b7f7799877,114
604cf485c4e5fa0b7f7799878,130
604cf485c4e5fa0b7f7799879,124
604cf485c4e5fa0b7f7799880,139
604cf485c4e5fa0b7f7799881,121
604cf485c4e5fa0b7f7799882,105
604cf485c4e5fa0b7f7799883,104
604cf485c4e5fa0b7f7799884,107
604cf485c4e5fa0b7f7799885,118
604cf485c4e5fa0b7f7799886,117
604cf485c4e5fa0b7f7799887,104
604cf485c4e5fa0b7f7799888,111
604cf485c4e5fa0b7f7799889,112
604cf485c4e5fa0b7f7799890,99
604cf485c4e5fa0b7f7799891,114
604cf485c4e5fa0b7f7799892,122
604cf485c4e5fa0b7f7799893,117
604cf485c4e5fa0b7f7799894,98
604cf485c4e5fa0b7f7799895,113
604cf485c4e5fa0b7f7799896,125
604cf485c4e5fa0b7f7799897,128
604cf485c4e5fa0b7f7799898,136
604cf485c4e5fa0b7f7799899,93
604cf485c4e5fa0b7f7799900,115
604cf485c4e5fa0b7f7799901,124
604cf485c4e5fa0b7f7799902,106
604cf485c4e5fa0b7f7799903,112
604cf485c4e5fa0b7f7799904,113
604cf485c4e5fa0b7f7799905,104
604cf485c4e5fa0b7f7799906,101
604cf485c4e5fa0b7f7799907,114
604cf485c4e5fa0b7f7799908,118
604cf485c4e5fa0b7f7799909,106
604cf485c4e5fa0b7f7799910,108
604cf485c4e5fa0b7f7799911,106
604cf485c4e5fa0b7f7799912,98
604cf485c4e5fa0b7f7799913,117
604cf485c4e5fa0b7f7799914,111
604cf485c4e5fa0b7f7799915,122
604cf485c4e5fa0b7f7799916,115
604cf485c4e5fa0b7f7799917,115
604cf485c4e5fa0b7f7799918,101
604cf485c4e5fa0b7f7799919,102
604cf485c4e5fa0b7f7799920,123
604cf485c4e5fa0b7f7799921,109
604cf485c4e5fa0b7f7799922,110
604cf485c4e5fa0b7f7799923,98
604cf485c4e5fa0b7f7799924,130
604cf485c4e5fa0b7f7799925,106
604cf485c4e5fa0b7f7799926,118
604cf485c4e5fa0b7f7799927,109
604cf485c4e5fa0b7f7799928,124
604cf485c4e5fa0b7f7799929,110
604cf485c4e5fa0b7f7799930,111
604cf485c4e5fa0b7f7799931,116
604cf485c4e5fa0b7f7799932,127
604cf485c4e5fa0b7f7799933,118
604cf485c4e5fa0b7f7799934,99
604cf485c4e5fa0b7f7799935,113
604cf485c4e5fa0b7f7799936,115
604cf485c4e5fa0b7f7799937,99
604cf485c4e5fa0b7f7799938,104
604cf485c4e5fa0b7f7799939,118
604cf485c4e5fa0b7f7799940,98
604cf485c4e5fa0b7f7799941,105
604cf485c4e5fa0b7f7799942,113
604cf485c4e5fa0b7f7799943,105
604cf485c4e5fa0b7f7799944,115
604cf485c4e5fa0b7f7799945,103
604cf485c4e5fa0b7f7799946,102
604cf485c4e5fa0b7f7799947,100
604cf485c4e5fa0b7f7799948,91
604cf485c4e5fa0b7f7799949,107
604cf485c4e5fa0b7f7799950,119
604cf485c4e5fa0b7f7799951,126
604cf485c4e5fa0b7f7799952,100
604cf485c4e5fa0b7f7799953,113
604cf485c4e5fa0b7f7799954,97
604cf485c4e5fa0b7f7799955,118
604cf485c4e5fa0b7f7799956,110
604cf485c4e5fa0b7f7799957,122
604cf485c4e5fa0b7f7799958,111
604cf485c4e5fa0b7f7799959,101
604cf485c4e5fa0b7f7799960,93
604cf485c4e5fa0b7f7799961,115
604cf485c4e5fa0b7f7799962,118
604cf485c4e5fa0b7f7799963,104
604cf485c4e5fa0b7f7799964,117
604cf485c4e5fa0b7f7799965,92
604cf485c4e5fa0b7f7799966,95
604cf485c4e5fa0b7f7799967,100
604cf485c4e5fa0b7f7799968,113
604cf485c4e5fa0b7f7799969,118
604cf485c4e5fa0b7f7799970,124
604cf485c4e5fa0b7f7799971,92
604cf485c4e5fa0b7f7799972,117
604cf485c4e5fa0b7f7799973,121
604cf485c4e5fa0b7f7799974,129
604cf485c4e5fa0b7f7799975,107
604cf485c4e5fa0b7f7799976,131
604cf485c4e5fa0b7f7799977,125
604cf485c4e5fa0b7f7799978,85
604cf485c4e5fa0b7f7799979,98
604cf485c4e5fa0b7f7799980,104
604cf485c4e5fa0b7f7799981,127
604cf485c4e5fa0b7f7799982,145
604cf485c4e5fa0b7f7799983,120
604cf485c4e5fa0b7f7799984,101
604cf485c4e5fa0b7f7799985,129
604cf485c4e5fa0b7f7799986,120
604cf485c4e5fa0b7f7799987,120
604cf485c4e5fa0b7f7799988,112
604cf485c4e5fa0b7f7799989,107
604cf485c4e5fa0b7f7799990,120
604cf485c4e5fa0b7f7799991,107
604cf485c4e5fa0b7f7799992,122
604cf485c4e5fa0b7f7799993,123
604cf485c4e5fa0b7f7799994,105
604cf485c4e5fa0b7f7799995,130
604cf485c4e5fa0b7f7799996,120
604cf485c4e5fa0b7f7799997,111
604cf485c4e5fa0b7f7799998,111
604cf485c4e5fa0b7f7799999,104
604cf485c4e5fa0b7f7800000,105
604cf485c4e5fa0b7f7800001,112
604cf485c4e5fa0b7f7800002,95
604cf485c4e5fa0b7f7800003,114
604cf485c4e5fa0b7f7800004,111
604cf485c4e5fa0b7f7800005,106
604cf485c4e5fa0b7f7800006,130
604cf485c4e5fa0b7f7800007,101
604cf485c4e5fa0b7f7800008,107
604cf485c4e5fa0b7f7800009,120
604cf485c4e5fa0b7f7800010,138
604cf485c4e5fa0b7f7800011,94
604cf485c4e5fa0b7f7800012,117
604cf485c4e5fa0b7f7800013,117
604cf485c4e5fa0b7f7800014,111
604cf485c4e5fa0b7f7800015,102
604cf485c4e5fa0b7f7800016,97
604cf485c4e5fa0b7f7800017,111
604cf485c4e5fa0b7f7800018,124
604cf485c4e5fa0b7f7800019,116
604cf485c4e5fa0b7f7800020,114
604cf485c4e5fa0b7f7800021,132
604cf485c4e5fa0b7f7800022,108
604cf485c4e5fa0b7f7800023,103
604cf485c4e5fa0b7f7800024,102
604cf485c4e5fa0b7f7800025,100
604cf485c4e5fa0b7f7800026,98
604cf485c4e5fa0b7f7800027,98
604cf485c4e5fa0b7f7800028,114
604cf485c4e5fa0b7f7800029,121
604cf485c4e5fa0b7f7800030,121
604cf485c4e5fa0b7f7800031,107
604cf485c4e5fa0b7f7800032,112
604cf485c4e5fa0b7f7800033,113
604cf485c4e5fa0b7f7800034,118
604cf485c4e5fa0b7f7800035,111
604cf485c4e5fa0b7f7800036,120
604cf485c4e5fa0b7f7800037,127
604cf485c4e5fa0b7f7800038,112
604cf485c4e5fa0b7f7800039,111
604cf485c4e5fa0b7f7800040,116
604cf485c4e5fa0b7f7800041,109
604cf485c4e5fa0b7f7800042,104
604cf485c4e5fa0b7f7800043,111
604cf485c4e5fa0b7f7800044,122
604cf485c4e5fa0b7f7800045,101
604cf485c4e5fa0b7f7800046,91
604cf485c4e5fa0b7f7800047,103
604cf485c4e5fa0b7f7800048,118
604cf485c4e5fa0b7f7800049,109
604cf485c4e5fa0b7f7800050,105
604cf485c4e5fa0b7f7800051,104
604cf485c4e5fa0b7f7800052,121
604cf485c4e5fa0b7f7800053,106
604cf485c4e5fa0b7f7800054,116
604cf485c4e5fa0b7f7800055,104
604cf485c4e5fa0b7f7800056,106
604cf485c4e5fa0b7f7800057,121
604cf485c4e5fa0b7f7800058,92
604cf485c4e5fa0b7f7800059,101
604cf485c4e5fa0b7f7800060,106
604cf485c4e5fa0b7f7800061,102
604cf485c4e5fa0b7f7800062,110
604cf485c4e5fa0b7f7800063,110
604cf485c4e5fa0b7f7800064,98
604cf485c4e5fa0b7f7800065,124
604cf485c4e5fa0b7f7800066,95
604cf485c4e5fa0b7f7800067,110
604cf485c4e5fa0b7f7800068,129
604cf485c4e5fa0b7f7800069,89
604cf485c4e5fa0b7f7800070,109
604cf485c4e5fa0b7f7800071,109
604cf485c4e5fa0b7f7800072,95
604cf485c4e5fa0b7f7800073,118
604cf485c4e5fa0b7f7800074,116
604cf485c4e5fa0b7f7800075,112
604cf485c4e5fa0b7f7800076,108
604cf485c4e5fa0b7f7800077,128
604cf485c4e5fa0b7f7800078,109
604cf485c4e5fa0b7f7800079,110
604cf485c4e5fa0b7f7800080,114
604cf485c4e5fa0b7f7800081,121
604cf485c4e5fa0b7f7800082,108
604cf485c4e5fa0b7f7800083,106
604cf485c4e5fa0b7f7800084,118
604cf485c4e5fa0b7f7800085,116
604cf485c4e5fa0b7f7800086,139
604cf485c4e5fa0b7f7800087,107
604cf485c4e5fa0b7f7800088,116
604cf485c4e5fa0b7f7800089,107
604cf485c4e5fa0b7f7800090,105
604cf485c4e5fa0b7f7800091,109
604cf485c4e5fa0b7f7800092,112
604cf485c4e5fa0b7f7800093,111
604cf485c4e5fa0b7f7800094,92
604cf485c4e5fa0b7f7800095,127
604cf485c4e5fa0b7f7800096,136
604cf485c4e5fa0b7f7800097,124
604cf485c4e5fa0b7f7800098,107
604cf485c4e5fa0b7f7800099,119
604cf485c4e5fa0b7f7800100,119
604cf485c4e5fa0b7f7800101,108
604cf485c4e5fa0b7f7800102,115
604cf485c4e5fa0b7f7800103,93
604cf485c4e5fa0b7f7800104,119
604cf485c4e5fa0b7f7800105,99
604cf485c4e5fa0b7f7800106,97
604cf485c4e5fa0b7f7800107,104
604cf485c4e5fa0b7f7800108,121
604cf485c4e5fa0b7f7800109,100
604cf485c4e5fa0b7f7800110,132
604cf485c4e5fa0b7f7800111,123
604cf485c4e5fa0b7f7800112,124
604cf485c4e5fa0b7f7800113,111
604cf485c4e5fa0b7f7800114,90
604cf485c4e5fa0b7f7800115,110
604cf485c4e5fa0b7f7800116,108
604cf485c4e5fa0b7f7800117,103
604cf485c4e5fa0b7f7800118,93
604cf485c4e5fa0b7f7800119,105
604cf485c4e5fa0b7f7800120,107
604cf485c4e5fa0b7f7800121,98
604cf485c4e5fa0b7f7800122,112
604cf485c4e5fa0b7f7800123,128
604cf485c4e5fa0b7f7800124,102
604cf485c4e5fa0b7f7800125,103
604cf485c4e5fa0b7f7800126,99
604cf485c4e5fa0b7f7800127,95
604cf485c4e5fa0b7f7800128,103
604cf485c4e5fa0b7f7800129,140
604cf485c4e5fa0b7f7800130,112
604cf485c4e5fa0b7f7800131,121
604cf485c4e5fa0b7f7800132,110
604cf485c4e5fa0b7f7800133,123
604cf485c4e5fa0b7f7800134,111
604cf485c4e5fa0b7f7800135,126
604cf485c4e5fa0b7f7800136,117
604cf485c4e5fa0b7f7800137,100
604cf485c4e5fa0b7f7800138,96
604cf485c4e5fa0b7f7800139,99
604cf485c4e5fa0b7f7800140,124
604cf485c4e5fa0b7f7800141,111
604cf485c4e5fa0b7f7800142,119
604cf485c4e5fa0b7f7800143,122
604cf485c4e5fa0b7f7800144,110
604cf485c4e5fa0b7f7800145,117
604cf485c4e5fa0b7f7800146,102
604cf485c4e5fa0b7f7800147,105
604cf485c4e5fa0b7f7800148,125
604cf485c4e5fa0b7f7800149,103
604cf485c4e5fa0b7f7800150,100
604cf485c4e5fa0b7f7800151,125
604cf485c4e5fa0b7f7800152,121
604cf485c4e5fa0b7f7800153,109
604cf485c4e5fa0b7f7800154,124
604cf485c4e5fa0b7f7800155,107
604cf485c4e5fa0b7f7800156,120
604cf485c4e5fa0b7f7800157,107
604cf485c4e5fa0b7f7800158,131
604cf485c4e5fa0b7f7800159,102
604cf485c4e5fa0b7f7800160,123
604cf485c4e5fa0b7f7800161,91
604cf485c4e5fa0b7f7800162,111
604cf485c4e5fa0b7f7800163,97
604cf485c4e5fa0b7f7800164,96
604cf485c4e5fa0b7f7800165,86
604cf485c4e5fa0b7f7800166,103
604cf485c4e5fa0b7f7800167,105
604cf485c4e5fa0b7f7800168,105
604cf485c4e5fa0b7f7800169,104
604cf485c4e5fa0b7f7800170,121
604cf485c4e5fa0b7f7800171,106
604cf485c4e5fa0b7f7800172,90
604cf485c4e5fa0b7f7800173,101
604cf485c4e5fa0b7f7800174,146
604cf485c4e5fa0b7f7800175,111
604cf485c4e5fa0b7f7800176,109
604cf485c4e5fa0b7f7800177,111
604cf485c4e5fa0b7f7800178,103
604cf485c4e5fa0b7f7800179,118
604cf485c4e5fa0b7f7800180,123
604cf485c4e5fa0b7f7800181,123
604cf485c4e5fa0b7f7800182,106
604cf485c4e5fa0b7f7800183,107
604cf485c4e5fa0b7f7800184,94
604cf485c4e5fa0b7f7800185,115
604cf485c4e5fa0b7f7800186,101
604cf485c4e5fa0b7f7800187,118
604cf485c4e5fa0b7f7800188,104
604cf485c4e5fa0b7f7800189,107
604cf485c4e5fa0b7f7800190,114
604cf485c4e5fa0b7f7800191,123
604cf485c4e5fa0b7f7800192,103
604cf485c4e5fa0b7f7800193,105
604cf485c4e5fa0b7f7800194,111
604cf485c4e5fa0b7f7800195,130
604cf485c4e5fa0b7f7800196,110
604cf485c4e5fa0b7f7800197,120
604cf485c4e5fa0b7f7800198,112
604cf485c4e5fa0b7f7800199,123
604cf485c4e5fa0b7f7800200,116
604cf485c4e5fa0b7f7800201,105
604cf485c4e5fa0b7f7800202,120
604cf485c4e5fa0b7f7800203,102
604cf485c4e5fa0b7f7800204,117
604cf485c4e5fa0b7f7800205,114
604cf485c4e5fa0b7f7800206,110
604cf485c4e5fa0b7f7800207,118
604cf485c4e5fa0b7f7800208,92
604cf485c4e5fa0b7f7800209,111
604cf485c4e5fa0b7f7800210,106
604cf485c4e5fa0b7f7800211,95
604cf485c4e5fa0b7f7800212,120
604cf485c4e5fa0b7f7800213,108
604cf485c4e5fa0b7f7800214,96
604cf485c4e5fa0b7f7800215,115
604cf485c4e5fa0b7f7800216,110
604cf485c4e5fa0b7f7800217,103
604cf485c4e5fa0b7f7800218,108
604cf485c4e5fa0b7f7800219,115
604cf485c4e5fa0b7f7800220,122
604cf485c4e5fa0b7f7800221,111
604cf485c4e5fa0b7f7800222,126
604cf485c4e5fa0b7f7800223,123
604cf485c4e5fa0b7f7800224,107
604cf485c4e5fa0b7f7800225,108
604cf485c4e5fa0b7f7800226,113
604cf485c4e5fa0b7f7800227,117
604cf485c4e5fa0b7f7800228,114
604cf485c4e5fa0b7f7800229,103
604cf485c4e5fa0b7f7800230,105
604cf485c4e5fa0b7f7800231,116
604cf485c4e5fa0b7f7800232,116
604cf485c4e5fa0b7f7800233,120
604cf485c4e5fa0b7f7800234,114
604cf485c4e5fa0b7f7800235,108
604cf485c4e5fa0b7f7800236,117
604cf485c4e5fa0b7f7800237,110
604cf485c4e5fa0b7f7800238,116
604cf485c4e5fa0b7f7800239,121
604cf485c4e5fa0b7f7800240,125
604cf485c4e5fa0b7f7800241,123
604cf485c4e5fa0b7f7800242,101
604cf485c4e5fa0b7f7800243,127
604cf485c4e5fa0b7f7800244,108
604cf485c4e5fa0b7f7800245,110
604cf485c4e5fa0b7f7800246,103
604cf485c4e5fa0b7f7800247,118
604cf485c4e5fa0b7f7800248,107
604cf485c4e5fa0b7f7800249,127
604cf485c4e5fa0b7f7800250,115
604cf485c4e5fa0b7f7800251,94
604cf485c4e5fa0b7f7800252,117
604cf485c4e5fa0b7f7800253,109
604cf485c4e5fa0b7f7800254,109
604cf485c4e5fa0b7f7800255,117
604cf485c4e5fa0b7f7800256,115
604cf485c4e5fa0b7f7800257,112
604cf485c4e5fa0b7f7800258,99
604cf485c4e5fa0b7f7800259,126
604cf485c4e5fa0b7f7800260,116
604cf485c4e5fa0b7f7800261,110
604cf485c4e5fa0b7f7800262,124
604cf485c4e5fa0b7f7800263,85
604cf485c4e5fa0b7f7800264,108
604cf485c4e5fa0b7f7800265,113
604cf485c4e5fa0b7f7800266,119
604cf485c4e5fa0b7f7800267,98
604cf485c4e5fa0b7f7800268,109
604cf485c4e5fa0b7f7800269,105
604cf485c4e5fa0b7f7800270,102
604cf485c4e5fa0b7f7800271,130
604cf485c4e5fa0b7f7800272,111
604cf485c4e5fa0b7f7800273,98
604cf485c4e5fa0b7f7800274,103
604cf485c4e5fa0b7f7800275,106
604cf485c4e5fa0b7f7800276,115
604cf485c4e5fa0b7f7800277,99
604cf485c4e5fa0b7f7800278,119
604cf485c4e5fa0b7f7800279,93
604cf485c4e5fa0b7f7800280,121
604cf485c4e5fa0b7f7800281,112
604cf485c4e5fa0b7f7800282,94
604cf485c4e5fa0b7f7800283,102
604cf485c4e5fa0b7f7800284,96
604cf485c4e5fa0b7f7800285,95
