resourceId,ReviewViewCount
604cf485c4e5fa0b7f7799479,119
604cf485c4e5fa0b7f7799478,118
604cf485c4e5fa0b7f7799420,118
604cf485c4e5fa0b7f7799449,117
604cf485c4e5fa0b7f7799481,117
604cf485c4e5fa0b7f7799466,116
604cf485c4e5fa0b7f7799447,116
604cf485c4e5fa0b7f7799470,115
604cf485c4e5fa0b7f7799464,113
604cf485c4e5fa0b7f7799390,113
604cf485c4e5fa0b7f7799476,113
604cf485c4e5fa0b7f7799393,112
604cf485c4e5fa0b7f7799396,112
604cf485c4e5fa0b7f7799428,112
604cf485c4e5fa0b7f7799480,111
604cf485c4e5fa0b7f7799473,111
604cf485c4e5fa0b7f7799386,111
604cf485c4e5fa0b7f7799440,110
604cf485c4e5fa0b7f7799457,110
604cf485c4e5fa0b7f7799395,109
604cf485c4e5fa0b7f7799397,109
604cf485c4e5fa0b7f7799388,109
604cf485c4e5fa0b7f7799424,109
604cf485c4e5fa0b7f7799415,109
604cf485c4e5fa0b7f7799405,108
604cf485c4e5fa0b7f7799417,108
604cf485c4e5fa0b7f7799446,108
604cf485c4e5fa0b7f7799419,107
604cf485c4e5fa0b7f7799410,107
604cf485c4e5fa0b7f7799459,106
604cf485c4e5fa0b7f7799407,106
604cf485c4e5fa0b7f7799416,105
604cf485c4e5fa0b7f7799451,105
604cf485c4e5fa0b7f7799437,104
604cf485c4e5fa0b7f7799403,104
604cf485c4e5fa0b7f7799400,104
604cf485c4e5fa0b7f7799389,103
604cf485c4e5fa0b7f7799438,103
604cf485c4e5fa0b7f7799404,103
604cf485c4e5fa0b7f7799432,103
604cf485c4e5fa0b7f7799483,103
604cf485c4e5fa0b7f7799453,103
604cf485c4e5fa0b7f7799423,103
604cf485c4e5fa0b7f7799444,101
604cf485c4e5fa0b7f7799472,101
604cf485c4e5fa0b7f7799477,100
604cf485c4e5fa0b7f7799414,100
604cf485c4e5fa0b7f7799411,100
604cf485c4e5fa0b7f7799450,100
604cf485c4e5fa0b7f7799441,100
604cf485c4e5fa0b7f7799475,100
604cf485c4e5fa0b7f7799445,99
604cf485c4e5fa0b7f7799392,99
604cf485c4e5fa0b7f7799458,99
604cf485c4e5fa0b7f7799426,99
604cf485c4e5fa0b7f7799431,99
604cf485c4e5fa0b7f7799387,98
604cf485c4e5fa0b7f7799409,98
604cf485c4e5fa0b7f7799391,98
604cf485c4e5fa0b7f7799471,97
604cf485c4e5fa0b7f7799456,97
604cf485c4e5fa0b7f7799435,97
604cf485c4e5fa0b7f7799425,96
604cf485c4e5fa0b7f7799474,96
604cf485c4e5fa0b7f7799467,96
604cf485c4e5fa0b7f7799433,96
604cf485c4e5fa0b7f7799401,96
604cf485c4e5fa0b7f7799452,96
604cf485c4e5fa0b7f7799413,95
604cf485c4e5fa0b7f7799402,95
604cf485c4e5fa0b7f7799469,95
604cf485c4e5fa0b7f7799406,95
604cf485c4e5fa0b7f7799454,95
604cf485c4e5fa0b7f7799398,94
604cf485c4e5fa0b7f7799460,94
604cf485c4e5fa0b7f7799461,94
604cf485c4e5fa0b7f7799443,93
604cf485c4e5fa0b7f7799465,93
604cf485c4e5fa0b7f7799418,92
604cf485c4e5fa0b7f7799421,92
604cf485c4e5fa0b7f7799468,91
604cf485c4e5fa0b7f7799485,91
604cf485c4e5fa0b7f7799394,90
604cf485c4e5fa0b7f7799439,90
604cf485c4e5fa0b7f7799463,88
604cf485c4e5fa0b7f7799484,88
604cf485c4e5fa0b7f7799408,88
604cf485c4e5fa0b7f7799429,87
604cf485c4e5fa0b7f7799462,87
604cf485c4e5fa0b7f7799427,87
604cf485c4e5fa0b7f7799434,86
604cf485c4e5fa0b7f7799422,85
604cf485c4e5fa0b7f7799412,85
604cf485c4e5fa0b7f7799399,85
604cf485c4e5fa0b7f7799455,84
604cf485c4e5fa0b7f7799482,83
604cf485c4e5fa0b7f7799436,83
604cf485c4e5fa0b7f7799448,81
604cf485c4e5fa0b7f7799442,79
604cf485c4e5fa0b7f7799430,75
