,title,fromUserId,createdAt,updatedAt,categoryId,_id
604d073d102af716e848a2b8,test,5fdf6bbcfe08e8c0191a7805,2021-03-13T18:41:01.465Z,2021-05-18T19:20:00.008Z,602cba3778d3fda29f33060b,6090d85638ca16e37e03b005
604d073d102af716e848a2b8,test,5fdf6bbcfe08e8c0191a7805,2021-03-13T18:41:01.465Z,2021-05-18T19:20:00.008Z,602cba3778d3fda29f33060b,6091820e9c1b840a9773c196
604d073d102af716e848a2b8,test,5fdf6bbcfe08e8c0191a7805,2021-03-13T18:41:01.465Z,2021-05-18T19:20:00.008Z,602cba3778d3fda29f33060b,60a5593c75c486f497407822
604d073d102af716e848a2b8,test,5fdf6bbcfe08e8c0191a7805,2021-03-13T18:41:01.465Z,2021-05-18T19:20:00.008Z,602cba3778d3fda29f33060b,60a7f89ab2cbc9c8cd34c185
604d073d102af716e848a2b8,test,5fdf6bbcfe08e8c0191a7805,2021-03-13T18:41:01.465Z,2021-05-18T19:20:00.008Z,602cba3778d3fda29f33060b,60a94bdb825398365952a398
604d073d102af716e848a2b8,test,5fdf6bbcfe08e8c0191a7805,2021-03-13T18:41:01.465Z,2021-05-18T19:20:00.008Z,602cba3778d3fda29f33060b,60a9d656a7869e3ecaa0558d
604d073d102af716e848a2b8,test,5fdf6bbcfe08e8c0191a7805,2021-03-13T18:41:01.465Z,2021-05-18T19:20:00.008Z,602cba3778d3fda29f33060b,60a9e4ada7869e3ecaa0559a
604d073d102af716e848a2b8,test,5fdf6bbcfe08e8c0191a7805,2021-03-13T18:41:01.465Z,2021-05-18T19:20:00.008Z,602cba3778d3fda29f33060b,60ab341530685392a59d7a8a
604d36a3102af716e848a2bc,indian street food,5fdf6bbcfe08e8c0191a7805,2021-03-13T22:03:15.330Z,2021-05-18T19:20:00.008Z,602cc37178d3fda29f33061b,6090e483cb4411ebad3745a8
604d36a3102af716e848a2bc,indian street food,5fdf6bbcfe08e8c0191a7805,2021-03-13T22:03:15.330Z,2021-05-18T19:20:00.008Z,602cc37178d3fda29f33061b,60a551ac75c486f4974077a4
604d36a3102af716e848a2bc,indian street food,5fdf6bbcfe08e8c0191a7805,2021-03-13T22:03:15.330Z,2021-05-18T19:20:00.008Z,602cc37178d3fda29f33061b,60a7f87eb2cbc9c8cd34c17b
604d36a3102af716e848a2bc,indian street food,5fdf6bbcfe08e8c0191a7805,2021-03-13T22:03:15.330Z,2021-05-18T19:20:00.008Z,602cc37178d3fda29f33061b,60a887b5b2cbc9c8cd34c22f
604d36a3102af716e848a2bc,indian street food,5fdf6bbcfe08e8c0191a7805,2021-03-13T22:03:15.330Z,2021-05-18T19:20:00.008Z,602cc37178d3fda29f33061b,60b20577948d723fd58d17e2
604f88c020b77e6e8be1d6db,test ayush,5fdf6bbcfe08e8c0191a7805,2021-03-15T16:18:08.719Z,2021-05-18T15:27:50.256Z,602cb70978d3fda29f330606,60956af9dcf595e0038623db
604f88c020b77e6e8be1d6db,test ayush,5fdf6bbcfe08e8c0191a7805,2021-03-15T16:18:08.719Z,2021-05-18T15:27:50.256Z,602cb70978d3fda29f330606,60958bf74ce55bea2f8294cd
604f88c020b77e6e8be1d6db,test ayush,5fdf6bbcfe08e8c0191a7805,2021-03-15T16:18:08.719Z,2021-05-18T15:27:50.256Z,602cb70978d3fda29f330606,609ab2c2844f09222f565fad
604f88c020b77e6e8be1d6db,test ayush,5fdf6bbcfe08e8c0191a7805,2021-03-15T16:18:08.719Z,2021-05-18T15:27:50.256Z,602cb70978d3fda29f330606,609ae23995cabe26d0e26fef
604f88c020b77e6e8be1d6db,test ayush,5fdf6bbcfe08e8c0191a7805,2021-03-15T16:18:08.719Z,2021-05-18T15:27:50.256Z,602cb70978d3fda29f330606,609cd2d558983793b384796e
604f88c020b77e6e8be1d6db,test ayush,5fdf6bbcfe08e8c0191a7805,2021-03-15T16:18:08.719Z,2021-05-18T15:27:50.256Z,602cb70978d3fda29f330606,609d1f90f0e73ca6d5d2585c
604fa0ffcfbd95730faab800,ayush test 2,5fdf6bbcfe08e8c0191a7805,2021-03-15T18:01:35.909Z,2021-05-18T19:20:00.008Z,602cb70978d3fda29f330606,60a4aa6288229f900aef9df7
604fa0ffcfbd95730faab800,ayush test 2,5fdf6bbcfe08e8c0191a7805,2021-03-15T18:01:35.909Z,2021-05-18T19:20:00.008Z,602cb70978d3fda29f330606,60ab341530685392a59d7a89
6050d13f757e33aa30336fb8,testtgfc,5fdf6bbcfe08e8c0191a7805,2021-03-16T15:39:43.122Z,2021-05-18T19:20:00.008Z,602cb70978d3fda29f330606,60a4aa6288229f900aef9df6
6050d13f757e33aa30336fb8,testtgfc,5fdf6bbcfe08e8c0191a7805,2021-03-16T15:39:43.122Z,2021-05-18T19:20:00.008Z,602cb70978d3fda29f330606,60a5ec434b028f234dbc3d22
6050d13f757e33aa30336fb8,testtgfc,5fdf6bbcfe08e8c0191a7805,2021-03-16T15:39:43.122Z,2021-05-18T19:20:00.008Z,602cb70978d3fda29f330606,60ab341530685392a59d7a88
6050d43b757e33aa30336fbe,test notification,5fdf6bbcfe08e8c0191a7805,2021-03-16T15:52:27.883Z,2021-05-18T19:20:00.008Z,602cb70978d3fda29f330606,60a4aa1f88229f900aef9df5
6050d43b757e33aa30336fbe,test notification,5fdf6bbcfe08e8c0191a7805,2021-03-16T15:52:27.883Z,2021-05-18T19:20:00.008Z,602cb70978d3fda29f330606,60a5ec414b028f234dbc3d21
6050d43b757e33aa30336fbe,test notification,5fdf6bbcfe08e8c0191a7805,2021-03-16T15:52:27.883Z,2021-05-18T19:20:00.008Z,602cb70978d3fda29f330606,60ab345230685392a59d7a8e
6050d5d7757e33aa30336fbf,test 001,5fdf6bbcfe08e8c0191a7805,2021-03-16T15:59:19.318Z,2021-05-18T19:20:00.008Z,602cb70978d3fda29f330606,608fbebdb8ad4a523c6b1f5b
6050d5d7757e33aa30336fbf,test 001,5fdf6bbcfe08e8c0191a7805,2021-03-16T15:59:19.318Z,2021-05-18T19:20:00.008Z,602cb70978d3fda29f330606,60a4a86988229f900aef9df1
6050d5d7757e33aa30336fbf,test 001,5fdf6bbcfe08e8c0191a7805,2021-03-16T15:59:19.318Z,2021-05-18T19:20:00.008Z,602cb70978d3fda29f330606,60a5ec404b028f234dbc3d20
6050de19757e33aa30336fc0,test,5fdf6bbcfe08e8c0191a7805,2021-03-16T16:34:33.356Z,2021-05-18T19:20:00.008Z,602cb70978d3fda29f330606,608fbeabb8ad4a523c6b1f59
6050de19757e33aa30336fc0,test,5fdf6bbcfe08e8c0191a7805,2021-03-16T16:34:33.356Z,2021-05-18T19:20:00.008Z,602cb70978d3fda29f330606,6090d86f38ca16e37e03b009
6050de19757e33aa30336fc0,test,5fdf6bbcfe08e8c0191a7805,2021-03-16T16:34:33.356Z,2021-05-18T19:20:00.008Z,602cb70978d3fda29f330606,60917ea89c1b840a9773c193
6050de19757e33aa30336fc0,test,5fdf6bbcfe08e8c0191a7805,2021-03-16T16:34:33.356Z,2021-05-18T19:20:00.008Z,602cb70978d3fda29f330606,6099381911dd4bae0b60a46e
6050dfda757e33aa30336fc1,test003,5fdf6bbcfe08e8c0191a7805,2021-03-16T16:42:02.821Z,2021-05-18T19:20:00.008Z,602cb70978d3fda29f330606,608fbeabb8ad4a523c6b1f5a
6050dfda757e33aa30336fc1,test003,5fdf6bbcfe08e8c0191a7805,2021-03-16T16:42:02.821Z,2021-05-18T19:20:00.008Z,602cb70978d3fda29f330606,6090d86f38ca16e37e03b008
6050dfda757e33aa30336fc1,test003,5fdf6bbcfe08e8c0191a7805,2021-03-16T16:42:02.821Z,2021-05-18T19:20:00.008Z,602cb70978d3fda29f330606,60917ea89c1b840a9773c192
6050dfda757e33aa30336fc1,test003,5fdf6bbcfe08e8c0191a7805,2021-03-16T16:42:02.821Z,2021-05-18T19:20:00.008Z,602cb70978d3fda29f330606,6096b4360ef4533952f75850
6050dfda757e33aa30336fc1,test003,5fdf6bbcfe08e8c0191a7805,2021-03-16T16:42:02.821Z,2021-05-18T19:20:00.008Z,602cb70978d3fda29f330606,6099381411dd4bae0b60a46d
605dd9b226e482412f150f40,audi car,605dd87826e482412f150f3d,2021-03-26T12:55:14.339Z,2021-05-18T19:20:00.008Z,602cb8bf78d3fda29f330607,6090ddf538ca16e37e03b01d
605dd9b226e482412f150f40,audi car,605dd87826e482412f150f3d,2021-03-26T12:55:14.339Z,2021-05-18T19:20:00.008Z,602cb8bf78d3fda29f330607,609175be9c1b840a9773c175
605dd9b226e482412f150f40,audi car,605dd87826e482412f150f3d,2021-03-26T12:55:14.339Z,2021-05-18T19:20:00.008Z,602cb8bf78d3fda29f330607,60917e749c1b840a9773c18f
605dd9b226e482412f150f40,audi car,605dd87826e482412f150f3d,2021-03-26T12:55:14.339Z,2021-05-18T19:20:00.008Z,602cb8bf78d3fda29f330607,6099362511dd4bae0b60a450
605dd9b226e482412f150f40,audi car,605dd87826e482412f150f3d,2021-03-26T12:55:14.339Z,2021-05-18T19:20:00.008Z,602cb8bf78d3fda29f330607,60a4af5f9b9a4c98cb77076a
605dd9b226e482412f150f40,audi car,605dd87826e482412f150f3d,2021-03-26T12:55:14.339Z,2021-05-18T19:20:00.008Z,602cb8bf78d3fda29f330607,60a8b245b2cbc9c8cd34c2e0
605dd9b226e482412f150f40,audi car,605dd87826e482412f150f3d,2021-03-26T12:55:14.339Z,2021-05-18T19:20:00.008Z,602cb8bf78d3fda29f330607,60b206fd948d723fd58d17eb
605dd9b626e482412f150f41,ayush 1,605dd8c826e482412f150f3e,2021-03-26T12:55:18.601Z,2021-05-18T15:24:04.169Z,602cba5378d3fda29f33060c,609513d0f2333bb0a85c5d86
605dd9b626e482412f150f41,ayush 1,605dd8c826e482412f150f3e,2021-03-26T12:55:18.601Z,2021-05-18T15:24:04.169Z,602cba5378d3fda29f33060c,60969b0efdbd561c6cea96e7
605dd9b626e482412f150f41,ayush 1,605dd8c826e482412f150f3e,2021-03-26T12:55:18.601Z,2021-05-18T15:24:04.169Z,602cba5378d3fda29f33060c,609932ffe85831acd754453a
605dd9b626e482412f150f41,ayush 1,605dd8c826e482412f150f3e,2021-03-26T12:55:18.601Z,2021-05-18T15:24:04.169Z,602cba5378d3fda29f33060c,609ae23995cabe26d0e26fee
605dd9b626e482412f150f41,ayush 1,605dd8c826e482412f150f3e,2021-03-26T12:55:18.601Z,2021-05-18T15:24:04.169Z,602cba5378d3fda29f33060c,609cd2d558983793b384796f
605dd9b626e482412f150f41,ayush 1,605dd8c826e482412f150f3e,2021-03-26T12:55:18.601Z,2021-05-18T15:24:04.169Z,602cba5378d3fda29f33060c,609d1f8ef0e73ca6d5d2585b
605dd9e926e482412f150f45,ayush 2,605dd8c826e482412f150f3e,2021-03-26T12:56:09.909Z,2021-05-18T19:20:00.008Z,602cba7678d3fda29f33060e,608e0d11b8ad4a523c6b1ec7
605dd9e926e482412f150f45,ayush 2,605dd8c826e482412f150f3e,2021-03-26T12:56:09.909Z,2021-05-18T19:20:00.008Z,602cba7678d3fda29f33060e,6090dad238ca16e37e03b015
605dd9e926e482412f150f45,ayush 2,605dd8c826e482412f150f3e,2021-03-26T12:56:09.909Z,2021-05-18T19:20:00.008Z,602cba7678d3fda29f33060e,609175cb9c1b840a9773c176
605dd9e926e482412f150f45,ayush 2,605dd8c826e482412f150f3e,2021-03-26T12:56:09.909Z,2021-05-18T19:20:00.008Z,602cba7678d3fda29f33060e,60a5260ac51bcddeec795245
605dd9e926e482412f150f45,ayush 2,605dd8c826e482412f150f3e,2021-03-26T12:56:09.909Z,2021-05-18T19:20:00.008Z,602cba7678d3fda29f33060e,60a5620775c486f497407853
605dd9e926e482412f150f45,ayush 2,605dd8c826e482412f150f3e,2021-03-26T12:56:09.909Z,2021-05-18T19:20:00.008Z,602cba7678d3fda29f33060e,60a88665b2cbc9c8cd34c1fd
605ddadc26e482412f150f4c,test revies 01,605dd79026e482412f150f3c,2021-03-26T13:00:12.615Z,2021-05-18T19:20:00.008Z,602cba5378d3fda29f33060c,608e0d11b8ad4a523c6b1ec6
605ddadc26e482412f150f4c,test revies 01,605dd79026e482412f150f3c,2021-03-26T13:00:12.615Z,2021-05-18T19:20:00.008Z,602cba5378d3fda29f33060c,609512f9f2333bb0a85c5d80
605ddadc26e482412f150f4c,test revies 01,605dd79026e482412f150f3c,2021-03-26T13:00:12.615Z,2021-05-18T19:20:00.008Z,602cba5378d3fda29f33060c,60969b0efdbd561c6cea96e6
605ddadc26e482412f150f4c,test revies 01,605dd79026e482412f150f3c,2021-03-26T13:00:12.615Z,2021-05-18T19:20:00.008Z,602cba5378d3fda29f33060c,609932ffe85831acd7544538
605ddadc26e482412f150f4c,test revies 01,605dd79026e482412f150f3c,2021-03-26T13:00:12.615Z,2021-05-18T19:20:00.008Z,602cba5378d3fda29f33060c,60a526d0c51bcddeec795252
605ddb2426e482412f150f4e,test 02,605dd79026e482412f150f3c,2021-03-26T13:01:24.777Z,2021-05-18T19:20:00.008Z,602cba5378d3fda29f33060c,608d5336034fb64c7c163449
605ddb2426e482412f150f4e,test 02,605dd79026e482412f150f3c,2021-03-26T13:01:24.777Z,2021-05-18T19:20:00.008Z,602cba5378d3fda29f33060c,608e0d11b8ad4a523c6b1ec8
605ddb2426e482412f150f4e,test 02,605dd79026e482412f150f3c,2021-03-26T13:01:24.777Z,2021-05-18T19:20:00.008Z,602cba5378d3fda29f33060c,6090dad238ca16e37e03b016
605ddb2426e482412f150f4e,test 02,605dd79026e482412f150f3c,2021-03-26T13:01:24.777Z,2021-05-18T19:20:00.008Z,602cba5378d3fda29f33060c,60993309e85831acd754453b
605ddb2426e482412f150f4e,test 02,605dd79026e482412f150f3c,2021-03-26T13:01:24.777Z,2021-05-18T19:20:00.008Z,602cba5378d3fda29f33060c,60a526cfc51bcddeec795251
605ddb2426e482412f150f4e,test 02,605dd79026e482412f150f3c,2021-03-26T13:01:24.777Z,2021-05-18T19:20:00.008Z,602cba5378d3fda29f33060c,60a7f89ab2cbc9c8cd34c184
605ddb2426e482412f150f4e,test 02,605dd79026e482412f150f3c,2021-03-26T13:01:24.777Z,2021-05-18T19:20:00.008Z,602cba5378d3fda29f33060c,60a94bd4825398365952a397
605ddb2426e482412f150f4e,test 02,605dd79026e482412f150f3c,2021-03-26T13:01:24.777Z,2021-05-18T19:20:00.008Z,602cba5378d3fda29f33060c,60a95722a7869e3ecaa05565
605ddb2426e482412f150f4e,test 02,605dd79026e482412f150f3c,2021-03-26T13:01:24.777Z,2021-05-18T19:20:00.008Z,602cba5378d3fda29f33060c,60a9e4ada7869e3ecaa0559b
605ddb6826e482412f150f50,keyboard,605dd78626e482412f150f3b,2021-03-26T13:02:32.658Z,2021-05-18T19:20:00.008Z,602cba5378d3fda29f33060c,608d5336034fb64c7c163447
605ddb6826e482412f150f50,keyboard,605dd78626e482412f150f3b,2021-03-26T13:02:32.658Z,2021-05-18T19:20:00.008Z,602cba5378d3fda29f33060c,608e0d18b8ad4a523c6b1ec9
605ddb6826e482412f150f50,keyboard,605dd78626e482412f150f3b,2021-03-26T13:02:32.658Z,2021-05-18T19:20:00.008Z,602cba5378d3fda29f33060c,6090d86838ca16e37e03b007
605ddb6826e482412f150f50,keyboard,605dd78626e482412f150f3b,2021-03-26T13:02:32.658Z,2021-05-18T19:20:00.008Z,602cba5378d3fda29f33060c,6099330fe85831acd754453c
605ddb6826e482412f150f50,keyboard,605dd78626e482412f150f3b,2021-03-26T13:02:32.658Z,2021-05-18T19:20:00.008Z,602cba5378d3fda29f33060c,60a526bec51bcddeec79524f
605ddb6826e482412f150f50,keyboard,605dd78626e482412f150f3b,2021-03-26T13:02:32.658Z,2021-05-18T19:20:00.008Z,602cba5378d3fda29f33060c,60a7fdaab2cbc9c8cd34c1b5
605ddbdb26e482412f150f54,mouse,605dd78626e482412f150f3b,2021-03-26T13:04:27.662Z,2021-05-18T19:20:00.008Z,602cba5378d3fda29f33060c,608d5336034fb64c7c163448
605ddbdb26e482412f150f54,mouse,605dd78626e482412f150f3b,2021-03-26T13:04:27.662Z,2021-05-18T19:20:00.008Z,602cba5378d3fda29f33060c,608e0d25b8ad4a523c6b1eca
605ddbdb26e482412f150f54,mouse,605dd78626e482412f150f3b,2021-03-26T13:04:27.662Z,2021-05-18T19:20:00.008Z,602cba5378d3fda29f33060c,6090d86838ca16e37e03b006
605ddbdb26e482412f150f54,mouse,605dd78626e482412f150f3b,2021-03-26T13:04:27.662Z,2021-05-18T19:20:00.008Z,602cba5378d3fda29f33060c,60993310e85831acd754453d
605ddbdb26e482412f150f54,mouse,605dd78626e482412f150f3b,2021-03-26T13:04:27.662Z,2021-05-18T19:20:00.008Z,602cba5378d3fda29f33060c,60a526bec51bcddeec79524e
605ddbdb26e482412f150f54,mouse,605dd78626e482412f150f3b,2021-03-26T13:04:27.662Z,2021-05-18T19:20:00.008Z,602cba5378d3fda29f33060c,60a7fdaab2cbc9c8cd34c1b3
605ddbdb26e482412f150f54,mouse,605dd78626e482412f150f3b,2021-03-26T13:04:27.662Z,2021-05-18T19:20:00.008Z,602cba5378d3fda29f33060c,60a804ccb2cbc9c8cd34c1e6
605ddbdb26e482412f150f54,mouse,605dd78626e482412f150f3b,2021-03-26T13:04:27.662Z,2021-05-18T19:20:00.008Z,602cba5378d3fda29f33060c,60a887f8b2cbc9c8cd34c234
6071950a4d653b3c6d5878de,,606df0ff039366aed09ab908,2021-04-10T12:07:38.247Z,2021-05-18T19:20:00.008Z,602cba3778d3fda29f33060b,608d5336034fb64c7c163446
6071950a4d653b3c6d5878de,,606df0ff039366aed09ab908,2021-04-10T12:07:38.247Z,2021-05-18T19:20:00.008Z,602cba3778d3fda29f33060b,608e0d2bb8ad4a523c6b1ecb
6071950a4d653b3c6d5878de,,606df0ff039366aed09ab908,2021-04-10T12:07:38.247Z,2021-05-18T19:20:00.008Z,602cba3778d3fda29f33060b,6090d85638ca16e37e03b004
6071950a4d653b3c6d5878de,,606df0ff039366aed09ab908,2021-04-10T12:07:38.247Z,2021-05-18T19:20:00.008Z,602cba3778d3fda29f33060b,6091820e9c1b840a9773c195
6071950a4d653b3c6d5878de,,606df0ff039366aed09ab908,2021-04-10T12:07:38.247Z,2021-05-18T19:20:00.008Z,602cba3778d3fda29f33060b,60a558ec75c486f49740781e
6071950a4d653b3c6d5878de,,606df0ff039366aed09ab908,2021-04-10T12:07:38.247Z,2021-05-18T19:20:00.008Z,602cba3778d3fda29f33060b,60a7ff0cb2cbc9c8cd34c1ca
6089a946c975758dfbe70743,ayush tetsing ,605dd8c826e482412f150f3e,2021-04-28T18:28:22.077Z,2021-05-18T19:20:00.008Z,602cb70978d3fda29f330606,608d4f28034fb64c7c163434
6089a946c975758dfbe70743,ayush tetsing ,605dd8c826e482412f150f3e,2021-04-28T18:28:22.077Z,2021-05-18T19:20:00.008Z,602cb70978d3fda29f330606,608d4f46034fb64c7c163438
6089a946c975758dfbe70743,ayush tetsing ,605dd8c826e482412f150f3e,2021-04-28T18:28:22.077Z,2021-05-18T19:20:00.008Z,602cb70978d3fda29f330606,608e0d3ab8ad4a523c6b1ecc
6089a946c975758dfbe70743,ayush tetsing ,605dd8c826e482412f150f3e,2021-04-28T18:28:22.077Z,2021-05-18T19:20:00.008Z,602cb70978d3fda29f330606,608fe86db8ad4a523c6b1f75
6089a946c975758dfbe70743,ayush tetsing ,605dd8c826e482412f150f3e,2021-04-28T18:28:22.077Z,2021-05-18T19:20:00.008Z,602cb70978d3fda29f330606,60917ea89c1b840a9773c191
6089a946c975758dfbe70743,ayush tetsing ,605dd8c826e482412f150f3e,2021-04-28T18:28:22.077Z,2021-05-18T19:20:00.008Z,602cb70978d3fda29f330606,6099381411dd4bae0b60a46c
6089a946c975758dfbe70743,ayush tetsing ,605dd8c826e482412f150f3e,2021-04-28T18:28:22.077Z,2021-05-18T19:20:00.008Z,602cb70978d3fda29f330606,60a54fa875c486f497407782
6089a946c975758dfbe70743,ayush tetsing ,605dd8c826e482412f150f3e,2021-04-28T18:28:22.077Z,2021-05-18T19:20:00.008Z,602cb70978d3fda29f330606,60a559e475c486f49740782b
6089a946c975758dfbe70743,ayush tetsing ,605dd8c826e482412f150f3e,2021-04-28T18:28:22.077Z,2021-05-18T19:20:00.008Z,602cb70978d3fda29f330606,60a7f89ab2cbc9c8cd34c186
6089a946c975758dfbe70743,ayush tetsing ,605dd8c826e482412f150f3e,2021-04-28T18:28:22.077Z,2021-05-18T19:20:00.008Z,602cb70978d3fda29f330606,60a887ddb2cbc9c8cd34c231
6089a946c975758dfbe70743,ayush tetsing ,605dd8c826e482412f150f3e,2021-04-28T18:28:22.077Z,2021-05-18T19:20:00.008Z,602cb70978d3fda29f330606,60a94a64825398365952a387
6089a946c975758dfbe70743,ayush tetsing ,605dd8c826e482412f150f3e,2021-04-28T18:28:22.077Z,2021-05-18T19:20:00.008Z,602cb70978d3fda29f330606,60a9e4aca7869e3ecaa05599
608d2a086bfae3254d3bc20a,fan,606df0ff039366aed09ab908,2021-05-01T10:14:32.298Z,2021-05-18T19:20:00.008Z,602cba6178d3fda29f33060d,608d4f28034fb64c7c163435
608d2a086bfae3254d3bc20a,fan,606df0ff039366aed09ab908,2021-05-01T10:14:32.298Z,2021-05-18T19:20:00.008Z,602cba6178d3fda29f33060d,608d4f47034fb64c7c16343a
608d2a086bfae3254d3bc20a,fan,606df0ff039366aed09ab908,2021-05-01T10:14:32.298Z,2021-05-18T19:20:00.008Z,602cba6178d3fda29f33060d,608e0cd1b8ad4a523c6b1ebd
608d2a086bfae3254d3bc20a,fan,606df0ff039366aed09ab908,2021-05-01T10:14:32.298Z,2021-05-18T19:20:00.008Z,602cba6178d3fda29f33060d,608fe7e2b8ad4a523c6b1f73
608d2a086bfae3254d3bc20a,fan,606df0ff039366aed09ab908,2021-05-01T10:14:32.298Z,2021-05-18T19:20:00.008Z,602cba6178d3fda29f33060d,6094e7c99c0488acf1341b46
608d2a086bfae3254d3bc20a,fan,606df0ff039366aed09ab908,2021-05-01T10:14:32.298Z,2021-05-18T19:20:00.008Z,602cba6178d3fda29f33060d,60a54f9e75c486f497407780
608d2a086bfae3254d3bc20a,fan,606df0ff039366aed09ab908,2021-05-01T10:14:32.298Z,2021-05-18T19:20:00.008Z,602cba6178d3fda29f33060d,60a558ec75c486f49740781d
608d95b8b8ad4a523c6b1eb6,ipl india on smart tv,608c3be9d0bfd022ac3651c3,2021-05-01T17:54:00.230Z,2021-05-18T16:08:43.369Z,602cba5378d3fda29f33060c,608e0cd1b8ad4a523c6b1ebc
608d95b8b8ad4a523c6b1eb6,ipl india on smart tv,608c3be9d0bfd022ac3651c3,2021-05-01T17:54:00.230Z,2021-05-18T16:08:43.369Z,602cba5378d3fda29f33060c,608f82e8b8ad4a523c6b1ed7
608d95b8b8ad4a523c6b1eb6,ipl india on smart tv,608c3be9d0bfd022ac3651c3,2021-05-01T17:54:00.230Z,2021-05-18T16:08:43.369Z,602cba5378d3fda29f33060c,608f8d01b8ad4a523c6b1f02
608d95b8b8ad4a523c6b1eb6,ipl india on smart tv,608c3be9d0bfd022ac3651c3,2021-05-01T17:54:00.230Z,2021-05-18T16:08:43.369Z,602cba5378d3fda29f33060c,60993314e85831acd754453e
608d95b8b8ad4a523c6b1eb6,ipl india on smart tv,608c3be9d0bfd022ac3651c3,2021-05-01T17:54:00.230Z,2021-05-18T16:08:43.369Z,602cba5378d3fda29f33060c,60a526bec51bcddeec79524d
608d95b8b8ad4a523c6b1eb6,ipl india on smart tv,608c3be9d0bfd022ac3651c3,2021-05-01T17:54:00.230Z,2021-05-18T16:08:43.369Z,602cba5378d3fda29f33060c,60a54f8c75c486f49740777d
608d95b8b8ad4a523c6b1eb6,ipl india on smart tv,608c3be9d0bfd022ac3651c3,2021-05-01T17:54:00.230Z,2021-05-18T16:08:43.369Z,602cba5378d3fda29f33060c,60a7f89ab2cbc9c8cd34c187
608d95b8b8ad4a523c6b1eb6,ipl india on smart tv,608c3be9d0bfd022ac3651c3,2021-05-01T17:54:00.230Z,2021-05-18T16:08:43.369Z,602cba5378d3fda29f33060c,60a94a62825398365952a386
608d95b8b8ad4a523c6b1eb6,ipl india on smart tv,608c3be9d0bfd022ac3651c3,2021-05-01T17:54:00.230Z,2021-05-18T16:08:43.369Z,602cba5378d3fda29f33060c,60a9e4aca7869e3ecaa05598
608faba9b8ad4a523c6b1f4c,testing with team,606df0ff039366aed09ab908,2021-05-03T07:52:09.954Z,2021-05-18T19:20:00.008Z,602cba6178d3fda29f33060d,608fb19fb8ad4a523c6b1f51
608faba9b8ad4a523c6b1f4c,testing with team,606df0ff039366aed09ab908,2021-05-03T07:52:09.954Z,2021-05-18T19:20:00.008Z,602cba6178d3fda29f33060d,608fdc82b8ad4a523c6b1f69
608faba9b8ad4a523c6b1f4c,testing with team,606df0ff039366aed09ab908,2021-05-03T07:52:09.954Z,2021-05-18T19:20:00.008Z,602cba6178d3fda29f33060d,60917b6a9c1b840a9773c185
608faba9b8ad4a523c6b1f4c,testing with team,606df0ff039366aed09ab908,2021-05-03T07:52:09.954Z,2021-05-18T19:20:00.008Z,602cba6178d3fda29f33060d,6094b9665adb948925280501
608faba9b8ad4a523c6b1f4c,testing with team,606df0ff039366aed09ab908,2021-05-03T07:52:09.954Z,2021-05-18T19:20:00.008Z,602cba6178d3fda29f33060d,60964324007e2217dfd3d9b6
608faba9b8ad4a523c6b1f4c,testing with team,606df0ff039366aed09ab908,2021-05-03T07:52:09.954Z,2021-05-18T19:20:00.008Z,602cba6178d3fda29f33060d,60a54f8475c486f49740777b
608ffba6b8ad4a523c6b1f8e,1620048806788,606df0ff039366aed09ab908,2021-05-03T13:33:26.945Z,2021-05-13T09:56:30.255Z,602cb70978d3fda29f330606,6090ccd5718fe4cf5bb560d7
608ffba6b8ad4a523c6b1f8e,1620048806788,606df0ff039366aed09ab908,2021-05-03T13:33:26.945Z,2021-05-13T09:56:30.255Z,602cb70978d3fda29f330606,60917b519c1b840a9773c181
608ffba6b8ad4a523c6b1f8e,1620048806788,606df0ff039366aed09ab908,2021-05-03T13:33:26.945Z,2021-05-13T09:56:30.255Z,602cb70978d3fda29f330606,609232953a8d041fca7be61d
608ffba6b8ad4a523c6b1f8e,1620048806788,606df0ff039366aed09ab908,2021-05-03T13:33:26.945Z,2021-05-13T09:56:30.255Z,602cb70978d3fda29f330606,6094b9535adb9489252804fd
608ffba6b8ad4a523c6b1f8e,1620048806788,606df0ff039366aed09ab908,2021-05-03T13:33:26.945Z,2021-05-13T09:56:30.255Z,602cb70978d3fda29f330606,60964281007e2217dfd3d9ad
608ffba6b8ad4a523c6b1f8e,1620048806788,606df0ff039366aed09ab908,2021-05-03T13:33:26.945Z,2021-05-13T09:56:30.255Z,602cb70978d3fda29f330606,609979fe6b1cedbf54e82a7e
608ffba6b8ad4a523c6b1f8e,1620048806788,606df0ff039366aed09ab908,2021-05-03T13:33:26.945Z,2021-05-13T09:56:30.255Z,602cb70978d3fda29f330606,609d1f85f0e73ca6d5d2585a
608ffba6b8ad4a523c6b1f8e,1620048806788,606df0ff039366aed09ab908,2021-05-03T13:33:26.945Z,2021-05-13T09:56:30.255Z,602cb70978d3fda29f330606,609e5c1a67ac9ffd0a999a8d
608ffba6b8ad4a523c6b1f8e,1620048806788,606df0ff039366aed09ab908,2021-05-03T13:33:26.945Z,2021-05-13T09:56:30.255Z,602cb70978d3fda29f330606,60a14c6e97e73c6d94afc5ee
609a7ecbec41e0f88bc71a12,,5fdf6bbcfe08e8c0191a7805,2021-05-11T12:55:39.854Z,2021-05-17T07:31:24.368Z,602cb70978d3fda29f330606,60a267248840f2cec4aee06b
609a7ecbec41e0f88bc71a12,,5fdf6bbcfe08e8c0191a7805,2021-05-11T12:55:39.854Z,2021-05-17T07:31:24.368Z,602cb70978d3fda29f330606,60a270598840f2cec4aee098
609a7ecbec41e0f88bc71a12,,5fdf6bbcfe08e8c0191a7805,2021-05-11T12:55:39.854Z,2021-05-17T07:31:24.368Z,602cb70978d3fda29f330606,60a3ad99bdd46e42686081ea
609a7ecbec41e0f88bc71a12,,5fdf6bbcfe08e8c0191a7805,2021-05-11T12:55:39.854Z,2021-05-17T07:31:24.368Z,602cb70978d3fda29f330606,60a3b7ed970e474eeeef809f
609a7ecbec41e0f88bc71a12,,5fdf6bbcfe08e8c0191a7805,2021-05-11T12:55:39.854Z,2021-05-17T07:31:24.368Z,602cb70978d3fda29f330606,60a3f3ffe160c66f181988af
609a7ecbec41e0f88bc71a12,,5fdf6bbcfe08e8c0191a7805,2021-05-11T12:55:39.854Z,2021-05-17T07:31:24.368Z,602cb70978d3fda29f330606,60a4a7df88229f900aef9ded
609a7ecbec41e0f88bc71a12,,5fdf6bbcfe08e8c0191a7805,2021-05-11T12:55:39.854Z,2021-05-17T07:31:24.368Z,602cb70978d3fda29f330606,60a53b19dbb876e704a85263
609a7ecbec41e0f88bc71a12,,5fdf6bbcfe08e8c0191a7805,2021-05-11T12:55:39.854Z,2021-05-17T07:31:24.368Z,602cb70978d3fda29f330606,60a5577e75c486f49740780f
609ad28c95cabe26d0e26fcc,,5fdf6bbcfe08e8c0191a7805,2021-05-11T18:53:00.474Z,2021-05-18T19:20:00.008Z,602cb70978d3fda29f330606,60a53b18dbb876e704a85262
609ad28c95cabe26d0e26fcc,,5fdf6bbcfe08e8c0191a7805,2021-05-11T18:53:00.474Z,2021-05-18T19:20:00.008Z,602cb70978d3fda29f330606,60a53d7cdbb876e704a85278
609ad28c95cabe26d0e26fcc,,5fdf6bbcfe08e8c0191a7805,2021-05-11T18:53:00.474Z,2021-05-18T19:20:00.008Z,602cb70978d3fda29f330606,60a54f2b75c486f49740776b
609ad28c95cabe26d0e26fcc,,5fdf6bbcfe08e8c0191a7805,2021-05-11T18:53:00.474Z,2021-05-18T19:20:00.008Z,602cb70978d3fda29f330606,60a54f5275c486f49740776f
609ad28c95cabe26d0e26fcc,,5fdf6bbcfe08e8c0191a7805,2021-05-11T18:53:00.474Z,2021-05-18T19:20:00.008Z,602cb70978d3fda29f330606,60a5556a75c486f4974077fd
609ad28c95cabe26d0e26fcc,,5fdf6bbcfe08e8c0191a7805,2021-05-11T18:53:00.474Z,2021-05-18T19:20:00.008Z,602cb70978d3fda29f330606,60a5577e75c486f49740780e
609ad64295cabe26d0e26fd1,rishi testing,5fdf6bbcfe08e8c0191a7805,2021-05-11T19:08:50.540Z,2021-05-13T10:02:25.172Z,602cb70978d3fda29f330606,609d19fff0e73ca6d5d2583b
609ad64295cabe26d0e26fd1,rishi testing,5fdf6bbcfe08e8c0191a7805,2021-05-11T19:08:50.540Z,2021-05-13T10:02:25.172Z,602cb70978d3fda29f330606,609d1d2df0e73ca6d5d2584d
609ad64295cabe26d0e26fd1,rishi testing,5fdf6bbcfe08e8c0191a7805,2021-05-11T19:08:50.540Z,2021-05-13T10:02:25.172Z,602cb70978d3fda29f330606,609d1e25f0e73ca6d5d25855
609ad64295cabe26d0e26fd1,rishi testing,5fdf6bbcfe08e8c0191a7805,2021-05-11T19:08:50.540Z,2021-05-13T10:02:25.172Z,602cb70978d3fda29f330606,609d1f84f0e73ca6d5d25858
609ad64295cabe26d0e26fd1,rishi testing,5fdf6bbcfe08e8c0191a7805,2021-05-11T19:08:50.540Z,2021-05-13T10:02:25.172Z,602cb70978d3fda29f330606,609d207bf0e73ca6d5d25863
609ad64295cabe26d0e26fd1,rishi testing,5fdf6bbcfe08e8c0191a7805,2021-05-11T19:08:50.540Z,2021-05-13T10:02:25.172Z,602cb70978d3fda29f330606,609e5c1a67ac9ffd0a999a8f
609ad64295cabe26d0e26fd1,rishi testing,5fdf6bbcfe08e8c0191a7805,2021-05-11T19:08:50.540Z,2021-05-13T10:02:25.172Z,602cb70978d3fda29f330606,60a14c6e97e73c6d94afc5ef
609ad64295cabe26d0e26fd1,rishi testing,5fdf6bbcfe08e8c0191a7805,2021-05-11T19:08:50.540Z,2021-05-13T10:02:25.172Z,602cb70978d3fda29f330606,60a3b839970e474eeeef80a3
609ad64295cabe26d0e26fd1,rishi testing,5fdf6bbcfe08e8c0191a7805,2021-05-11T19:08:50.540Z,2021-05-13T10:02:25.172Z,602cb70978d3fda29f330606,60a4a7df88229f900aef9dec
609ad64295cabe26d0e26fd1,rishi testing,5fdf6bbcfe08e8c0191a7805,2021-05-11T19:08:50.540Z,2021-05-13T10:02:25.172Z,602cb70978d3fda29f330606,60a53b18dbb876e704a85261
609ad64295cabe26d0e26fd1,rishi testing,5fdf6bbcfe08e8c0191a7805,2021-05-11T19:08:50.540Z,2021-05-13T10:02:25.172Z,602cb70978d3fda29f330606,60a7fdaab2cbc9c8cd34c1b4
60a513f096f06cccb8d89228,check pending,5fdf6bbcfe08e8c0191a7805,2021-05-19T13:34:40.140Z,2021-05-19T13:40:00.011Z,602cb70978d3fda29f330606,60a54f2b75c486f497407769
60a513f096f06cccb8d89228,check pending,5fdf6bbcfe08e8c0191a7805,2021-05-19T13:34:40.140Z,2021-05-19T13:40:00.011Z,602cb70978d3fda29f330606,60a74394930ebf5a68f9ccfa
60a513f096f06cccb8d89228,check pending,5fdf6bbcfe08e8c0191a7805,2021-05-19T13:34:40.140Z,2021-05-19T13:40:00.011Z,602cb70978d3fda29f330606,60a886c8b2cbc9c8cd34c208
60a519f696f06cccb8d89245,1st review,608f85f2b8ad4a523c6b1eeb,2021-05-19T14:00:22.492Z,2021-05-19T14:05:00.010Z,602cb8bf78d3fda29f330607,60a551d075c486f4974077a9
60a519f696f06cccb8d89245,1st review,608f85f2b8ad4a523c6b1eeb,2021-05-19T14:00:22.492Z,2021-05-19T14:05:00.010Z,602cb8bf78d3fda29f330607,60a5572975c486f497407808
60a519f696f06cccb8d89245,1st review,608f85f2b8ad4a523c6b1eeb,2021-05-19T14:00:22.492Z,2021-05-19T14:05:00.010Z,602cb8bf78d3fda29f330607,60a6a4da930ebf5a68f9ccbc
60a519f696f06cccb8d89245,1st review,608f85f2b8ad4a523c6b1eeb,2021-05-19T14:00:22.492Z,2021-05-19T14:05:00.010Z,602cb8bf78d3fda29f330607,60a8b245b2cbc9c8cd34c2e1
60a519f696f06cccb8d89245,1st review,608f85f2b8ad4a523c6b1eeb,2021-05-19T14:00:22.492Z,2021-05-19T14:05:00.010Z,602cb8bf78d3fda29f330607,60acecf9026c0b203598cbf4
60a519f696f06cccb8d89245,1st review,608f85f2b8ad4a523c6b1eeb,2021-05-19T14:00:22.492Z,2021-05-19T14:05:00.010Z,602cb8bf78d3fda29f330607,60b206fd948d723fd58d17ea
60a51a4796f06cccb8d89249,test 2,608f85f2b8ad4a523c6b1eeb,2021-05-19T14:01:43.381Z,2021-05-19T14:05:00.010Z,602cb9e778d3fda29f330608,60a551cf75c486f4974077a8
60a51a4796f06cccb8d89249,test 2,608f85f2b8ad4a523c6b1eeb,2021-05-19T14:01:43.381Z,2021-05-19T14:05:00.010Z,602cb9e778d3fda29f330608,60b20df2948d723fd58d17f4
60a51a4796f06cccb8d89249,test 2,608f85f2b8ad4a523c6b1eeb,2021-05-19T14:01:43.381Z,2021-05-19T14:05:00.010Z,602cb9e778d3fda29f330608,60b2744d948d723fd58d17fb
60a51bf796f06cccb8d89253,test submission,606df0ff039366aed09ab908,2021-05-19T14:08:55.586Z,2021-05-19T14:20:00.033Z,602cb8bf78d3fda29f330607,60a5572975c486f497407809
60a51bf796f06cccb8d89253,test submission,606df0ff039366aed09ab908,2021-05-19T14:08:55.586Z,2021-05-19T14:20:00.033Z,602cb8bf78d3fda29f330607,60a5f7d44b028f234dbc3d3b
60a51bf796f06cccb8d89253,test submission,606df0ff039366aed09ab908,2021-05-19T14:08:55.586Z,2021-05-19T14:20:00.033Z,602cb8bf78d3fda29f330607,60a632927869a53bfae5a898
60a51bf796f06cccb8d89253,test submission,606df0ff039366aed09ab908,2021-05-19T14:08:55.586Z,2021-05-19T14:20:00.033Z,602cb8bf78d3fda29f330607,60a6420a74768844a27877cf
60a51bf796f06cccb8d89253,test submission,606df0ff039366aed09ab908,2021-05-19T14:08:55.586Z,2021-05-19T14:20:00.033Z,602cb8bf78d3fda29f330607,60a8b245b2cbc9c8cd34c2e2
60a51bf796f06cccb8d89253,test submission,606df0ff039366aed09ab908,2021-05-19T14:08:55.586Z,2021-05-19T14:20:00.033Z,602cb8bf78d3fda29f330607,60b206fd948d723fd58d17e9
60a51dc5f9f745d32312784f,test 100,608f85f2b8ad4a523c6b1eeb,2021-05-19T14:16:37.554Z,2021-05-19T14:20:00.033Z,602cb70978d3fda29f330606,60a551cf75c486f4974077a7
60a51dc5f9f745d32312784f,test 100,608f85f2b8ad4a523c6b1eeb,2021-05-19T14:16:37.554Z,2021-05-19T14:20:00.033Z,602cb70978d3fda29f330606,60a5f7cb4b028f234dbc3d3a
60a51dc5f9f745d32312784f,test 100,608f85f2b8ad4a523c6b1eeb,2021-05-19T14:16:37.554Z,2021-05-19T14:20:00.033Z,602cb70978d3fda29f330606,60a5f8ed4b028f234dbc3d41
60a5201e6642cad5593eebb5,test test,606df0ff039366aed09ab908,2021-05-19T14:26:38.804Z,2021-05-19T14:30:00.016Z,602cb9e778d3fda29f330608,60a5f7cb4b028f234dbc3d39
60a5201e6642cad5593eebb5,test test,606df0ff039366aed09ab908,2021-05-19T14:26:38.804Z,2021-05-19T14:30:00.016Z,602cb9e778d3fda29f330608,60a5f8ed4b028f234dbc3d40
60a5201e6642cad5593eebb5,test test,606df0ff039366aed09ab908,2021-05-19T14:26:38.804Z,2021-05-19T14:30:00.016Z,602cb9e778d3fda29f330608,60a63c0474768844a27877bf
60a5201e6642cad5593eebb5,test test,606df0ff039366aed09ab908,2021-05-19T14:26:38.804Z,2021-05-19T14:30:00.016Z,602cb9e778d3fda29f330608,60a7f899b2cbc9c8cd34c183
60a5201e6642cad5593eebb5,test test,606df0ff039366aed09ab908,2021-05-19T14:26:38.804Z,2021-05-19T14:30:00.016Z,602cb9e778d3fda29f330608,60b20df2948d723fd58d17f5
60a5214b28798ad6f64290e6,popup tes,606df0ff039366aed09ab908,2021-05-19T14:31:39.102Z,2021-05-19T14:35:00.016Z,602cc37178d3fda29f33061b,60a551ac75c486f4974077a3
60a5214b28798ad6f64290e6,popup tes,606df0ff039366aed09ab908,2021-05-19T14:31:39.102Z,2021-05-19T14:35:00.016Z,602cc37178d3fda29f33061b,60a7f45bb2cbc9c8cd34c16c
60a5214b28798ad6f64290e6,popup tes,606df0ff039366aed09ab908,2021-05-19T14:31:39.102Z,2021-05-19T14:35:00.016Z,602cc37178d3fda29f33061b,60a7f87eb2cbc9c8cd34c17c
60a5214b28798ad6f64290e6,popup tes,606df0ff039366aed09ab908,2021-05-19T14:31:39.102Z,2021-05-19T14:35:00.016Z,602cc37178d3fda29f33061b,60a887b5b2cbc9c8cd34c22e
60a5214b28798ad6f64290e6,popup tes,606df0ff039366aed09ab908,2021-05-19T14:31:39.102Z,2021-05-19T14:35:00.016Z,602cc37178d3fda29f33061b,60a948d7825398365952a37c
60a5214b28798ad6f64290e6,popup tes,606df0ff039366aed09ab908,2021-05-19T14:31:39.102Z,2021-05-19T14:35:00.016Z,602cc37178d3fda29f33061b,60a94a5f825398365952a385
60a5214b28798ad6f64290e6,popup tes,606df0ff039366aed09ab908,2021-05-19T14:31:39.102Z,2021-05-19T14:35:00.016Z,602cc37178d3fda29f33061b,60a954b2a7869e3ecaa05559
60a5214b28798ad6f64290e6,popup tes,606df0ff039366aed09ab908,2021-05-19T14:31:39.102Z,2021-05-19T14:35:00.016Z,602cc37178d3fda29f33061b,60b20577948d723fd58d17e1
60a522e828798ad6f64290fa,aaa,608f85f2b8ad4a523c6b1eeb,2021-05-19T14:38:32.902Z,2021-05-19T14:40:00.007Z,602cb70978d3fda29f330606,60a551ce75c486f4974077a6
60a522e828798ad6f64290fa,aaa,608f85f2b8ad4a523c6b1eeb,2021-05-19T14:38:32.902Z,2021-05-19T14:40:00.007Z,602cb70978d3fda29f330606,60a751ef121be4859ebcb1d7
60a522e828798ad6f64290fa,aaa,608f85f2b8ad4a523c6b1eeb,2021-05-19T14:38:32.902Z,2021-05-19T14:40:00.007Z,602cb70978d3fda29f330606,60a7f456b2cbc9c8cd34c16b
60a522e828798ad6f64290fa,aaa,608f85f2b8ad4a523c6b1eeb,2021-05-19T14:38:32.902Z,2021-05-19T14:40:00.007Z,602cb70978d3fda29f330606,60a94a0a825398365952a383
60a522e828798ad6f64290fa,aaa,608f85f2b8ad4a523c6b1eeb,2021-05-19T14:38:32.902Z,2021-05-19T14:40:00.007Z,602cb70978d3fda29f330606,60a95498a7869e3ecaa05558
60a523666e169bdb055522c1,test,608f85f2b8ad4a523c6b1eeb,2021-05-19T14:40:38.230Z,2021-05-19T14:45:00.017Z,602cb70978d3fda29f330606,60a550e175c486f497407797
60a523666e169bdb055522c1,test,608f85f2b8ad4a523c6b1eeb,2021-05-19T14:40:38.230Z,2021-05-19T14:45:00.017Z,602cb70978d3fda29f330606,60a552e375c486f4974077ba
60a523666e169bdb055522c1,test,608f85f2b8ad4a523c6b1eeb,2021-05-19T14:40:38.230Z,2021-05-19T14:45:00.017Z,602cb70978d3fda29f330606,60a78f9f143a6e9e59386635
60a523666e169bdb055522c1,test,608f85f2b8ad4a523c6b1eeb,2021-05-19T14:40:38.230Z,2021-05-19T14:45:00.017Z,602cb70978d3fda29f330606,60a7fe01b2cbc9c8cd34c1b9
60a523666e169bdb055522c1,test,608f85f2b8ad4a523c6b1eeb,2021-05-19T14:40:38.230Z,2021-05-19T14:45:00.017Z,602cb70978d3fda29f330606,60a88801b2cbc9c8cd34c236
60a523666e169bdb055522c1,test,608f85f2b8ad4a523c6b1eeb,2021-05-19T14:40:38.230Z,2021-05-19T14:45:00.017Z,602cb70978d3fda29f330606,60a8a140b2cbc9c8cd34c272
60a523666e169bdb055522c1,test,608f85f2b8ad4a523c6b1eeb,2021-05-19T14:40:38.230Z,2021-05-19T14:45:00.017Z,602cb70978d3fda29f330606,60a94a04825398365952a382
60a523666e169bdb055522c1,test,608f85f2b8ad4a523c6b1eeb,2021-05-19T14:40:38.230Z,2021-05-19T14:45:00.017Z,602cb70978d3fda29f330606,60a95492a7869e3ecaa05557
60a523666e169bdb055522c1,test,608f85f2b8ad4a523c6b1eeb,2021-05-19T14:40:38.230Z,2021-05-19T14:45:00.017Z,602cb70978d3fda29f330606,60a9e4cfa7869e3ecaa0559f
60a523666e169bdb055522c1,test,608f85f2b8ad4a523c6b1eeb,2021-05-19T14:40:38.230Z,2021-05-19T14:45:00.017Z,602cb70978d3fda29f330606,60abd459508606e884b37679
60a524226e169bdb055522ca,test,608f85f2b8ad4a523c6b1eeb,2021-05-19T14:43:46.767Z,2021-05-19T14:45:00.017Z,602cb70978d3fda29f330606,60a550e175c486f497407796
60a524226e169bdb055522ca,test,608f85f2b8ad4a523c6b1eeb,2021-05-19T14:43:46.767Z,2021-05-19T14:45:00.017Z,602cb70978d3fda29f330606,60a552df75c486f4974077b9
60a524226e169bdb055522ca,test,608f85f2b8ad4a523c6b1eeb,2021-05-19T14:43:46.767Z,2021-05-19T14:45:00.017Z,602cb70978d3fda29f330606,60a78f9f143a6e9e59386634
60a524226e169bdb055522ca,test,608f85f2b8ad4a523c6b1eeb,2021-05-19T14:43:46.767Z,2021-05-19T14:45:00.017Z,602cb70978d3fda29f330606,60a7fe00b2cbc9c8cd34c1b7
60a524226e169bdb055522ca,test,608f85f2b8ad4a523c6b1eeb,2021-05-19T14:43:46.767Z,2021-05-19T14:45:00.017Z,602cb70978d3fda29f330606,60a88801b2cbc9c8cd34c238
60a524226e169bdb055522ca,test,608f85f2b8ad4a523c6b1eeb,2021-05-19T14:43:46.767Z,2021-05-19T14:45:00.017Z,602cb70978d3fda29f330606,60a89210b2cbc9c8cd34c253
60a524226e169bdb055522ca,test,608f85f2b8ad4a523c6b1eeb,2021-05-19T14:43:46.767Z,2021-05-19T14:45:00.017Z,602cb70978d3fda29f330606,60a8a0c0b2cbc9c8cd34c26d
60a524226e169bdb055522ca,test,608f85f2b8ad4a523c6b1eeb,2021-05-19T14:43:46.767Z,2021-05-19T14:45:00.017Z,602cb70978d3fda29f330606,60a949ee825398365952a37f
60a524226e169bdb055522ca,test,608f85f2b8ad4a523c6b1eeb,2021-05-19T14:43:46.767Z,2021-05-19T14:45:00.017Z,602cb70978d3fda29f330606,60a94e41825398365952a3b1
60a524226e169bdb055522ca,test,608f85f2b8ad4a523c6b1eeb,2021-05-19T14:43:46.767Z,2021-05-19T14:45:00.017Z,602cb70978d3fda29f330606,60a9544da7869e3ecaa05554
60a524226e169bdb055522ca,test,608f85f2b8ad4a523c6b1eeb,2021-05-19T14:43:46.767Z,2021-05-19T14:45:00.017Z,602cb70978d3fda29f330606,60a9e4cfa7869e3ecaa0559e
60a524226e169bdb055522ca,test,608f85f2b8ad4a523c6b1eeb,2021-05-19T14:43:46.767Z,2021-05-19T14:45:00.017Z,602cb70978d3fda29f330606,60abd456508606e884b37678
60a524686e169bdb055522d1,test,608f85f2b8ad4a523c6b1eeb,2021-05-19T14:44:56.190Z,2021-05-19T14:50:00.011Z,602cb70978d3fda29f330606,60a550e175c486f497407795
60a524686e169bdb055522d1,test,608f85f2b8ad4a523c6b1eeb,2021-05-19T14:44:56.190Z,2021-05-19T14:50:00.011Z,602cb70978d3fda29f330606,60a552b375c486f4974077b6
60a524686e169bdb055522d1,test,608f85f2b8ad4a523c6b1eeb,2021-05-19T14:44:56.190Z,2021-05-19T14:50:00.011Z,602cb70978d3fda29f330606,60a5f7cb4b028f234dbc3d38
60a524686e169bdb055522d1,test,608f85f2b8ad4a523c6b1eeb,2021-05-19T14:44:56.190Z,2021-05-19T14:50:00.011Z,602cb70978d3fda29f330606,60a89210b2cbc9c8cd34c251
60a524686e169bdb055522d1,test,608f85f2b8ad4a523c6b1eeb,2021-05-19T14:44:56.190Z,2021-05-19T14:50:00.011Z,602cb70978d3fda29f330606,60a8a0c0b2cbc9c8cd34c26c
60a524686e169bdb055522d1,test,608f85f2b8ad4a523c6b1eeb,2021-05-19T14:44:56.190Z,2021-05-19T14:50:00.011Z,602cb70978d3fda29f330606,60a9e4cfa7869e3ecaa055a0
60a524686e169bdb055522d1,test,608f85f2b8ad4a523c6b1eeb,2021-05-19T14:44:56.190Z,2021-05-19T14:50:00.011Z,602cb70978d3fda29f330606,60abd448508606e884b37677
60a524686e169bdb055522d1,test,608f85f2b8ad4a523c6b1eeb,2021-05-19T14:44:56.190Z,2021-05-19T14:50:00.011Z,602cb70978d3fda29f330606,60acca584e83de0e832e8bb2
60a52587c51bcddeec79523e,hp laptop,605dd8c826e482412f150f3e,2021-05-19T14:49:43.441Z,2021-05-19T15:00:00.011Z,602cba5378d3fda29f33060c,60a52705c51bcddeec795254
60a52587c51bcddeec79523e,hp laptop,605dd8c826e482412f150f3e,2021-05-19T14:49:43.441Z,2021-05-19T15:00:00.011Z,602cba5378d3fda29f33060c,60a552e975c486f4974077bb
60a52587c51bcddeec79523e,hp laptop,605dd8c826e482412f150f3e,2021-05-19T14:49:43.441Z,2021-05-19T15:00:00.011Z,602cba5378d3fda29f33060c,60a559e375c486f49740782a
60a52587c51bcddeec79523e,hp laptop,605dd8c826e482412f150f3e,2021-05-19T14:49:43.441Z,2021-05-19T15:00:00.011Z,602cba5378d3fda29f33060c,60a5621575c486f497407856
60a52587c51bcddeec79523e,hp laptop,605dd8c826e482412f150f3e,2021-05-19T14:49:43.441Z,2021-05-19T15:00:00.011Z,602cba5378d3fda29f33060c,60a9d605a7869e3ecaa0558b
60a52587c51bcddeec79523e,hp laptop,605dd8c826e482412f150f3e,2021-05-19T14:49:43.441Z,2021-05-19T15:00:00.011Z,602cba5378d3fda29f33060c,60ab2ad430685392a59d7a45
60a53e1ddbb876e704a8527d,seven nine india,60a53deedbb876e704a85279,2021-05-19T16:34:37.751Z,2021-05-19T16:42:57.115Z,602cb70978d3fda29f330606,60a552af75c486f4974077b5
60a53e1ddbb876e704a8527d,seven nine india,60a53deedbb876e704a85279,2021-05-19T16:34:37.751Z,2021-05-19T16:42:57.115Z,602cb70978d3fda29f330606,60a5572575c486f497407805
60a53e1ddbb876e704a8527d,seven nine india,60a53deedbb876e704a85279,2021-05-19T16:34:37.751Z,2021-05-19T16:42:57.115Z,602cb70978d3fda29f330606,60ab2ad430685392a59d7a44
60a53e1ddbb876e704a8527d,seven nine india,60a53deedbb876e704a85279,2021-05-19T16:34:37.751Z,2021-05-19T16:42:57.115Z,602cb70978d3fda29f330606,60abc69f182bdaa87f46e43d
60a53e1ddbb876e704a8527d,seven nine india,60a53deedbb876e704a85279,2021-05-19T16:34:37.751Z,2021-05-19T16:42:57.115Z,602cb70978d3fda29f330606,60acca474e83de0e832e8bb1
60a53e1ddbb876e704a8527d,seven nine india,60a53deedbb876e704a85279,2021-05-19T16:34:37.751Z,2021-05-19T16:42:57.115Z,602cb70978d3fda29f330606,60acecd3026c0b203598cbf1
60a53e1ddbb876e704a8527d,seven nine india,60a53deedbb876e704a85279,2021-05-19T16:34:37.751Z,2021-05-19T16:42:57.115Z,602cb70978d3fda29f330606,60acf3f8026c0b203598cc1d
60a543acdbb876e704a852c1,laptop test,608f85f2b8ad4a523c6b1eeb,2021-05-19T16:58:20.263Z,2021-05-19T16:59:30.758Z,602cb70978d3fda29f330606,60a54f3b75c486f49740776e
60a543acdbb876e704a852c1,laptop test,608f85f2b8ad4a523c6b1eeb,2021-05-19T16:58:20.263Z,2021-05-19T16:59:30.758Z,602cb70978d3fda29f330606,60a550e175c486f497407794
60a543acdbb876e704a852c1,laptop test,608f85f2b8ad4a523c6b1eeb,2021-05-19T16:58:20.263Z,2021-05-19T16:59:30.758Z,602cb70978d3fda29f330606,60a552af75c486f4974077b3
60a543acdbb876e704a852c1,laptop test,608f85f2b8ad4a523c6b1eeb,2021-05-19T16:58:20.263Z,2021-05-19T16:59:30.758Z,602cb70978d3fda29f330606,60a5572575c486f497407807
60a543acdbb876e704a852c1,laptop test,608f85f2b8ad4a523c6b1eeb,2021-05-19T16:58:20.263Z,2021-05-19T16:59:30.758Z,602cb70978d3fda29f330606,60a5593675c486f497407821
60a543acdbb876e704a852c1,laptop test,608f85f2b8ad4a523c6b1eeb,2021-05-19T16:58:20.263Z,2021-05-19T16:59:30.758Z,602cb70978d3fda29f330606,60acecd3026c0b203598cbf2
60a543acdbb876e704a852c1,laptop test,608f85f2b8ad4a523c6b1eeb,2021-05-19T16:58:20.263Z,2021-05-19T16:59:30.758Z,602cb70978d3fda29f330606,60acf3f8026c0b203598cc1c
60a543acdbb876e704a852c1,laptop test,608f85f2b8ad4a523c6b1eeb,2021-05-19T16:58:20.263Z,2021-05-19T16:59:30.758Z,602cb70978d3fda29f330606,60aea68dc3684b9a2e8234d0
60a548a875c486f497407734,black screen,60a539a1dbb876e704a85255,2021-05-19T17:19:36.496Z,2021-05-19T17:20:28.890Z,602cb70978d3fda29f330606,60a54f3b75c486f49740776c
60a548a875c486f497407734,black screen,60a539a1dbb876e704a85255,2021-05-19T17:19:36.496Z,2021-05-19T17:20:28.890Z,602cb70978d3fda29f330606,60a552af75c486f4974077b4
60a548a875c486f497407734,black screen,60a539a1dbb876e704a85255,2021-05-19T17:19:36.496Z,2021-05-19T17:20:28.890Z,602cb70978d3fda29f330606,60a5572575c486f497407806
60a548a875c486f497407734,black screen,60a539a1dbb876e704a85255,2021-05-19T17:19:36.496Z,2021-05-19T17:20:28.890Z,602cb70978d3fda29f330606,60a5593675c486f49740781f
60a548a875c486f497407734,black screen,60a539a1dbb876e704a85255,2021-05-19T17:19:36.496Z,2021-05-19T17:20:28.890Z,602cb70978d3fda29f330606,60ae1d56e142e06955ff4dd5
60a548a875c486f497407734,black screen,60a539a1dbb876e704a85255,2021-05-19T17:19:36.496Z,2021-05-19T17:20:28.890Z,602cb70978d3fda29f330606,60aea688c3684b9a2e8234cf
60a54eaf75c486f49740775c,sony headphones ,609adf6495cabe26d0e26fdb,2021-05-19T17:45:19.253Z,2021-05-19T17:47:06.757Z,602cba5378d3fda29f33060c,60a54f3b75c486f49740776d
60a54eaf75c486f49740775c,sony headphones ,609adf6495cabe26d0e26fdb,2021-05-19T17:45:19.253Z,2021-05-19T17:47:06.757Z,602cba5378d3fda29f33060c,60a5523275c486f4974077b2
60a54eaf75c486f49740775c,sony headphones ,609adf6495cabe26d0e26fdb,2021-05-19T17:45:19.253Z,2021-05-19T17:47:06.757Z,602cba5378d3fda29f33060c,60a552e975c486f4974077bc
60a54eaf75c486f49740775c,sony headphones ,609adf6495cabe26d0e26fdb,2021-05-19T17:45:19.253Z,2021-05-19T17:47:06.757Z,602cba5378d3fda29f33060c,60a553f475c486f4974077da
60a54eaf75c486f49740775c,sony headphones ,609adf6495cabe26d0e26fdb,2021-05-19T17:45:19.253Z,2021-05-19T17:47:06.757Z,602cba5378d3fda29f33060c,60a55e9775c486f497407843
60a54eaf75c486f49740775c,sony headphones ,609adf6495cabe26d0e26fdb,2021-05-19T17:45:19.253Z,2021-05-19T17:47:06.757Z,602cba5378d3fda29f33060c,60a7fe00b2cbc9c8cd34c1b8
60a54eaf75c486f49740775c,sony headphones ,609adf6495cabe26d0e26fdb,2021-05-19T17:45:19.253Z,2021-05-19T17:47:06.757Z,602cba5378d3fda29f33060c,60a88801b2cbc9c8cd34c237
60a54eaf75c486f49740775c,sony headphones ,609adf6495cabe26d0e26fdb,2021-05-19T17:45:19.253Z,2021-05-19T17:47:06.757Z,602cba5378d3fda29f33060c,60adf931e142e06955ff4dce
60a54ec275c486f49740775d,name this video,5fdf6bbcfe08e8c0191a7805,2021-05-19T17:45:38.546Z,2021-05-19T17:50:00.010Z,602cbb5778d3fda29f330619,60a550b675c486f497407792
60a54ec275c486f49740775d,name this video,5fdf6bbcfe08e8c0191a7805,2021-05-19T17:45:38.546Z,2021-05-19T17:50:00.010Z,602cbb5778d3fda29f330619,60a5523275c486f4974077b0
60a54ec275c486f49740775d,name this video,5fdf6bbcfe08e8c0191a7805,2021-05-19T17:45:38.546Z,2021-05-19T17:50:00.010Z,602cbb5778d3fda29f330619,60a553f375c486f4974077d8
60a54ec275c486f49740775d,name this video,5fdf6bbcfe08e8c0191a7805,2021-05-19T17:45:38.546Z,2021-05-19T17:50:00.010Z,602cbb5778d3fda29f330619,60a5542275c486f4974077de
60a54ec275c486f49740775d,name this video,5fdf6bbcfe08e8c0191a7805,2021-05-19T17:45:38.546Z,2021-05-19T17:50:00.010Z,602cbb5778d3fda29f330619,60a74394930ebf5a68f9ccfb
60a54ec275c486f49740775d,name this video,5fdf6bbcfe08e8c0191a7805,2021-05-19T17:45:38.546Z,2021-05-19T17:50:00.010Z,602cbb5778d3fda29f330619,60a7fd18b2cbc9c8cd34c1a7
60a54ec275c486f49740775d,name this video,5fdf6bbcfe08e8c0191a7805,2021-05-19T17:45:38.546Z,2021-05-19T17:50:00.010Z,602cbb5778d3fda29f330619,60a886c8b2cbc9c8cd34c206
60a54ec275c486f49740775d,name this video,5fdf6bbcfe08e8c0191a7805,2021-05-19T17:45:38.546Z,2021-05-19T17:50:00.010Z,602cbb5778d3fda29f330619,60a89210b2cbc9c8cd34c252
60a54ec275c486f49740775d,name this video,5fdf6bbcfe08e8c0191a7805,2021-05-19T17:45:38.546Z,2021-05-19T17:50:00.010Z,602cbb5778d3fda29f330619,60a89e56b2cbc9c8cd34c269
60a54ec275c486f49740775d,name this video,5fdf6bbcfe08e8c0191a7805,2021-05-19T17:45:38.546Z,2021-05-19T17:50:00.010Z,602cbb5778d3fda29f330619,60a8a0bfb2cbc9c8cd34c26b
60a54ec275c486f49740775d,name this video,5fdf6bbcfe08e8c0191a7805,2021-05-19T17:45:38.546Z,2021-05-19T17:50:00.010Z,602cbb5778d3fda29f330619,60a8a4bcb2cbc9c8cd34c286
60a54ec275c486f49740775d,name this video,5fdf6bbcfe08e8c0191a7805,2021-05-19T17:45:38.546Z,2021-05-19T17:50:00.010Z,602cbb5778d3fda29f330619,60a8b357b2cbc9c8cd34c2ea
60a54ec275c486f49740775d,name this video,5fdf6bbcfe08e8c0191a7805,2021-05-19T17:45:38.546Z,2021-05-19T17:50:00.010Z,602cbb5778d3fda29f330619,60a949ef825398365952a380
60a54ec275c486f49740775d,name this video,5fdf6bbcfe08e8c0191a7805,2021-05-19T17:45:38.546Z,2021-05-19T17:50:00.010Z,602cbb5778d3fda29f330619,60a94e41825398365952a3b3
60a5507475c486f497407789,long video test,609adf6495cabe26d0e26fdb,2021-05-19T17:52:52.280Z,2021-05-19T17:53:43.657Z,602cbab678d3fda29f330611,60a550b675c486f497407791
60a5507475c486f497407789,long video test,609adf6495cabe26d0e26fdb,2021-05-19T17:52:52.280Z,2021-05-19T17:53:43.657Z,602cbab678d3fda29f330611,60a5523275c486f4974077b1
60a5507475c486f497407789,long video test,609adf6495cabe26d0e26fdb,2021-05-19T17:52:52.280Z,2021-05-19T17:53:43.657Z,602cbab678d3fda29f330611,60a553f375c486f4974077d9
60a5507475c486f497407789,long video test,609adf6495cabe26d0e26fdb,2021-05-19T17:52:52.280Z,2021-05-19T17:53:43.657Z,602cbab678d3fda29f330611,60a5542275c486f4974077e0
60a5507475c486f497407789,long video test,609adf6495cabe26d0e26fdb,2021-05-19T17:52:52.280Z,2021-05-19T17:53:43.657Z,602cbab678d3fda29f330611,60a7f889b2cbc9c8cd34c181
60a5507475c486f497407789,long video test,609adf6495cabe26d0e26fdb,2021-05-19T17:52:52.280Z,2021-05-19T17:53:43.657Z,602cbab678d3fda29f330611,60accf6f4e83de0e832e8bb9
60a5507a75c486f49740778a,celling fan,606df0ff039366aed09ab908,2021-05-19T17:52:58.469Z,2021-05-19T18:00:00.007Z,602cba6178d3fda29f33060d,60a5542275c486f4974077df
60a5507a75c486f49740778a,celling fan,606df0ff039366aed09ab908,2021-05-19T17:52:58.469Z,2021-05-19T18:00:00.007Z,602cba6178d3fda29f33060d,60a554d175c486f4974077e3
60a5507a75c486f49740778a,celling fan,606df0ff039366aed09ab908,2021-05-19T17:52:58.469Z,2021-05-19T18:00:00.007Z,602cba6178d3fda29f33060d,60a5621475c486f497407855
60a5507a75c486f49740778a,celling fan,606df0ff039366aed09ab908,2021-05-19T17:52:58.469Z,2021-05-19T18:00:00.007Z,602cba6178d3fda29f33060d,60a5ee644b028f234dbc3d25
60a553a775c486f4974077d3,slack app,605dd8c826e482412f150f3e,2021-05-19T18:06:31.864Z,2021-05-19T18:10:00.007Z,602cbaca78d3fda29f330612,60a554d175c486f4974077e4
60a553a775c486f4974077d3,slack app,605dd8c826e482412f150f3e,2021-05-19T18:06:31.864Z,2021-05-19T18:10:00.007Z,602cbaca78d3fda29f330612,60a559e375c486f497407829
60a553a775c486f4974077d3,slack app,605dd8c826e482412f150f3e,2021-05-19T18:06:31.864Z,2021-05-19T18:10:00.007Z,602cbaca78d3fda29f330612,60a5621475c486f497407854
60a553a775c486f4974077d3,slack app,605dd8c826e482412f150f3e,2021-05-19T18:06:31.864Z,2021-05-19T18:10:00.007Z,602cbaca78d3fda29f330612,60a627407869a53bfae5a887
60a553a775c486f4974077d3,slack app,605dd8c826e482412f150f3e,2021-05-19T18:06:31.864Z,2021-05-19T18:10:00.007Z,602cbaca78d3fda29f330612,60a76f71eafe61978de6dd02
60a553a775c486f4974077d3,slack app,605dd8c826e482412f150f3e,2021-05-19T18:06:31.864Z,2021-05-19T18:10:00.007Z,602cbaca78d3fda29f330612,60a7f880b2cbc9c8cd34c17d
60a5579375c486f497407810,new build test,608f85f2b8ad4a523c6b1eeb,2021-05-19T18:23:15.982Z,2021-05-19T18:25:00.009Z,602cb70978d3fda29f330606,60a5593675c486f497407820
60a5579375c486f497407810,new build test,608f85f2b8ad4a523c6b1eeb,2021-05-19T18:23:15.982Z,2021-05-19T18:25:00.009Z,602cb70978d3fda29f330606,60a5db7675c486f49740785f
60a5579375c486f497407810,new build test,608f85f2b8ad4a523c6b1eeb,2021-05-19T18:23:15.982Z,2021-05-19T18:25:00.009Z,602cb70978d3fda29f330606,60a5f7ca4b028f234dbc3d37
60a5579375c486f497407810,new build test,608f85f2b8ad4a523c6b1eeb,2021-05-19T18:23:15.982Z,2021-05-19T18:25:00.009Z,602cb70978d3fda29f330606,60a625ae7869a53bfae5a880
60a5579375c486f497407810,new build test,608f85f2b8ad4a523c6b1eeb,2021-05-19T18:23:15.982Z,2021-05-19T18:25:00.009Z,602cb70978d3fda29f330606,60aea685c3684b9a2e8234ce
60a55a1475c486f49740782c,hp,605dd5b126e482412f150f3a,2021-05-19T18:33:56.241Z,2021-05-19T18:40:00.011Z,602cba5378d3fda29f33060c,60a55e9775c486f497407845
60a55a1475c486f49740782c,hp,605dd5b126e482412f150f3a,2021-05-19T18:33:56.241Z,2021-05-19T18:40:00.011Z,602cba5378d3fda29f33060c,60a561fe75c486f497407852
60a55a1475c486f49740782c,hp,605dd5b126e482412f150f3a,2021-05-19T18:33:56.241Z,2021-05-19T18:40:00.011Z,602cba5378d3fda29f33060c,60a5e21275c486f497407874
60a55a1475c486f49740782c,hp,605dd5b126e482412f150f3a,2021-05-19T18:33:56.241Z,2021-05-19T18:40:00.011Z,602cba5378d3fda29f33060c,60a63e8874768844a27877c8
60a55a1475c486f49740782c,hp,605dd5b126e482412f150f3a,2021-05-19T18:33:56.241Z,2021-05-19T18:40:00.011Z,602cba5378d3fda29f33060c,60a6a18d930ebf5a68f9cca9
60a55a1475c486f49740782c,hp,605dd5b126e482412f150f3a,2021-05-19T18:33:56.241Z,2021-05-19T18:40:00.011Z,602cba5378d3fda29f33060c,60a7f877b2cbc9c8cd34c17a
60a55a1475c486f49740782c,hp,605dd5b126e482412f150f3a,2021-05-19T18:33:56.241Z,2021-05-19T18:40:00.011Z,602cba5378d3fda29f33060c,60a9d5c9a7869e3ecaa0558a
60a55c2f75c486f497407839,jackeyled tower outlet,609adf6495cabe26d0e26fdb,2021-05-19T18:42:55.652Z,2021-05-19T18:50:00.013Z,602cba5378d3fda29f33060c,60a55e9775c486f497407844
60a55c2f75c486f497407839,jackeyled tower outlet,609adf6495cabe26d0e26fdb,2021-05-19T18:42:55.652Z,2021-05-19T18:50:00.013Z,602cba5378d3fda29f33060c,60a561fe75c486f497407850
60a55c2f75c486f497407839,jackeyled tower outlet,609adf6495cabe26d0e26fdb,2021-05-19T18:42:55.652Z,2021-05-19T18:50:00.013Z,602cba5378d3fda29f33060c,60a5e21275c486f497407876
60a55c2f75c486f497407839,jackeyled tower outlet,609adf6495cabe26d0e26fdb,2021-05-19T18:42:55.652Z,2021-05-19T18:50:00.013Z,602cba5378d3fda29f33060c,60a5f81a4b028f234dbc3d3e
60a55c2f75c486f497407839,jackeyled tower outlet,609adf6495cabe26d0e26fdb,2021-05-19T18:42:55.652Z,2021-05-19T18:50:00.013Z,602cba5378d3fda29f33060c,60a63e7174768844a27877c7
60a55c2f75c486f497407839,jackeyled tower outlet,609adf6495cabe26d0e26fdb,2021-05-19T18:42:55.652Z,2021-05-19T18:50:00.013Z,602cba5378d3fda29f33060c,60a7f877b2cbc9c8cd34c179
60a55c2f75c486f497407839,jackeyled tower outlet,609adf6495cabe26d0e26fdb,2021-05-19T18:42:55.652Z,2021-05-19T18:50:00.013Z,602cba5378d3fda29f33060c,60a8b5fdb2cbc9c8cd34c2fe
60a55c2f75c486f497407839,jackeyled tower outlet,609adf6495cabe26d0e26fdb,2021-05-19T18:42:55.652Z,2021-05-19T18:50:00.013Z,602cba5378d3fda29f33060c,60a958d1a7869e3ecaa05575
60a55c2f75c486f497407839,jackeyled tower outlet,609adf6495cabe26d0e26fdb,2021-05-19T18:42:55.652Z,2021-05-19T18:50:00.013Z,602cba5378d3fda29f33060c,60aea6bfc3684b9a2e8234d5
60a55c2f75c486f497407839,jackeyled tower outlet,609adf6495cabe26d0e26fdb,2021-05-19T18:42:55.652Z,2021-05-19T18:50:00.013Z,602cba5378d3fda29f33060c,60b20713948d723fd58d17ee
60a5616075c486f49740784a,test lap,609adf6495cabe26d0e26fdb,2021-05-19T19:05:04.166Z,2021-05-19T19:06:51.841Z,602cbab678d3fda29f330611,60a561fe75c486f497407851
60a5616075c486f49740784a,test lap,609adf6495cabe26d0e26fdb,2021-05-19T19:05:04.166Z,2021-05-19T19:06:51.841Z,602cbab678d3fda29f330611,60a5e21275c486f497407875
60a5616075c486f49740784a,test lap,609adf6495cabe26d0e26fdb,2021-05-19T19:05:04.166Z,2021-05-19T19:06:51.841Z,602cbab678d3fda29f330611,60a5f81a4b028f234dbc3d3d
60a5616075c486f49740784a,test lap,609adf6495cabe26d0e26fdb,2021-05-19T19:05:04.166Z,2021-05-19T19:06:51.841Z,602cbab678d3fda29f330611,60a63e6774768844a27877c6
60a5616075c486f49740784a,test lap,609adf6495cabe26d0e26fdb,2021-05-19T19:05:04.166Z,2021-05-19T19:06:51.841Z,602cbab678d3fda29f330611,60a7f889b2cbc9c8cd34c182
60a5616075c486f49740784a,test lap,609adf6495cabe26d0e26fdb,2021-05-19T19:05:04.166Z,2021-05-19T19:06:51.841Z,602cbab678d3fda29f330611,60a8b5fdb2cbc9c8cd34c2fd
60a5616075c486f49740784a,test lap,609adf6495cabe26d0e26fdb,2021-05-19T19:05:04.166Z,2021-05-19T19:06:51.841Z,602cbab678d3fda29f330611,60a9d69aa7869e3ecaa0558f
60a5616075c486f49740784a,test lap,609adf6495cabe26d0e26fdb,2021-05-19T19:05:04.166Z,2021-05-19T19:06:51.841Z,602cbab678d3fda29f330611,60aea6bcc3684b9a2e8234d4
60a5ef4a4b028f234dbc3d26,long video,5fdf6bbcfe08e8c0191a7805,2021-05-20T05:10:34.231Z,2021-05-20T05:15:00.015Z,602cb70978d3fda29f330606,60a5f2174b028f234dbc3d30
60a5ef4a4b028f234dbc3d26,long video,5fdf6bbcfe08e8c0191a7805,2021-05-20T05:10:34.231Z,2021-05-20T05:15:00.015Z,602cb70978d3fda29f330606,60a625ad7869a53bfae5a87f
60a5ef4a4b028f234dbc3d26,long video,5fdf6bbcfe08e8c0191a7805,2021-05-20T05:10:34.231Z,2021-05-20T05:15:00.015Z,602cb70978d3fda29f330606,60a6271c7869a53bfae5a886
60a5ef4a4b028f234dbc3d26,long video,5fdf6bbcfe08e8c0191a7805,2021-05-20T05:10:34.231Z,2021-05-20T05:15:00.015Z,602cb70978d3fda29f330606,60a7fe8eb2cbc9c8cd34c1c5
60a5ef4a4b028f234dbc3d26,long video,5fdf6bbcfe08e8c0191a7805,2021-05-20T05:10:34.231Z,2021-05-20T05:15:00.015Z,602cb70978d3fda29f330606,60a886c8b2cbc9c8cd34c207
60a5ef4a4b028f234dbc3d26,long video,5fdf6bbcfe08e8c0191a7805,2021-05-20T05:10:34.231Z,2021-05-20T05:15:00.015Z,602cb70978d3fda29f330606,60a8b5fdb2cbc9c8cd34c2fc
60a5ef4a4b028f234dbc3d26,long video,5fdf6bbcfe08e8c0191a7805,2021-05-20T05:10:34.231Z,2021-05-20T05:15:00.015Z,602cb70978d3fda29f330606,60aea681c3684b9a2e8234cd
60a608c04b028f234dbc3d50,test image upload,606df0ff039366aed09ab908,2021-05-20T06:59:12.301Z,2021-05-20T07:05:00.011Z,602cba3778d3fda29f33060b,60a6271c7869a53bfae5a885
60a608c04b028f234dbc3d50,test image upload,606df0ff039366aed09ab908,2021-05-20T06:59:12.301Z,2021-05-20T07:05:00.011Z,602cba3778d3fda29f33060b,60a63e5f74768844a27877c5
60a608c04b028f234dbc3d50,test image upload,606df0ff039366aed09ab908,2021-05-20T06:59:12.301Z,2021-05-20T07:05:00.011Z,602cba3778d3fda29f33060b,60a66603930ebf5a68f9cc6e
60a608c04b028f234dbc3d50,test image upload,606df0ff039366aed09ab908,2021-05-20T06:59:12.301Z,2021-05-20T07:05:00.011Z,602cba3778d3fda29f33060b,60a7fe8db2cbc9c8cd34c1c4
60a608c04b028f234dbc3d50,test image upload,606df0ff039366aed09ab908,2021-05-20T06:59:12.301Z,2021-05-20T07:05:00.011Z,602cba3778d3fda29f33060b,60aea6bcc3684b9a2e8234d3
60a636b47869a53bfae5a8a5,laptop display,608f85f2b8ad4a523c6b1eeb,2021-05-20T10:15:16.639Z,2021-05-20T10:20:00.012Z,602cb70978d3fda29f330606,60a6383774768844a27877b8
60a636b47869a53bfae5a8a5,laptop display,608f85f2b8ad4a523c6b1eeb,2021-05-20T10:15:16.639Z,2021-05-20T10:20:00.012Z,602cb70978d3fda29f330606,60a63e5f74768844a27877c4
60a636b47869a53bfae5a8a5,laptop display,608f85f2b8ad4a523c6b1eeb,2021-05-20T10:15:16.639Z,2021-05-20T10:20:00.012Z,602cb70978d3fda29f330606,60a664d9930ebf5a68f9cc69
60a636b47869a53bfae5a8a5,laptop display,608f85f2b8ad4a523c6b1eeb,2021-05-20T10:15:16.639Z,2021-05-20T10:20:00.012Z,602cb70978d3fda29f330606,60a69356930ebf5a68f9cc9d
60a636b47869a53bfae5a8a5,laptop display,608f85f2b8ad4a523c6b1eeb,2021-05-20T10:15:16.639Z,2021-05-20T10:20:00.012Z,602cb70978d3fda29f330606,60a7f885b2cbc9c8cd34c17e
60a636b47869a53bfae5a8a5,laptop display,608f85f2b8ad4a523c6b1eeb,2021-05-20T10:15:16.639Z,2021-05-20T10:20:00.012Z,602cb70978d3fda29f330606,60a8b45bb2cbc9c8cd34c2f0
60a636b47869a53bfae5a8a5,laptop display,608f85f2b8ad4a523c6b1eeb,2021-05-20T10:15:16.639Z,2021-05-20T10:20:00.012Z,602cb70978d3fda29f330606,60aea67ec3684b9a2e8234ca
60a6474074768844a27877de,black video,608f85f2b8ad4a523c6b1eeb,2021-05-20T11:25:52.279Z,2021-05-21T13:36:34.553Z,602cb70978d3fda29f330606,60a7b78a33c9b5b62a43efff
60a6474074768844a27877de,black video,608f85f2b8ad4a523c6b1eeb,2021-05-20T11:25:52.279Z,2021-05-21T13:36:34.553Z,602cb70978d3fda29f330606,60a7d3c1e6dff6c14fd3f07f
60a6474074768844a27877de,black video,608f85f2b8ad4a523c6b1eeb,2021-05-20T11:25:52.279Z,2021-05-21T13:36:34.553Z,602cb70978d3fda29f330606,60a7f885b2cbc9c8cd34c180
60a6474074768844a27877de,black video,608f85f2b8ad4a523c6b1eeb,2021-05-20T11:25:52.279Z,2021-05-21T13:36:34.553Z,602cb70978d3fda29f330606,60a88430b2cbc9c8cd34c1f3
60a6474074768844a27877de,black video,608f85f2b8ad4a523c6b1eeb,2021-05-20T11:25:52.279Z,2021-05-21T13:36:34.553Z,602cb70978d3fda29f330606,60a89e07b2cbc9c8cd34c268
60a6474074768844a27877de,black video,608f85f2b8ad4a523c6b1eeb,2021-05-20T11:25:52.279Z,2021-05-21T13:36:34.553Z,602cb70978d3fda29f330606,60a8a6c7b2cbc9c8cd34c294
60a6474074768844a27877de,black video,608f85f2b8ad4a523c6b1eeb,2021-05-20T11:25:52.279Z,2021-05-21T13:36:34.553Z,602cb70978d3fda29f330606,60a8b2b9b2cbc9c8cd34c2e3
60a6474074768844a27877de,black video,608f85f2b8ad4a523c6b1eeb,2021-05-20T11:25:52.279Z,2021-05-21T13:36:34.553Z,602cb70978d3fda29f330606,60a8b45bb2cbc9c8cd34c2f2
60a6474074768844a27877de,black video,608f85f2b8ad4a523c6b1eeb,2021-05-20T11:25:52.279Z,2021-05-21T13:36:34.553Z,602cb70978d3fda29f330606,60ac97c4508606e884b37682
60a6474074768844a27877de,black video,608f85f2b8ad4a523c6b1eeb,2021-05-20T11:25:52.279Z,2021-05-21T13:36:34.553Z,602cb70978d3fda29f330606,60aea67ec3684b9a2e8234cb
60a65d63e4fd3b5606ba1f4b,voltas ac,605dd8c826e482412f150f3e,2021-05-20T13:00:19.993Z,2021-05-20T13:20:00.016Z,602cba5378d3fda29f33060c,60a664d9930ebf5a68f9cc68
60a65d63e4fd3b5606ba1f4b,voltas ac,605dd8c826e482412f150f3e,2021-05-20T13:00:19.993Z,2021-05-20T13:20:00.016Z,602cba5378d3fda29f33060c,60a66603930ebf5a68f9cc6d
60a65d63e4fd3b5606ba1f4b,voltas ac,605dd8c826e482412f150f3e,2021-05-20T13:00:19.993Z,2021-05-20T13:20:00.016Z,602cba5378d3fda29f33060c,60a6a41a930ebf5a68f9ccb7
60a65d63e4fd3b5606ba1f4b,voltas ac,605dd8c826e482412f150f3e,2021-05-20T13:00:19.993Z,2021-05-20T13:20:00.016Z,602cba5378d3fda29f33060c,60a7932b143a6e9e59386639
60a65d63e4fd3b5606ba1f4b,voltas ac,605dd8c826e482412f150f3e,2021-05-20T13:00:19.993Z,2021-05-20T13:20:00.016Z,602cba5378d3fda29f33060c,60a7fdcfb2cbc9c8cd34c1b6
60a65d63e4fd3b5606ba1f4b,voltas ac,605dd8c826e482412f150f3e,2021-05-20T13:00:19.993Z,2021-05-20T13:20:00.016Z,602cba5378d3fda29f33060c,60a88430b2cbc9c8cd34c1f2
60a65d63e4fd3b5606ba1f4b,voltas ac,605dd8c826e482412f150f3e,2021-05-20T13:00:19.993Z,2021-05-20T13:20:00.016Z,602cba5378d3fda29f33060c,60a89e07b2cbc9c8cd34c266
60a65d63e4fd3b5606ba1f4b,voltas ac,605dd8c826e482412f150f3e,2021-05-20T13:00:19.993Z,2021-05-20T13:20:00.016Z,602cba5378d3fda29f33060c,60a8b471b2cbc9c8cd34c2f3
60a65d63e4fd3b5606ba1f4b,voltas ac,605dd8c826e482412f150f3e,2021-05-20T13:00:19.993Z,2021-05-20T13:20:00.016Z,602cba5378d3fda29f33060c,60a92e06c8320d24f25d8810
60a65d63e4fd3b5606ba1f4b,voltas ac,605dd8c826e482412f150f3e,2021-05-20T13:00:19.993Z,2021-05-20T13:20:00.016Z,602cba5378d3fda29f33060c,60a949ef825398365952a381
60a65d63e4fd3b5606ba1f4b,voltas ac,605dd8c826e482412f150f3e,2021-05-20T13:00:19.993Z,2021-05-20T13:20:00.016Z,602cba5378d3fda29f33060c,60a94e41825398365952a3b2
60a65d63e4fd3b5606ba1f4b,voltas ac,605dd8c826e482412f150f3e,2021-05-20T13:00:19.993Z,2021-05-20T13:20:00.016Z,602cba5378d3fda29f33060c,60a9544da7869e3ecaa05555
60a65d63e4fd3b5606ba1f4b,voltas ac,605dd8c826e482412f150f3e,2021-05-20T13:00:19.993Z,2021-05-20T13:20:00.016Z,602cba5378d3fda29f33060c,60ab313730685392a59d7a72
60a65d63e4fd3b5606ba1f4b,voltas ac,605dd8c826e482412f150f3e,2021-05-20T13:00:19.993Z,2021-05-20T13:20:00.016Z,602cba5378d3fda29f33060c,60aea6bcc3684b9a2e8234d2
60a65d63e4fd3b5606ba1f4b,voltas ac,605dd8c826e482412f150f3e,2021-05-20T13:00:19.993Z,2021-05-20T13:20:00.016Z,602cba5378d3fda29f33060c,60b20712948d723fd58d17ec
60a80166b2cbc9c8cd34c1d9, night view testing,60a7f7c2b2cbc9c8cd34c173,2021-05-21T18:52:22.170Z,2021-05-21T19:05:00.010Z,602cba8f78d3fda29f33060f,60a88430b2cbc9c8cd34c1f4
60a80166b2cbc9c8cd34c1d9, night view testing,60a7f7c2b2cbc9c8cd34c173,2021-05-21T18:52:22.170Z,2021-05-21T19:05:00.010Z,602cba8f78d3fda29f33060f,60a89e67b2cbc9c8cd34c26a
60a80166b2cbc9c8cd34c1d9, night view testing,60a7f7c2b2cbc9c8cd34c173,2021-05-21T18:52:22.170Z,2021-05-21T19:05:00.010Z,602cba8f78d3fda29f33060f,60a8a4f3b2cbc9c8cd34c289
60a80166b2cbc9c8cd34c1d9, night view testing,60a7f7c2b2cbc9c8cd34c173,2021-05-21T18:52:22.170Z,2021-05-21T19:05:00.010Z,602cba8f78d3fda29f33060f,60a8ad2fb2cbc9c8cd34c29e
60a80166b2cbc9c8cd34c1d9, night view testing,60a7f7c2b2cbc9c8cd34c173,2021-05-21T18:52:22.170Z,2021-05-21T19:05:00.010Z,602cba8f78d3fda29f33060f,60a8b342b2cbc9c8cd34c2e9
60a80166b2cbc9c8cd34c1d9, night view testing,60a7f7c2b2cbc9c8cd34c173,2021-05-21T18:52:22.170Z,2021-05-21T19:05:00.010Z,602cba8f78d3fda29f33060f,60a8c701b2cbc9c8cd34c309
60a80166b2cbc9c8cd34c1d9, night view testing,60a7f7c2b2cbc9c8cd34c173,2021-05-21T18:52:22.170Z,2021-05-21T19:05:00.010Z,602cba8f78d3fda29f33060f,60a94e0b825398365952a3af
60a80166b2cbc9c8cd34c1d9, night view testing,60a7f7c2b2cbc9c8cd34c173,2021-05-21T18:52:22.170Z,2021-05-21T19:05:00.010Z,602cba8f78d3fda29f33060f,60acecf3026c0b203598cbf3
60a80166b2cbc9c8cd34c1d9, night view testing,60a7f7c2b2cbc9c8cd34c173,2021-05-21T18:52:22.170Z,2021-05-21T19:05:00.010Z,602cba8f78d3fda29f33060f,60acef96026c0b203598cbf7
60a88c00b2cbc9c8cd34c240,good day,6074578e5eb5cea961be80d4,2021-05-22T04:43:44.553Z,2021-05-22T04:55:00.008Z,602cbaa578d3fda29f330610,60a8a6c7b2cbc9c8cd34c293
60a88c00b2cbc9c8cd34c240,good day,6074578e5eb5cea961be80d4,2021-05-22T04:43:44.553Z,2021-05-22T04:55:00.008Z,602cbaa578d3fda29f330610,60a8ad2fb2cbc9c8cd34c29d
60a88c00b2cbc9c8cd34c240,good day,6074578e5eb5cea961be80d4,2021-05-22T04:43:44.553Z,2021-05-22T04:55:00.008Z,602cbaa578d3fda29f330610,60a92734c8320d24f25d8805
60a88c00b2cbc9c8cd34c240,good day,6074578e5eb5cea961be80d4,2021-05-22T04:43:44.553Z,2021-05-22T04:55:00.008Z,602cbaa578d3fda29f330610,60a94e0b825398365952a3ae
60a88c00b2cbc9c8cd34c240,good day,6074578e5eb5cea961be80d4,2021-05-22T04:43:44.553Z,2021-05-22T04:55:00.008Z,602cbaa578d3fda29f330610,60ac97ef508606e884b37685
60a91b9da60a8b1ccc9a3d81,,606df0ff039366aed09ab908,2021-05-22T14:56:29.201Z,2021-05-22T15:00:00.006Z,602cba3778d3fda29f33060b,60a92734c8320d24f25d8804
60a91b9da60a8b1ccc9a3d81,,606df0ff039366aed09ab908,2021-05-22T14:56:29.201Z,2021-05-22T15:00:00.006Z,602cba3778d3fda29f33060b,60a9489c825398365952a37b
60a91b9da60a8b1ccc9a3d81,,606df0ff039366aed09ab908,2021-05-22T14:56:29.201Z,2021-05-22T15:00:00.006Z,602cba3778d3fda29f33060b,60a94e0b825398365952a3ad
60a91b9da60a8b1ccc9a3d81,,606df0ff039366aed09ab908,2021-05-22T14:56:29.201Z,2021-05-22T15:00:00.006Z,602cba3778d3fda29f33060b,60a9e43da7869e3ecaa05597
60a91b9da60a8b1ccc9a3d81,,606df0ff039366aed09ab908,2021-05-22T14:56:29.201Z,2021-05-22T15:00:00.006Z,602cba3778d3fda29f33060b,60ab313730685392a59d7a70
60a91b9da60a8b1ccc9a3d81,,606df0ff039366aed09ab908,2021-05-22T14:56:29.201Z,2021-05-22T15:00:00.006Z,602cba3778d3fda29f33060b,60ab92cf182bdaa87f46e3ef
60a91b9da60a8b1ccc9a3d81,,606df0ff039366aed09ab908,2021-05-22T14:56:29.201Z,2021-05-22T15:00:00.006Z,602cba3778d3fda29f33060b,60abc6a3182bdaa87f46e440
60a91b9da60a8b1ccc9a3d81,,606df0ff039366aed09ab908,2021-05-22T14:56:29.201Z,2021-05-22T15:00:00.006Z,602cba3778d3fda29f33060b,60b4cff06a282b089a34a469
60a95851a7869e3ecaa0556a,testing ,609adf6495cabe26d0e26fdb,2021-05-22T19:15:29.292Z,2021-05-22T19:17:21.079Z,602cbab678d3fda29f330611,60a958d1a7869e3ecaa05574
60a95851a7869e3ecaa0556a,testing ,609adf6495cabe26d0e26fdb,2021-05-22T19:15:29.292Z,2021-05-22T19:17:21.079Z,602cbab678d3fda29f330611,60a9e43da7869e3ecaa05596
60a95851a7869e3ecaa0556a,testing ,609adf6495cabe26d0e26fdb,2021-05-22T19:15:29.292Z,2021-05-22T19:17:21.079Z,602cbab678d3fda29f330611,60ab29d930685392a59d7a3d
60a95851a7869e3ecaa0556a,testing ,609adf6495cabe26d0e26fdb,2021-05-22T19:15:29.292Z,2021-05-22T19:17:21.079Z,602cbab678d3fda29f330611,60ab313730685392a59d7a71
60a95851a7869e3ecaa0556a,testing ,609adf6495cabe26d0e26fdb,2021-05-22T19:15:29.292Z,2021-05-22T19:17:21.079Z,602cbab678d3fda29f330611,60ab75e9182bdaa87f46e398
60a95851a7869e3ecaa0556a,testing ,609adf6495cabe26d0e26fdb,2021-05-22T19:15:29.292Z,2021-05-22T19:17:21.079Z,602cbab678d3fda29f330611,60ab92cf182bdaa87f46e3ee
60a95851a7869e3ecaa0556a,testing ,609adf6495cabe26d0e26fdb,2021-05-22T19:15:29.292Z,2021-05-22T19:17:21.079Z,602cbab678d3fda29f330611,60abc6a2182bdaa87f46e43e
60a95851a7869e3ecaa0556a,testing ,609adf6495cabe26d0e26fdb,2021-05-22T19:15:29.292Z,2021-05-22T19:17:21.079Z,602cbab678d3fda29f330611,60b4cfef6a282b089a34a468
60acca084e83de0e832e8bad,test vvv,609adf6495cabe26d0e26fdb,2021-05-25T09:57:28.318Z,2021-05-25T10:00:00.010Z,602cba5378d3fda29f33060c,60acceb14e83de0e832e8bb8
60acca084e83de0e832e8bad,test vvv,609adf6495cabe26d0e26fdb,2021-05-25T09:57:28.318Z,2021-05-25T10:00:00.010Z,602cba5378d3fda29f33060c,60ace9934e83de0e832e8bd4
60acca084e83de0e832e8bad,test vvv,609adf6495cabe26d0e26fdb,2021-05-25T09:57:28.318Z,2021-05-25T10:00:00.010Z,602cba5378d3fda29f33060c,60acf1e1026c0b203598cc19
60acca084e83de0e832e8bad,test vvv,609adf6495cabe26d0e26fdb,2021-05-25T09:57:28.318Z,2021-05-25T10:00:00.010Z,602cba5378d3fda29f33060c,60add79005d838424776f6f2
60acca084e83de0e832e8bad,test vvv,609adf6495cabe26d0e26fdb,2021-05-25T09:57:28.318Z,2021-05-25T10:00:00.010Z,602cba5378d3fda29f33060c,60b1b754948d723fd58d17d6
60acca084e83de0e832e8bad,test vvv,609adf6495cabe26d0e26fdb,2021-05-25T09:57:28.318Z,2021-05-25T10:00:00.010Z,602cba5378d3fda29f33060c,60b20712948d723fd58d17ed
60aea50cc3684b9a2e8234bc,little tykes cozy coupe,60aea38ec3684b9a2e8234b8,2021-05-26T19:44:12.636Z,2021-05-26T19:50:00.008Z,602cbb7278d3fda29f33061a,60af2d32c3684b9a2e8234da
60aea50cc3684b9a2e8234bc,little tykes cozy coupe,60aea38ec3684b9a2e8234b8,2021-05-26T19:44:12.636Z,2021-05-26T19:50:00.008Z,602cbb7278d3fda29f33061a,60afa89440231fde6d97d721
60aea50cc3684b9a2e8234bc,little tykes cozy coupe,60aea38ec3684b9a2e8234b8,2021-05-26T19:44:12.636Z,2021-05-26T19:50:00.008Z,602cbb7278d3fda29f33061a,60b12476948d723fd58d17cd
60aea50cc3684b9a2e8234bc,little tykes cozy coupe,60aea38ec3684b9a2e8234b8,2021-05-26T19:44:12.636Z,2021-05-26T19:50:00.008Z,602cbb7278d3fda29f33061a,60b20657948d723fd58d17e7
60aea50cc3684b9a2e8234bc,little tykes cozy coupe,60aea38ec3684b9a2e8234b8,2021-05-26T19:44:12.636Z,2021-05-26T19:50:00.008Z,602cbb7278d3fda29f33061a,60b4f9876d33f420c80aceca
60aea61bc3684b9a2e8234c2,chicco liteway,60aea38ec3684b9a2e8234b8,2021-05-26T19:48:43.146Z,2021-05-26T19:50:00.008Z,602cb9e778d3fda29f330608,60af2d32c3684b9a2e8234db
60aea61bc3684b9a2e8234c2,chicco liteway,60aea38ec3684b9a2e8234b8,2021-05-26T19:48:43.146Z,2021-05-26T19:50:00.008Z,602cb9e778d3fda29f330608,60afa89440231fde6d97d720
60aea61bc3684b9a2e8234c2,chicco liteway,60aea38ec3684b9a2e8234b8,2021-05-26T19:48:43.146Z,2021-05-26T19:50:00.008Z,602cb9e778d3fda29f330608,60b12497948d723fd58d17ce
60aea61bc3684b9a2e8234c2,chicco liteway,60aea38ec3684b9a2e8234b8,2021-05-26T19:48:43.146Z,2021-05-26T19:50:00.008Z,602cb9e778d3fda29f330608,60b2096f948d723fd58d17f0
60afc5d981e446f2eaa692bf,trial by aj,60a890efb2cbc9c8cd34c247,2021-05-27T16:16:25.983Z,2021-05-27T16:20:00.010Z,602cb70978d3fda29f330606,60b0dff3152120291c562632
60afc5d981e446f2eaa692bf,trial by aj,60a890efb2cbc9c8cd34c247,2021-05-27T16:16:25.983Z,2021-05-27T16:20:00.010Z,602cb70978d3fda29f330606,60b12476948d723fd58d17cc
60afc5d981e446f2eaa692bf,trial by aj,60a890efb2cbc9c8cd34c247,2021-05-27T16:16:25.983Z,2021-05-27T16:20:00.010Z,602cb70978d3fda29f330606,60b205e8948d723fd58d17e6
60afc5d981e446f2eaa692bf,trial by aj,60a890efb2cbc9c8cd34c247,2021-05-27T16:16:25.983Z,2021-05-27T16:20:00.010Z,602cb70978d3fda29f330606,60b4f9876d33f420c80acec9
60afcf7a81e446f2eaa692c6,check speech and cronjob,60a890efb2cbc9c8cd34c247,2021-05-27T16:57:30.343Z,2021-05-27T17:00:00.011Z,602cb70978d3fda29f330606,60b0dff3152120291c562633
60afcf7a81e446f2eaa692c6,check speech and cronjob,60a890efb2cbc9c8cd34c247,2021-05-27T16:57:30.343Z,2021-05-27T17:00:00.011Z,602cb70978d3fda29f330606,60b12476948d723fd58d17cb
60afcf7a81e446f2eaa692c6,check speech and cronjob,60a890efb2cbc9c8cd34c247,2021-05-27T16:57:30.343Z,2021-05-27T17:00:00.011Z,602cb70978d3fda29f330606,60b205e8948d723fd58d17e5
60afcf7a81e446f2eaa692c6,check speech and cronjob,60a890efb2cbc9c8cd34c247,2021-05-27T16:57:30.343Z,2021-05-27T17:00:00.011Z,602cb70978d3fda29f330606,60b4f9876d33f420c80acec8
